idx,num_steps,num_calcs,question_words,difficulty,answer_magnitude,simcon_correct,simcon_sircl_correct,simcon_transition,codi_correct,codi_sircl_correct,codi_transition,simcon_radius_mean,simcon_sircl_radius_mean,simcon_path_length,simcon_sircl_path_length
0,2,2,52,easy (1-2 steps),small (11-100),True,True,both_correct,True,True,both_correct,13.422775,8.66955,103.01338,60.373077
1,2,2,22,easy (1-2 steps),tiny (≤10),True,True,both_correct,True,True,both_correct,12.301656,6.934974,81.59906,42.252663
2,4,4,35,medium (3-4 steps),large (>1K),False,False,both_wrong,False,False,both_wrong,9.50364,8.532879,70.48055,58.370773
3,2,2,25,easy (1-2 steps),medium (101-1K),True,True,both_correct,True,True,both_correct,12.869544,7.144754,85.68366,43.8188
4,2,2,87,easy (1-2 steps),small (11-100),True,True,both_correct,True,False,regressed,11.642723,7.614806,80.48819,48.492928
5,5,5,41,hard (5-6 steps),small (11-100),False,True,recovered,False,True,recovered,11.98108,8.914507,74.522545,58.579582
6,3,3,32,medium (3-4 steps),medium (101-1K),True,True,both_correct,True,True,both_correct,13.41937,8.488005,101.34491,60.548897
7,4,4,51,medium (3-4 steps),medium (101-1K),False,False,both_wrong,False,False,both_wrong,10.7168045,7.6624107,70.26861,52.096146
8,7,7,82,very hard (7+ steps),small (11-100),False,False,both_wrong,False,False,both_wrong,12.677821,9.409507,84.07715,58.49145
9,5,5,44,hard (5-6 steps),medium (101-1K),True,True,both_correct,False,False,both_wrong,13.26796,9.120826,87.908966,63.161385
10,5,5,51,hard (5-6 steps),medium (101-1K),True,True,both_correct,False,False,both_wrong,12.834404,9.531602,92.25418,67.01357
11,4,4,45,medium (3-4 steps),medium (101-1K),False,True,recovered,False,False,both_wrong,14.123512,10.320762,106.027954,74.464134
12,4,4,53,medium (3-4 steps),small (11-100),False,True,recovered,False,True,recovered,12.696433,7.935256,99.166916,55.33685
13,3,2,46,medium (3-4 steps),small (11-100),True,False,regressed,False,False,both_wrong,11.525596,8.8271,90.32145,59.35577
14,5,4,37,hard (5-6 steps),small (11-100),True,True,both_correct,True,True,both_correct,13.429853,9.561568,107.24898,76.83981
15,3,3,69,medium (3-4 steps),medium (101-1K),False,False,both_wrong,False,False,both_wrong,10.839277,9.508309,80.1412,55.85262
16,4,4,38,medium (3-4 steps),medium (101-1K),False,False,both_wrong,False,True,recovered,9.9482975,8.476277,79.2303,50.867565
17,4,4,41,medium (3-4 steps),large (>1K),False,False,both_wrong,False,True,recovered,14.39562,8.444891,109.96855,56.67475
18,3,3,21,medium (3-4 steps),tiny (≤10),True,True,both_correct,True,True,both_correct,12.392034,6.772487,92.089485,42.90806
19,4,4,51,medium (3-4 steps),tiny (≤10),False,False,both_wrong,False,False,both_wrong,9.905752,7.3743777,71.04932,51.04612
20,4,4,49,medium (3-4 steps),small (11-100),False,False,both_wrong,False,False,both_wrong,12.775251,11.057754,98.02409,85.045006
21,2,2,34,easy (1-2 steps),small (11-100),False,False,both_wrong,False,False,both_wrong,12.057813,7.1230364,77.043304,43.48291
22,3,3,41,medium (3-4 steps),tiny (≤10),True,True,both_correct,True,True,both_correct,11.647248,7.867461,96.74929,52.431866
23,2,2,27,easy (1-2 steps),tiny (≤10),True,True,both_correct,True,True,both_correct,10.374278,7.591996,66.4737,52.20909
24,3,0,26,medium (3-4 steps),small (11-100),False,True,recovered,True,False,regressed,12.743027,7.257586,59.188602,43.495384
25,5,5,46,hard (5-6 steps),tiny (≤10),False,False,both_wrong,True,True,both_correct,14.110521,11.109213,104.953415,81.05633
26,2,1,45,easy (1-2 steps),medium (101-1K),False,False,both_wrong,False,True,recovered,13.568451,10.805949,93.04768,75.67887
27,2,1,41,easy (1-2 steps),small (11-100),True,True,both_correct,True,True,both_correct,12.753296,7.976467,92.912445,50.504276
28,2,2,39,easy (1-2 steps),small (11-100),True,True,both_correct,False,True,recovered,9.505541,6.695868,73.84261,40.706505
29,3,2,60,medium (3-4 steps),medium (101-1K),False,False,both_wrong,False,False,both_wrong,12.909078,8.922412,95.35389,57.399662
30,3,3,24,medium (3-4 steps),medium (101-1K),False,False,both_wrong,False,False,both_wrong,13.923852,8.736632,105.332054,60.59022
31,4,4,49,medium (3-4 steps),small (11-100),False,True,recovered,False,False,both_wrong,13.293628,9.44808,97.334854,61.997982
32,2,2,33,easy (1-2 steps),small (11-100),True,True,both_correct,True,True,both_correct,14.136565,7.800128,92.54832,49.085346
33,6,2,20,hard (5-6 steps),small (11-100),True,True,both_correct,True,True,both_correct,13.825209,8.526755,110.67689,56.14918
34,3,2,28,medium (3-4 steps),small (11-100),True,True,both_correct,True,True,both_correct,12.958386,9.35847,106.452255,64.17481
35,3,3,33,medium (3-4 steps),tiny (≤10),True,True,both_correct,True,True,both_correct,10.232165,7.9291606,79.147736,50.267925
36,3,3,26,medium (3-4 steps),small (11-100),True,True,both_correct,True,True,both_correct,12.181519,7.3842654,94.81018,47.170322
37,4,4,49,medium (3-4 steps),tiny (≤10),False,False,both_wrong,False,False,both_wrong,12.837782,8.986702,90.47819,59.8085
38,5,5,34,hard (5-6 steps),tiny (≤10),False,True,recovered,False,False,both_wrong,9.488099,7.1087174,63.32146,49.8499
39,7,6,65,very hard (7+ steps),small (11-100),False,False,both_wrong,False,False,both_wrong,9.752792,8.470103,70.55582,56.60116
40,2,2,31,easy (1-2 steps),tiny (≤10),True,True,both_correct,True,True,both_correct,11.671892,6.456879,79.33262,42.246357
41,2,2,95,easy (1-2 steps),medium (101-1K),False,True,recovered,True,True,both_correct,11.693593,7.6062493,90.02851,47.755665
42,2,2,65,easy (1-2 steps),small (11-100),True,True,both_correct,True,True,both_correct,14.452987,8.217442,102.494354,48.969555
43,4,2,41,medium (3-4 steps),small (11-100),False,False,both_wrong,False,False,both_wrong,12.069658,8.28097,108.70948,59.968815
44,4,4,48,medium (3-4 steps),small (11-100),False,False,both_wrong,True,True,both_correct,9.438402,6.4728117,67.35314,44.19591
45,5,4,79,hard (5-6 steps),medium (101-1K),False,False,both_wrong,False,False,both_wrong,12.838172,8.648706,87.80818,58.36313
46,4,1,70,medium (3-4 steps),medium (101-1K),False,False,both_wrong,False,False,both_wrong,9.971466,6.429253,81.56643,41.354473
47,6,6,36,hard (5-6 steps),medium (101-1K),False,False,both_wrong,False,False,both_wrong,11.918832,9.675392,70.23039,68.83258
48,2,2,31,easy (1-2 steps),tiny (≤10),True,True,both_correct,True,True,both_correct,13.926997,7.478199,92.15375,46.80126
49,3,3,31,medium (3-4 steps),small (11-100),True,True,both_correct,True,True,both_correct,14.35837,8.925217,108.81725,66.4535
50,3,3,29,medium (3-4 steps),medium (101-1K),True,True,both_correct,True,True,both_correct,11.128949,6.719409,83.84685,41.73989
51,3,3,36,medium (3-4 steps),tiny (≤10),False,False,both_wrong,False,False,both_wrong,10.894567,7.9566526,75.86905,51.155655
52,3,3,45,medium (3-4 steps),small (11-100),True,True,both_correct,True,True,both_correct,11.590403,8.179079,88.6466,58.18156
53,3,3,78,medium (3-4 steps),small (11-100),False,False,both_wrong,True,True,both_correct,12.602881,9.787033,87.96863,81.50714
54,3,3,63,medium (3-4 steps),small (11-100),False,True,recovered,False,True,recovered,12.690284,7.4131455,82.20135,48.243084
55,2,2,29,easy (1-2 steps),small (11-100),True,True,both_correct,True,True,both_correct,15.125798,7.294487,91.37117,43.255356
56,2,2,37,easy (1-2 steps),tiny (≤10),True,True,both_correct,True,True,both_correct,13.824672,8.09173,105.02443,51.659485
57,2,2,60,easy (1-2 steps),small (11-100),False,False,both_wrong,False,False,both_wrong,9.726172,8.20819,68.975945,52.47483
58,3,2,55,medium (3-4 steps),small (11-100),True,False,regressed,False,False,both_wrong,11.290952,10.815157,85.73156,76.94677
59,2,2,24,easy (1-2 steps),medium (101-1K),True,True,both_correct,True,True,both_correct,16.405045,8.096955,80.40237,50.484215
60,3,3,26,medium (3-4 steps),small (11-100),True,False,regressed,False,False,both_wrong,11.420328,8.461871,74.7023,54.22785
61,3,3,42,medium (3-4 steps),large (>1K),True,True,both_correct,True,True,both_correct,12.967194,8.116649,91.821396,57.44977
62,3,2,46,medium (3-4 steps),large (>1K),False,False,both_wrong,False,False,both_wrong,9.043934,7.699235,62.88015,49.428734
63,6,6,59,hard (5-6 steps),large (>1K),False,False,both_wrong,False,False,both_wrong,11.397647,10.266143,84.62153,84.556595
64,2,2,79,easy (1-2 steps),medium (101-1K),True,True,both_correct,True,True,both_correct,12.719299,5.962326,80.521194,38.036068
65,4,4,39,medium (3-4 steps),small (11-100),True,True,both_correct,True,True,both_correct,12.718139,9.026966,93.57579,68.4331
66,5,5,50,hard (5-6 steps),small (11-100),False,False,both_wrong,True,False,regressed,11.335181,7.8818016,85.83118,52.513905
67,3,3,39,medium (3-4 steps),medium (101-1K),False,False,both_wrong,False,False,both_wrong,14.743278,9.524214,110.91568,73.72644
68,3,3,28,medium (3-4 steps),small (11-100),True,True,both_correct,True,True,both_correct,13.828896,7.8362036,113.81204,54.30035
69,2,2,40,easy (1-2 steps),small (11-100),True,True,both_correct,True,True,both_correct,14.465991,7.987935,99.841835,45.574184
70,4,4,36,medium (3-4 steps),large (>1K),False,True,recovered,False,False,both_wrong,11.109625,10.763093,87.16998,90.01515
71,2,2,37,easy (1-2 steps),small (11-100),True,True,both_correct,True,True,both_correct,14.939257,7.58614,89.17163,44.43046
72,3,3,35,medium (3-4 steps),medium (101-1K),True,True,both_correct,True,True,both_correct,14.447554,9.617181,123.178024,62.064445
73,4,4,31,medium (3-4 steps),medium (101-1K),False,True,recovered,False,False,both_wrong,13.164129,9.331117,100.16339,70.05104
74,7,4,77,very hard (7+ steps),small (11-100),False,False,both_wrong,False,False,both_wrong,11.328833,9.872606,84.0478,70.32246
75,5,5,55,hard (5-6 steps),small (11-100),False,False,both_wrong,False,False,both_wrong,11.681531,8.866551,78.15187,60.24901
76,5,5,70,hard (5-6 steps),tiny (≤10),True,True,both_correct,True,True,both_correct,12.974486,10.002143,99.21128,84.92559
77,3,2,38,medium (3-4 steps),small (11-100),True,False,regressed,True,True,both_correct,13.0482435,8.079854,93.609955,48.849487
78,5,5,31,hard (5-6 steps),tiny (≤10),False,False,both_wrong,False,False,both_wrong,11.213989,9.334791,87.96754,73.952934
79,2,2,32,easy (1-2 steps),small (11-100),True,True,both_correct,True,True,both_correct,14.048303,7.301909,76.72,46.34871
80,4,4,26,medium (3-4 steps),tiny (≤10),True,True,both_correct,False,True,recovered,13.084676,8.703717,91.86499,58.60171
81,3,2,46,medium (3-4 steps),small (11-100),True,True,both_correct,True,True,both_correct,13.021391,8.643028,102.916534,61.758923
82,2,2,22,easy (1-2 steps),medium (101-1K),True,True,both_correct,True,True,both_correct,14.454016,9.548744,116.70582,65.91504
83,2,2,22,easy (1-2 steps),medium (101-1K),True,True,both_correct,True,True,both_correct,14.697477,7.7195544,88.18806,44.778942
84,6,3,18,hard (5-6 steps),small (11-100),True,True,both_correct,False,True,recovered,13.473061,8.607589,103.23918,58.87405
85,3,3,70,medium (3-4 steps),small (11-100),True,True,both_correct,True,False,regressed,11.272802,8.171851,66.60255,60.97702
86,3,3,78,medium (3-4 steps),small (11-100),True,True,both_correct,True,True,both_correct,13.210006,8.010637,104.91643,55.863853
87,4,3,64,medium (3-4 steps),large (>1K),False,False,both_wrong,False,False,both_wrong,10.660597,6.812782,65.60079,43.16734
88,4,0,23,medium (3-4 steps),large (>1K),True,True,both_correct,True,True,both_correct,8.658297,4.931476,35.799747,27.673773
89,2,2,35,easy (1-2 steps),small (11-100),True,True,both_correct,True,True,both_correct,10.562327,8.617183,75.96912,60.028736
90,4,4,72,medium (3-4 steps),medium (101-1K),True,True,both_correct,True,True,both_correct,13.432073,8.78162,95.87723,64.28095
91,3,3,30,medium (3-4 steps),small (11-100),True,True,both_correct,True,True,both_correct,14.088628,8.490877,102.52183,62.42357
92,3,2,38,medium (3-4 steps),tiny (≤10),False,False,both_wrong,False,False,both_wrong,9.122889,7.550145,67.776955,47.818935
93,3,3,54,medium (3-4 steps),small (11-100),True,False,regressed,False,False,both_wrong,12.023904,7.30944,89.22928,47.627808
94,4,3,44,medium (3-4 steps),medium (101-1K),False,False,both_wrong,False,False,both_wrong,13.85038,9.188906,91.17048,60.584473
95,4,4,29,medium (3-4 steps),small (11-100),True,True,both_correct,True,True,both_correct,14.235845,9.835428,101.29792,84.472855
96,2,2,25,easy (1-2 steps),tiny (≤10),True,True,both_correct,True,True,both_correct,13.835923,7.1691117,93.74701,44.38962
97,3,3,41,medium (3-4 steps),small (11-100),True,True,both_correct,False,True,recovered,10.118434,6.8518534,70.858826,45.17323
98,2,1,76,easy (1-2 steps),tiny (≤10),False,False,both_wrong,False,False,both_wrong,10.405371,7.2506375,81.88203,40.90945
99,4,4,63,medium (3-4 steps),small (11-100),False,True,recovered,True,True,both_correct,10.971053,9.040502,73.70791,70.10701
100,6,6,71,hard (5-6 steps),medium (101-1K),False,False,both_wrong,False,False,both_wrong,11.793397,10.445166,85.48193,70.14996
101,3,3,60,medium (3-4 steps),tiny (≤10),False,False,both_wrong,True,False,regressed,12.340218,8.007574,85.37331,51.017727
102,3,3,55,medium (3-4 steps),small (11-100),False,False,both_wrong,False,False,both_wrong,9.911307,7.6976733,71.16087,50.955864
103,2,2,54,easy (1-2 steps),medium (101-1K),True,True,both_correct,True,True,both_correct,14.277365,6.6460795,108.73696,38.21502
104,4,4,36,medium (3-4 steps),medium (101-1K),True,True,both_correct,True,True,both_correct,13.968957,8.909413,100.47977,65.667786
105,2,2,24,easy (1-2 steps),small (11-100),True,True,both_correct,True,True,both_correct,14.432185,7.5213246,93.919586,45.24838
106,6,6,31,hard (5-6 steps),small (11-100),False,False,both_wrong,False,False,both_wrong,8.893881,7.9230433,58.600502,50.462906
107,7,2,86,very hard (7+ steps),tiny (≤10),False,False,both_wrong,False,False,both_wrong,9.304162,8.44563,66.28486,49.500576
108,3,3,67,medium (3-4 steps),small (11-100),True,True,both_correct,False,False,both_wrong,12.510686,8.711008,90.90074,55.696617
109,3,3,44,medium (3-4 steps),small (11-100),True,True,both_correct,True,True,both_correct,11.279405,9.313204,85.52211,66.95687
110,4,4,65,medium (3-4 steps),small (11-100),True,True,both_correct,True,True,both_correct,14.991385,9.59619,104.76675,70.48714
111,4,4,59,medium (3-4 steps),small (11-100),True,False,regressed,False,False,both_wrong,11.894844,8.391574,92.03622,50.69349
112,2,2,51,easy (1-2 steps),small (11-100),True,True,both_correct,True,True,both_correct,10.192967,7.0992346,69.61107,49.43346
113,2,2,23,easy (1-2 steps),small (11-100),True,True,both_correct,True,True,both_correct,14.637178,8.092267,89.59704,48.025246
114,2,1,61,easy (1-2 steps),tiny (≤10),False,False,both_wrong,False,True,recovered,14.278107,8.037185,80.24499,48.1456
115,5,3,70,hard (5-6 steps),small (11-100),False,False,both_wrong,False,False,both_wrong,11.596696,9.598007,68.47211,54.545525
116,2,2,39,easy (1-2 steps),small (11-100),True,False,regressed,True,True,both_correct,15.209247,9.101693,112.93567,54.134228
117,2,2,21,easy (1-2 steps),medium (101-1K),True,True,both_correct,True,True,both_correct,13.757072,7.830048,95.230156,46.277336
118,3,3,59,medium (3-4 steps),tiny (≤10),False,True,recovered,True,True,both_correct,12.254217,7.7352643,91.07147,53.49858
119,7,4,55,very hard (7+ steps),large (>1K),False,False,both_wrong,False,False,both_wrong,10.23844,8.409942,79.10646,61.950314
120,2,2,33,easy (1-2 steps),medium (101-1K),True,True,both_correct,True,True,both_correct,13.7954,8.020571,90.42966,47.11673
121,3,3,39,medium (3-4 steps),small (11-100),True,True,both_correct,True,True,both_correct,11.520719,8.490968,90.26868,54.502853
122,5,5,50,hard (5-6 steps),small (11-100),False,False,both_wrong,False,False,both_wrong,9.30693,7.210202,64.161156,45.023052
123,4,4,27,medium (3-4 steps),small (11-100),True,True,both_correct,True,False,regressed,12.866799,8.595281,92.442604,58.880283
124,2,2,54,easy (1-2 steps),tiny (≤10),True,False,regressed,True,False,regressed,11.54052,8.194355,87.094475,52.57103
125,2,2,90,easy (1-2 steps),tiny (≤10),False,False,both_wrong,False,False,both_wrong,9.806227,6.6328955,75.34203,40.23831
126,2,2,35,easy (1-2 steps),small (11-100),True,True,both_correct,True,True,both_correct,15.87293,7.6535897,95.94742,45.75411
127,2,2,27,easy (1-2 steps),medium (101-1K),True,True,both_correct,True,True,both_correct,15.947137,7.485562,92.8146,46.98128
128,6,6,59,hard (5-6 steps),medium (101-1K),False,False,both_wrong,False,False,both_wrong,11.998006,10.452169,79.84619,80.908966
129,4,4,45,medium (3-4 steps),large (>1K),False,True,recovered,True,True,both_correct,8.685608,8.6251955,58.51499,64.39578
130,3,3,42,medium (3-4 steps),small (11-100),True,True,both_correct,True,True,both_correct,15.211053,8.261024,104.25659,53.442917
131,2,2,25,easy (1-2 steps),medium (101-1K),True,True,both_correct,True,True,both_correct,16.267626,7.950149,105.655655,47.873974
132,4,4,46,medium (3-4 steps),small (11-100),True,True,both_correct,False,True,recovered,12.275069,8.662162,87.50735,56.71708
133,3,3,36,medium (3-4 steps),small (11-100),True,True,both_correct,True,True,both_correct,13.123244,8.800663,96.27562,60.14966
134,2,2,21,easy (1-2 steps),medium (101-1K),True,True,both_correct,True,True,both_correct,14.255783,7.839486,90.54869,47.230904
135,3,1,36,medium (3-4 steps),small (11-100),True,False,regressed,False,False,both_wrong,12.656379,8.00046,101.056175,60.633354
136,2,0,32,easy (1-2 steps),tiny (≤10),True,True,both_correct,True,True,both_correct,12.552961,7.243766,75.0241,43.586662
137,6,5,45,hard (5-6 steps),small (11-100),False,True,recovered,False,False,both_wrong,15.172102,11.246789,112.6006,83.00562
138,5,5,59,hard (5-6 steps),medium (101-1K),False,False,both_wrong,False,False,both_wrong,12.436692,9.871361,89.53702,62.2806
139,2,2,33,easy (1-2 steps),small (11-100),True,True,both_correct,True,True,both_correct,15.624536,7.40898,80.955246,42.475334
140,3,2,27,medium (3-4 steps),small (11-100),True,True,both_correct,True,True,both_correct,14.035581,8.05386,104.64963,52.93228
141,7,1,32,very hard (7+ steps),medium (101-1K),False,False,both_wrong,False,False,both_wrong,10.495264,7.6395836,80.42155,48.53446
142,2,2,39,easy (1-2 steps),medium (101-1K),True,True,both_correct,True,True,both_correct,11.091281,6.852901,88.13473,43.308285
143,4,4,40,medium (3-4 steps),small (11-100),False,False,both_wrong,False,False,both_wrong,12.676875,9.79274,87.64964,66.35926
144,7,7,110,very hard (7+ steps),small (11-100),False,False,both_wrong,False,False,both_wrong,12.374344,9.452138,90.58555,60.127113
145,3,3,31,medium (3-4 steps),large (>1K),True,True,both_correct,True,True,both_correct,13.522467,8.432406,98.3233,55.309765
146,3,3,62,medium (3-4 steps),large (>1K),True,True,both_correct,False,False,both_wrong,13.986028,8.918656,106.32988,57.17377
147,4,4,104,medium (3-4 steps),small (11-100),True,False,regressed,False,True,recovered,10.514716,7.7384553,73.845764,49.36152
148,2,2,50,easy (1-2 steps),small (11-100),True,False,regressed,True,False,regressed,10.427064,6.0678477,70.486145,33.750183
149,2,2,35,easy (1-2 steps),small (11-100),True,True,both_correct,True,True,both_correct,15.1471615,7.4880114,79.918045,47.040718
150,5,5,78,hard (5-6 steps),tiny (≤10),False,False,both_wrong,False,False,both_wrong,10.922518,9.085755,72.95184,59.42987
151,5,4,74,hard (5-6 steps),tiny (≤10),False,False,both_wrong,False,False,both_wrong,11.739301,7.827615,79.32898,53.32602
152,3,3,31,medium (3-4 steps),tiny (≤10),True,True,both_correct,True,True,both_correct,11.315674,8.2668295,89.05261,54.16373
153,5,5,85,hard (5-6 steps),small (11-100),False,False,both_wrong,False,False,both_wrong,11.3129425,7.052007,79.83251,42.85616
154,7,7,45,very hard (7+ steps),medium (101-1K),False,False,both_wrong,False,False,both_wrong,13.099011,9.248448,97.79865,66.1067
155,6,6,48,hard (5-6 steps),medium (101-1K),False,False,both_wrong,False,False,both_wrong,14.089346,8.913455,100.1187,53.815422
156,2,2,53,easy (1-2 steps),large (>1K),False,False,both_wrong,True,False,regressed,11.629125,7.1131663,82.042336,44.660347
157,8,6,82,very hard (7+ steps),small (11-100),False,False,both_wrong,False,False,both_wrong,11.699862,9.547242,84.91658,66.53894
158,3,3,37,medium (3-4 steps),small (11-100),True,True,both_correct,True,True,both_correct,13.070778,8.501212,111.848946,58.793713
159,2,2,43,easy (1-2 steps),small (11-100),True,False,regressed,False,True,recovered,11.529005,7.3473163,78.490845,45.877068
160,2,1,45,easy (1-2 steps),small (11-100),True,True,both_correct,True,True,both_correct,14.354059,8.72615,83.215706,49.795944
161,7,7,46,very hard (7+ steps),small (11-100),False,False,both_wrong,False,False,both_wrong,11.526045,8.617054,73.340614,52.361305
162,4,4,31,medium (3-4 steps),small (11-100),False,False,both_wrong,False,False,both_wrong,11.991372,8.560943,78.447754,64.38744
163,3,3,43,medium (3-4 steps),small (11-100),False,False,both_wrong,False,True,recovered,8.893323,7.4965854,55.94228,46.40094
164,2,2,53,easy (1-2 steps),small (11-100),False,True,recovered,True,True,both_correct,12.625265,8.005523,91.97885,55.11486
165,2,2,88,easy (1-2 steps),small (11-100),False,False,both_wrong,False,False,both_wrong,10.1870165,6.4301844,88.96992,40.017307
166,2,2,46,easy (1-2 steps),tiny (≤10),True,True,both_correct,True,True,both_correct,13.657237,6.8548617,97.85336,43.066902
167,6,2,22,hard (5-6 steps),small (11-100),True,True,both_correct,True,True,both_correct,10.287591,8.261207,76.59154,57.176407
168,2,2,20,easy (1-2 steps),small (11-100),True,True,both_correct,True,True,both_correct,13.626379,7.752254,86.14448,47.29826
169,3,3,23,medium (3-4 steps),medium (101-1K),True,True,both_correct,True,True,both_correct,13.939424,8.526659,98.95038,58.842236
170,4,4,48,medium (3-4 steps),medium (101-1K),True,True,both_correct,True,True,both_correct,14.913008,8.544379,106.48836,60.895164
171,4,4,38,medium (3-4 steps),large (>1K),False,False,both_wrong,False,False,both_wrong,14.944255,10.379005,96.756775,69.34793
172,5,5,51,hard (5-6 steps),small (11-100),False,False,both_wrong,False,False,both_wrong,12.41054,6.5687156,89.91337,38.855576
173,4,4,55,medium (3-4 steps),large (>1K),True,False,regressed,True,False,regressed,9.71835,8.157376,64.77541,53.710136
174,3,2,85,medium (3-4 steps),small (11-100),False,False,both_wrong,False,False,both_wrong,10.058416,7.5079184,64.193504,50.6926
175,5,5,47,hard (5-6 steps),small (11-100),False,False,both_wrong,False,False,both_wrong,6.836705,7.6039844,38.916637,48.33024
176,2,1,33,easy (1-2 steps),small (11-100),True,True,both_correct,True,True,both_correct,14.829512,7.5233455,86.12902,46.234783
177,7,7,66,very hard (7+ steps),medium (101-1K),False,False,both_wrong,False,False,both_wrong,9.359433,8.686069,55.51124,69.49616
178,4,4,29,medium (3-4 steps),medium (101-1K),True,True,both_correct,False,True,recovered,13.321168,8.778748,92.04787,61.159893
179,2,2,33,easy (1-2 steps),medium (101-1K),True,True,both_correct,True,True,both_correct,15.260516,8.331383,114.211815,54.478424
180,2,2,39,easy (1-2 steps),small (11-100),True,True,both_correct,True,True,both_correct,15.351625,8.233808,90.919556,50.878777
181,2,2,73,easy (1-2 steps),medium (101-1K),True,True,both_correct,True,True,both_correct,15.150934,8.987665,120.928246,65.173454
182,4,4,27,medium (3-4 steps),small (11-100),False,False,both_wrong,False,False,both_wrong,14.227168,8.580033,108.08574,61.8546
183,4,3,102,medium (3-4 steps),tiny (≤10),False,False,both_wrong,False,False,both_wrong,9.259249,7.318989,59.51139,45.72238
184,3,0,34,medium (3-4 steps),small (11-100),False,False,both_wrong,False,False,both_wrong,9.625539,7.015921,66.425,42.290794
185,2,2,33,easy (1-2 steps),small (11-100),True,True,both_correct,True,True,both_correct,13.105523,7.494175,76.629166,47.29757
186,5,4,96,hard (5-6 steps),tiny (≤10),False,False,both_wrong,False,False,both_wrong,10.116492,8.177648,66.943405,50.013645
187,3,3,29,medium (3-4 steps),medium (101-1K),True,True,both_correct,True,True,both_correct,12.25206,9.21863,92.469635,66.252945
188,3,3,57,medium (3-4 steps),small (11-100),False,False,both_wrong,False,False,both_wrong,10.669241,7.912944,79.281944,53.577614
189,4,3,50,medium (3-4 steps),small (11-100),False,False,both_wrong,False,False,both_wrong,13.271797,9.386667,85.40116,67.90673
190,2,2,19,easy (1-2 steps),medium (101-1K),True,True,both_correct,True,True,both_correct,15.389527,7.7390876,95.78044,48.28216
191,2,2,30,easy (1-2 steps),tiny (≤10),True,True,both_correct,True,True,both_correct,14.401794,7.35022,95.8311,44.389645
192,5,5,36,hard (5-6 steps),small (11-100),True,False,regressed,False,False,both_wrong,14.860092,11.67688,109.964516,88.30617
193,4,4,90,medium (3-4 steps),small (11-100),False,False,both_wrong,True,False,regressed,10.889158,7.3723063,70.70008,48.552784
194,2,2,29,easy (1-2 steps),tiny (≤10),True,True,both_correct,True,True,both_correct,10.954549,7.7055135,78.036705,53.337482
195,2,2,26,easy (1-2 steps),small (11-100),True,True,both_correct,True,True,both_correct,11.654129,6.6105886,82.62413,43.532402
196,2,2,33,easy (1-2 steps),medium (101-1K),True,True,both_correct,True,True,both_correct,13.544809,7.754611,91.01695,48.95869
197,2,2,34,easy (1-2 steps),large (>1K),False,False,both_wrong,False,False,both_wrong,12.714294,8.020387,106.20556,50.747814
198,5,5,63,hard (5-6 steps),medium (101-1K),False,False,both_wrong,False,False,both_wrong,12.990679,9.413735,90.922516,69.33973
199,5,5,64,hard (5-6 steps),large (>1K),False,False,both_wrong,False,False,both_wrong,10.349935,7.4999433,71.96972,54.522076
200,3,3,39,medium (3-4 steps),small (11-100),True,True,both_correct,True,True,both_correct,15.686945,8.558504,102.94038,51.80886
201,4,4,53,medium (3-4 steps),large (>1K),False,False,both_wrong,False,False,both_wrong,7.5807924,9.246661,48.393192,68.93475
202,2,2,37,easy (1-2 steps),small (11-100),True,True,both_correct,True,True,both_correct,14.097468,8.137,88.15992,48.549984
203,4,4,81,medium (3-4 steps),small (11-100),False,True,recovered,False,True,recovered,12.272943,8.669852,84.38343,60.743286
204,4,4,47,medium (3-4 steps),small (11-100),False,True,recovered,False,True,recovered,13.471292,8.958604,100.16849,63.380764
205,4,3,59,medium (3-4 steps),small (11-100),False,False,both_wrong,False,False,both_wrong,10.831612,8.068776,78.36025,54.724358
206,5,5,60,hard (5-6 steps),medium (101-1K),True,True,both_correct,True,True,both_correct,14.077406,8.838881,94.65305,63.718056
207,4,4,40,medium (3-4 steps),large (>1K),True,False,regressed,False,False,both_wrong,12.734465,8.32249,96.77739,57.31709
208,4,3,55,medium (3-4 steps),small (11-100),True,True,both_correct,True,True,both_correct,14.295855,8.104386,108.28465,54.99937
209,5,4,27,hard (5-6 steps),medium (101-1K),False,False,both_wrong,False,False,both_wrong,8.330367,7.9901767,53.38505,53.620132
210,6,6,77,hard (5-6 steps),tiny (≤10),False,False,both_wrong,False,False,both_wrong,10.7434,8.895077,68.6897,56.86473
211,7,1,46,very hard (7+ steps),tiny (≤10),False,True,recovered,False,False,both_wrong,8.688352,5.5103164,57.46959,35.758
212,4,4,35,medium (3-4 steps),tiny (≤10),False,False,both_wrong,False,False,both_wrong,11.051242,8.377613,81.40181,49.335392
213,3,3,46,medium (3-4 steps),medium (101-1K),True,True,both_correct,True,True,both_correct,13.417104,8.010996,98.93396,51.75392
214,7,2,51,very hard (7+ steps),tiny (≤10),True,False,regressed,True,True,both_correct,10.899367,4.4635425,44.65645,25.929296
215,2,2,38,easy (1-2 steps),small (11-100),False,True,recovered,True,True,both_correct,11.815448,7.8087773,94.249306,48.973915
216,4,4,36,medium (3-4 steps),medium (101-1K),True,False,regressed,True,True,both_correct,12.213412,8.786444,89.07703,65.60782
217,2,2,27,easy (1-2 steps),small (11-100),True,True,both_correct,True,True,both_correct,13.9577,8.502316,85.630356,49.73424
218,7,7,34,very hard (7+ steps),small (11-100),False,False,both_wrong,False,False,both_wrong,10.392949,7.608121,69.56864,44.98327
219,6,3,43,hard (5-6 steps),small (11-100),False,False,both_wrong,False,False,both_wrong,12.883772,8.134773,93.71147,49.924034
220,3,3,39,medium (3-4 steps),small (11-100),True,True,both_correct,True,True,both_correct,14.773435,8.804155,124.2288,56.860924
221,3,3,50,medium (3-4 steps),small (11-100),True,True,both_correct,True,True,both_correct,14.195703,7.91742,107.520966,60.738243
222,2,2,17,easy (1-2 steps),medium (101-1K),True,True,both_correct,True,True,both_correct,15.749871,7.3934283,83.50065,45.509037
223,2,2,35,easy (1-2 steps),large (>1K),True,True,both_correct,True,True,both_correct,16.159727,8.0605955,96.606316,50.910774
224,3,3,51,medium (3-4 steps),medium (101-1K),True,True,both_correct,True,True,both_correct,13.245141,7.808657,111.69839,48.015453
225,2,2,53,easy (1-2 steps),tiny (≤10),False,True,recovered,True,True,both_correct,12.945153,6.568759,93.23099,40.15083
226,4,3,50,medium (3-4 steps),small (11-100),False,False,both_wrong,False,False,both_wrong,10.387469,9.306051,76.78304,62.22319
227,4,4,67,medium (3-4 steps),tiny (≤10),False,False,both_wrong,False,False,both_wrong,9.683029,7.1945734,64.96458,46.773838
228,4,4,43,medium (3-4 steps),tiny (≤10),False,False,both_wrong,True,False,regressed,13.386647,10.5346985,85.78255,79.75552
229,4,4,63,medium (3-4 steps),small (11-100),True,True,both_correct,True,True,both_correct,13.5999775,9.018422,100.67002,67.5305
230,5,5,39,hard (5-6 steps),large (>1K),False,False,both_wrong,False,False,both_wrong,11.042135,9.470916,74.66049,75.71218
231,2,2,45,easy (1-2 steps),small (11-100),True,True,both_correct,True,True,both_correct,14.7088175,7.5221405,87.35792,45.15867
232,2,1,34,easy (1-2 steps),small (11-100),True,True,both_correct,True,True,both_correct,13.093412,8.047646,82.75847,50.31577
233,4,4,35,medium (3-4 steps),small (11-100),True,True,both_correct,True,True,both_correct,10.964528,7.353435,66.6867,45.97419
234,4,4,43,medium (3-4 steps),small (11-100),False,False,both_wrong,False,False,both_wrong,13.539801,7.2626786,102.87704,48.6854
235,2,2,42,easy (1-2 steps),tiny (≤10),True,True,both_correct,True,True,both_correct,15.331324,7.619786,81.430626,49.12941
236,3,3,53,medium (3-4 steps),small (11-100),False,False,both_wrong,False,False,both_wrong,9.585532,6.368487,70.007835,39.012352
237,2,1,34,easy (1-2 steps),small (11-100),True,True,both_correct,True,True,both_correct,14.796382,7.7314496,93.95176,46.878716
238,3,3,31,medium (3-4 steps),small (11-100),True,True,both_correct,True,True,both_correct,13.051202,8.139077,97.65516,50.982105
239,4,2,69,medium (3-4 steps),medium (101-1K),True,True,both_correct,True,True,both_correct,14.933053,10.421637,104.66112,84.92985
240,3,3,29,medium (3-4 steps),small (11-100),True,True,both_correct,False,True,recovered,12.999869,8.381975,92.567665,59.353355
241,2,2,31,easy (1-2 steps),tiny (≤10),True,False,regressed,True,False,regressed,11.19679,6.408921,74.46395,39.54196
242,5,5,49,hard (5-6 steps),tiny (≤10),False,False,both_wrong,False,False,both_wrong,11.32776,9.009262,76.38398,59.05766
243,2,2,46,easy (1-2 steps),medium (101-1K),True,False,regressed,False,True,recovered,14.193658,7.7863917,104.83086,56.295734
244,5,2,58,hard (5-6 steps),small (11-100),False,False,both_wrong,False,False,both_wrong,11.900311,8.29358,75.17853,52.229958
245,3,3,52,medium (3-4 steps),tiny (≤10),False,False,both_wrong,False,False,both_wrong,11.539399,6.4887786,77.711494,42.280533
246,5,5,69,hard (5-6 steps),large (>1K),False,True,recovered,False,False,both_wrong,9.687271,8.6559105,67.579445,58.506977
247,2,2,55,easy (1-2 steps),small (11-100),False,False,both_wrong,False,False,both_wrong,10.171761,7.782443,83.28304,47.26265
248,2,2,24,easy (1-2 steps),medium (101-1K),True,True,both_correct,True,True,both_correct,14.800562,7.9323416,79.34577,48.540062
249,6,6,51,hard (5-6 steps),large (>1K),False,False,both_wrong,False,False,both_wrong,12.192415,8.665124,81.269554,51.008205
250,4,4,43,medium (3-4 steps),small (11-100),False,False,both_wrong,False,False,both_wrong,11.724141,9.364774,71.02316,65.2494
251,2,2,27,easy (1-2 steps),small (11-100),True,True,both_correct,True,True,both_correct,14.821523,7.824128,98.01581,48.70125
252,5,5,35,hard (5-6 steps),small (11-100),False,False,both_wrong,False,False,both_wrong,9.696954,6.910006,68.41096,49.59443
253,2,2,30,easy (1-2 steps),small (11-100),True,False,regressed,False,False,both_wrong,14.323524,8.577643,86.47744,65.138824
254,3,3,47,medium (3-4 steps),small (11-100),True,True,both_correct,True,True,both_correct,13.422531,10.168057,103.794586,66.5644
255,4,4,38,medium (3-4 steps),medium (101-1K),False,False,both_wrong,False,False,both_wrong,12.566057,8.950112,92.50662,60.958687
256,6,6,34,hard (5-6 steps),small (11-100),False,False,both_wrong,False,False,both_wrong,10.449694,8.9925585,78.57616,60.199966
257,4,4,30,medium (3-4 steps),large (>1K),False,False,both_wrong,True,True,both_correct,11.7224865,7.4914217,97.79113,52.20322
258,2,2,41,easy (1-2 steps),tiny (≤10),True,True,both_correct,True,True,both_correct,14.084973,8.376082,81.63302,50.563145
259,6,5,31,hard (5-6 steps),medium (101-1K),False,False,both_wrong,False,False,both_wrong,11.96866,8.037312,95.03182,55.008965
260,3,3,36,medium (3-4 steps),small (11-100),True,False,regressed,True,True,both_correct,13.655841,8.63703,99.2406,49.199314
261,3,3,26,medium (3-4 steps),small (11-100),False,False,both_wrong,False,False,both_wrong,13.511911,7.637764,99.31922,51.84809
262,2,2,25,easy (1-2 steps),medium (101-1K),True,True,both_correct,True,True,both_correct,15.194303,7.241455,79.98935,43.444847
263,3,2,41,medium (3-4 steps),tiny (≤10),True,True,both_correct,True,True,both_correct,12.901665,9.14738,96.60462,63.12323
264,3,3,24,medium (3-4 steps),medium (101-1K),True,True,both_correct,True,True,both_correct,13.652197,7.8501997,94.33972,50.422287
265,4,3,73,medium (3-4 steps),large (>1K),False,False,both_wrong,False,False,both_wrong,11.748359,9.042822,91.05968,55.698826
266,4,0,59,medium (3-4 steps),large (>1K),False,False,both_wrong,False,False,both_wrong,11.49272,9.762457,89.11168,67.625084
267,5,4,63,hard (5-6 steps),small (11-100),False,False,both_wrong,False,False,both_wrong,12.355811,9.120328,86.858284,61.443863
268,3,3,40,medium (3-4 steps),large (>1K),True,False,regressed,False,True,recovered,15.113762,9.88887,130.43843,65.44684
269,2,2,28,easy (1-2 steps),tiny (≤10),True,True,both_correct,True,True,both_correct,11.634526,7.832131,74.2932,45.331318
270,4,3,54,medium (3-4 steps),medium (101-1K),False,True,recovered,True,True,both_correct,13.376329,9.293563,79.27184,57.571167
271,3,3,36,medium (3-4 steps),small (11-100),True,True,both_correct,True,True,both_correct,11.814013,7.642347,91.348,52.75966
272,2,2,30,easy (1-2 steps),tiny (≤10),False,False,both_wrong,False,False,both_wrong,13.316186,8.626581,109.730606,67.108734
273,5,5,58,hard (5-6 steps),medium (101-1K),False,False,both_wrong,False,False,both_wrong,12.831338,10.661689,98.059906,74.55188
274,3,3,61,medium (3-4 steps),large (>1K),True,True,both_correct,True,True,both_correct,14.51481,9.133095,120.648865,58.29197
275,5,5,77,hard (5-6 steps),medium (101-1K),False,False,both_wrong,False,False,both_wrong,11.628669,8.800672,79.601585,56.246788
276,6,5,50,hard (5-6 steps),tiny (≤10),False,True,recovered,True,True,both_correct,13.28462,11.039732,106.214,99.13612
277,4,4,38,medium (3-4 steps),tiny (≤10),True,True,both_correct,True,True,both_correct,15.784322,10.486359,117.94095,79.01304
278,2,2,31,easy (1-2 steps),small (11-100),True,True,both_correct,True,False,regressed,11.740004,7.0587387,84.53998,43.65315
279,7,1,24,very hard (7+ steps),tiny (≤10),False,False,both_wrong,False,False,both_wrong,9.739051,5.16068,53.96611,30.456766
280,3,3,26,medium (3-4 steps),tiny (≤10),True,True,both_correct,True,True,both_correct,12.375069,9.062149,103.01251,62.244
281,5,5,37,hard (5-6 steps),large (>1K),True,False,regressed,False,True,recovered,11.631927,9.896721,82.05873,63.367523
282,3,3,40,medium (3-4 steps),medium (101-1K),False,False,both_wrong,True,False,regressed,11.723655,10.064862,73.343666,74.011215
283,3,3,66,medium (3-4 steps),small (11-100),True,True,both_correct,True,True,both_correct,12.609088,7.377644,90.37322,51.085102
284,8,8,81,very hard (7+ steps),medium (101-1K),True,True,both_correct,True,True,both_correct,11.954762,8.344549,72.18854,51.77883
285,2,2,22,easy (1-2 steps),small (11-100),True,True,both_correct,True,True,both_correct,14.7368145,7.5745134,91.78485,45.273155
286,4,4,24,medium (3-4 steps),small (11-100),True,True,both_correct,False,False,both_wrong,15.749488,9.90244,125.026115,74.993866
287,5,5,32,hard (5-6 steps),tiny (≤10),False,True,recovered,False,True,recovered,14.161802,10.476977,106.21424,74.90279
288,2,2,40,easy (1-2 steps),tiny (≤10),True,False,regressed,True,True,both_correct,14.026904,8.381154,94.36333,51.978573
289,2,2,52,easy (1-2 steps),small (11-100),True,True,both_correct,True,True,both_correct,13.010895,8.781945,73.942795,58.491333
290,3,3,53,medium (3-4 steps),medium (101-1K),True,True,both_correct,False,True,recovered,14.92157,9.410621,114.970924,59.778164
291,4,4,43,medium (3-4 steps),tiny (≤10),True,True,both_correct,True,True,both_correct,11.416113,8.9062395,76.84407,61.69336
292,3,3,39,medium (3-4 steps),small (11-100),False,False,both_wrong,False,False,both_wrong,9.595839,7.271469,67.33278,46.805145
293,4,4,64,medium (3-4 steps),small (11-100),False,False,both_wrong,False,False,both_wrong,12.336381,9.894807,87.46368,73.20054
294,3,3,45,medium (3-4 steps),tiny (≤10),True,True,both_correct,True,True,both_correct,13.055786,8.375727,97.49142,57.977486
295,6,6,61,hard (5-6 steps),medium (101-1K),False,False,both_wrong,False,False,both_wrong,12.40878,9.886475,78.7445,70.946396
296,4,4,36,medium (3-4 steps),tiny (≤10),False,False,both_wrong,False,True,recovered,11.8332615,8.286225,79.56642,54.671165
297,2,2,59,easy (1-2 steps),small (11-100),True,True,both_correct,False,True,recovered,11.869318,8.947694,90.6945,60.226795
298,4,4,62,medium (3-4 steps),medium (101-1K),False,False,both_wrong,True,False,regressed,8.206767,5.533628,54.04668,31.855007
299,6,6,68,hard (5-6 steps),large (>1K),False,False,both_wrong,False,False,both_wrong,10.379621,9.838013,71.06371,66.06718
300,2,2,47,easy (1-2 steps),small (11-100),True,True,both_correct,True,False,regressed,12.0539255,8.212391,89.00873,52.75971
301,2,1,68,easy (1-2 steps),tiny (≤10),False,False,both_wrong,False,False,both_wrong,11.040107,7.6806293,74.34241,46.837296
302,2,2,28,easy (1-2 steps),small (11-100),True,True,both_correct,True,True,both_correct,13.638304,8.507166,97.49059,59.301212
303,4,4,63,medium (3-4 steps),large (>1K),False,False,both_wrong,False,False,both_wrong,9.261587,7.518971,67.51265,49.03136
304,5,5,46,hard (5-6 steps),large (>1K),True,True,both_correct,True,True,both_correct,13.842894,9.102171,94.52602,65.380356
305,2,2,15,easy (1-2 steps),tiny (≤10),True,True,both_correct,True,True,both_correct,13.223793,8.351511,83.512665,51.50718
306,3,3,42,medium (3-4 steps),tiny (≤10),True,True,both_correct,True,True,both_correct,12.708905,9.197051,93.12529,63.731583
307,3,3,50,medium (3-4 steps),small (11-100),False,False,both_wrong,False,False,both_wrong,10.18022,5.3466578,51.561203,31.638233
308,4,3,41,medium (3-4 steps),tiny (≤10),True,True,both_correct,True,False,regressed,13.262485,9.038872,104.56474,71.5851
309,3,3,51,medium (3-4 steps),tiny (≤10),True,True,both_correct,True,True,both_correct,11.754991,8.17077,94.30338,49.80517
310,4,4,72,medium (3-4 steps),large (>1K),False,False,both_wrong,False,False,both_wrong,13.110055,10.460503,73.516464,59.86519
311,5,4,36,hard (5-6 steps),small (11-100),True,True,both_correct,False,True,recovered,14.416766,9.307737,107.74258,62.67277
312,2,2,23,easy (1-2 steps),small (11-100),True,True,both_correct,True,True,both_correct,13.638625,7.810986,88.76097,48.908432
313,4,3,48,medium (3-4 steps),large (>1K),False,False,both_wrong,False,False,both_wrong,9.409394,9.684611,68.26379,67.29234
314,6,0,45,hard (5-6 steps),small (11-100),False,False,both_wrong,False,True,recovered,7.8215594,4.591241,36.638805,26.092543
315,5,5,41,hard (5-6 steps),small (11-100),False,True,recovered,False,True,recovered,14.765695,10.096117,110.36656,79.64203
316,4,4,49,medium (3-4 steps),medium (101-1K),True,True,both_correct,False,True,recovered,13.098065,8.974509,101.77023,56.28575
317,3,3,29,medium (3-4 steps),small (11-100),True,True,both_correct,True,True,both_correct,12.98081,9.061736,104.98323,63.60394
318,3,3,36,medium (3-4 steps),medium (101-1K),True,True,both_correct,True,True,both_correct,12.437987,8.342222,91.70744,52.95021
319,4,3,58,medium (3-4 steps),small (11-100),False,True,recovered,True,True,both_correct,13.148059,8.303358,90.575676,52.132576
320,4,4,36,medium (3-4 steps),tiny (≤10),True,True,both_correct,False,True,recovered,10.716809,9.976987,88.25493,69.24558
321,2,2,26,easy (1-2 steps),tiny (≤10),True,True,both_correct,True,True,both_correct,13.044922,7.4112744,78.37461,48.925404
322,4,4,38,medium (3-4 steps),tiny (≤10),False,False,both_wrong,False,False,both_wrong,10.3056135,7.3699923,67.89192,46.64978
323,3,3,58,medium (3-4 steps),small (11-100),True,False,regressed,False,True,recovered,9.869769,7.596515,74.836494,47.512123
324,2,1,50,easy (1-2 steps),small (11-100),False,False,both_wrong,False,True,recovered,8.939188,6.279365,53.356388,40.72998
325,6,6,60,hard (5-6 steps),large (>1K),False,False,both_wrong,False,False,both_wrong,10.531687,9.873674,60.54776,64.56372
326,3,3,57,medium (3-4 steps),small (11-100),False,False,both_wrong,False,False,both_wrong,9.623604,6.4103494,70.9677,37.550884
327,4,4,53,medium (3-4 steps),small (11-100),False,False,both_wrong,False,False,both_wrong,11.090531,8.956825,71.41681,63.51277
328,3,3,31,medium (3-4 steps),tiny (≤10),False,False,both_wrong,False,False,both_wrong,11.694036,7.9296036,87.26821,49.424404
329,2,2,27,easy (1-2 steps),small (11-100),True,True,both_correct,True,True,both_correct,14.974859,7.782127,101.31146,47.55544
330,3,3,62,medium (3-4 steps),small (11-100),False,False,both_wrong,False,False,both_wrong,9.88631,9.080118,66.36881,60.594936
331,7,7,77,very hard (7+ steps),large (>1K),False,False,both_wrong,False,False,both_wrong,9.477803,10.003364,67.26522,70.07274
332,2,1,29,easy (1-2 steps),small (11-100),True,True,both_correct,True,True,both_correct,13.168455,8.30895,78.55922,50.195793
333,3,3,53,medium (3-4 steps),small (11-100),False,False,both_wrong,False,False,both_wrong,9.5237055,9.401835,74.31723,76.44252
334,2,2,42,easy (1-2 steps),tiny (≤10),True,True,both_correct,True,True,both_correct,11.683101,8.465514,88.85936,50.09687
335,2,2,40,easy (1-2 steps),medium (101-1K),True,True,both_correct,True,True,both_correct,13.880844,8.130007,97.92833,47.82743
336,5,5,37,hard (5-6 steps),small (11-100),True,False,regressed,True,True,both_correct,12.038846,9.471486,86.28554,71.67139
337,3,3,31,medium (3-4 steps),tiny (≤10),True,True,both_correct,True,True,both_correct,14.161996,8.013982,117.71942,55.48655
338,2,2,44,easy (1-2 steps),small (11-100),False,False,both_wrong,False,False,both_wrong,9.538513,7.7989454,69.08046,50.845467
339,5,5,30,hard (5-6 steps),medium (101-1K),False,False,both_wrong,False,False,both_wrong,10.698125,7.8690996,73.96961,50.281235
340,2,2,102,easy (1-2 steps),tiny (≤10),False,True,recovered,False,False,both_wrong,8.968307,6.6387663,61.19897,39.280304
341,6,4,57,hard (5-6 steps),medium (101-1K),False,False,both_wrong,False,False,both_wrong,8.294405,7.8369446,61.768127,43.929646
342,2,1,45,easy (1-2 steps),small (11-100),True,True,both_correct,True,True,both_correct,12.312726,7.164315,83.113495,44.63028
343,3,3,47,medium (3-4 steps),large (>1K),True,True,both_correct,True,True,both_correct,13.617605,8.495372,105.51935,56.79188
344,3,3,42,medium (3-4 steps),tiny (≤10),True,True,both_correct,True,True,both_correct,10.86215,8.225246,86.13182,55.992672
345,3,3,24,medium (3-4 steps),medium (101-1K),True,True,both_correct,True,True,both_correct,13.3937435,8.976745,104.92658,61.00895
346,3,3,50,medium (3-4 steps),tiny (≤10),True,True,both_correct,True,True,both_correct,14.46707,7.675425,103.20648,46.7217
347,3,3,28,medium (3-4 steps),small (11-100),True,True,both_correct,True,True,both_correct,12.157051,8.236692,87.8099,56.48301
348,3,2,46,medium (3-4 steps),tiny (≤10),False,False,both_wrong,False,False,both_wrong,14.007174,10.603197,93.3108,71.7891
349,3,3,47,medium (3-4 steps),large (>1K),True,False,regressed,False,False,both_wrong,11.869791,7.427638,87.353294,49.85675
350,3,1,62,medium (3-4 steps),tiny (≤10),False,False,both_wrong,False,False,both_wrong,12.326528,8.419904,94.514755,56.599655
351,3,3,56,medium (3-4 steps),tiny (≤10),True,True,both_correct,True,True,both_correct,13.760439,8.601042,104.072395,55.95772
352,2,2,34,easy (1-2 steps),small (11-100),True,True,both_correct,True,True,both_correct,13.659268,8.136714,105.54226,48.04632
353,5,5,53,hard (5-6 steps),small (11-100),False,False,both_wrong,False,False,both_wrong,11.198497,10.666923,76.74037,84.07541
354,4,4,62,medium (3-4 steps),small (11-100),True,False,regressed,False,False,both_wrong,13.74686,10.4384985,95.60763,66.417984
355,3,3,52,medium (3-4 steps),small (11-100),True,True,both_correct,True,True,both_correct,14.439425,8.702592,111.690674,58.19626
356,5,4,51,hard (5-6 steps),small (11-100),False,False,both_wrong,True,False,regressed,14.67671,10.252436,117.56223,71.697334
357,4,4,59,medium (3-4 steps),tiny (≤10),False,False,both_wrong,True,False,regressed,11.370646,9.813279,71.96467,62.623398
358,4,3,45,medium (3-4 steps),small (11-100),True,True,both_correct,True,True,both_correct,13.527587,8.139984,101.618805,60.726357
359,4,4,47,medium (3-4 steps),tiny (≤10),False,False,both_wrong,True,False,regressed,10.84513,9.343377,76.81005,64.04173
360,4,0,26,medium (3-4 steps),small (11-100),True,True,both_correct,True,True,both_correct,15.052867,7.6982756,75.59003,48.13092
361,5,5,71,hard (5-6 steps),small (11-100),False,False,both_wrong,False,False,both_wrong,11.026652,10.438101,71.02613,75.339386
362,5,5,61,hard (5-6 steps),small (11-100),False,True,recovered,False,False,both_wrong,12.030276,7.60126,83.37695,49.369225
363,4,4,54,medium (3-4 steps),tiny (≤10),False,False,both_wrong,False,False,both_wrong,10.180741,10.096449,63.948112,66.48797
364,2,2,36,easy (1-2 steps),small (11-100),False,False,both_wrong,True,True,both_correct,11.691936,7.2614946,73.82649,45.4235
365,2,2,25,easy (1-2 steps),small (11-100),True,True,both_correct,True,True,both_correct,14.665651,6.3803535,92.35893,39.985405
366,2,2,52,easy (1-2 steps),tiny (≤10),True,True,both_correct,True,True,both_correct,12.688182,7.5995173,84.08705,47.062527
367,4,3,64,medium (3-4 steps),small (11-100),False,False,both_wrong,False,False,both_wrong,11.600107,9.105848,78.48624,69.95859
368,3,3,23,medium (3-4 steps),small (11-100),False,False,both_wrong,False,False,both_wrong,13.558783,7.435081,95.925446,45.509674
369,6,6,69,hard (5-6 steps),large (>1K),False,False,both_wrong,False,False,both_wrong,12.966797,9.532601,73.0017,63.709785
370,2,2,31,easy (1-2 steps),medium (101-1K),True,True,both_correct,True,True,both_correct,13.594118,8.032995,80.79508,50.206596
371,4,4,75,medium (3-4 steps),small (11-100),True,True,both_correct,True,True,both_correct,13.083835,10.192389,100.384705,81.2206
372,3,3,39,medium (3-4 steps),tiny (≤10),True,True,both_correct,True,True,both_correct,10.356934,6.896645,72.905464,41.34699
373,2,2,46,easy (1-2 steps),large (>1K),True,True,both_correct,True,True,both_correct,12.9872265,8.949085,76.48867,56.980694
374,2,2,33,easy (1-2 steps),small (11-100),True,True,both_correct,True,True,both_correct,13.8094,7.0241394,107.05907,47.50545
375,2,2,44,easy (1-2 steps),small (11-100),True,True,both_correct,True,True,both_correct,13.307363,6.466063,98.9082,40.541107
376,4,4,31,medium (3-4 steps),small (11-100),True,True,both_correct,True,True,both_correct,13.1887665,8.848257,88.66667,64.61862
377,4,4,59,medium (3-4 steps),small (11-100),True,False,regressed,False,True,recovered,12.261708,7.5525994,96.17553,47.041172
378,3,3,36,medium (3-4 steps),small (11-100),True,True,both_correct,False,True,recovered,13.713738,8.153845,96.65973,57.190613
379,2,2,27,easy (1-2 steps),small (11-100),True,True,both_correct,True,True,both_correct,15.40627,8.363284,105.02322,50.71229
380,3,3,30,medium (3-4 steps),medium (101-1K),False,False,both_wrong,False,False,both_wrong,12.009812,8.849088,99.378265,60.596336
381,4,3,27,medium (3-4 steps),small (11-100),True,True,both_correct,True,True,both_correct,14.661737,9.841623,116.33231,65.69004
382,5,5,38,hard (5-6 steps),medium (101-1K),False,True,recovered,True,True,both_correct,11.096402,8.056156,65.1934,47.41265
383,5,5,72,hard (5-6 steps),tiny (≤10),False,False,both_wrong,False,False,both_wrong,10.629981,7.382009,76.54558,51.65439
384,3,2,20,medium (3-4 steps),small (11-100),False,False,both_wrong,False,False,both_wrong,12.2372055,7.0233927,72.00397,42.649708
385,3,2,70,medium (3-4 steps),small (11-100),False,False,both_wrong,False,False,both_wrong,10.239953,8.5692835,63.670532,55.156174
386,2,2,52,easy (1-2 steps),small (11-100),True,True,both_correct,False,True,recovered,10.316376,6.819252,87.24758,42.67588
387,3,2,18,medium (3-4 steps),small (11-100),True,True,both_correct,True,True,both_correct,13.723573,8.217329,115.67085,54.001415
388,2,2,37,easy (1-2 steps),small (11-100),True,True,both_correct,True,True,both_correct,14.818791,7.920891,91.90071,49.244705
389,3,3,58,medium (3-4 steps),tiny (≤10),True,True,both_correct,True,False,regressed,9.600965,8.027512,66.86121,53.23802
390,2,2,58,easy (1-2 steps),small (11-100),True,True,both_correct,True,True,both_correct,13.612145,8.310394,93.995514,50.108353
391,4,4,32,medium (3-4 steps),small (11-100),True,True,both_correct,True,True,both_correct,13.34136,9.7820425,95.03145,69.65949
392,5,5,46,hard (5-6 steps),small (11-100),False,False,both_wrong,False,False,both_wrong,11.774911,7.5052247,72.16959,49.29534
393,4,3,29,medium (3-4 steps),small (11-100),True,False,regressed,False,True,recovered,9.85121,9.335332,62.722572,61.470478
394,3,2,34,medium (3-4 steps),small (11-100),True,True,both_correct,True,False,regressed,13.58936,8.216229,109.20758,56.527424
395,4,4,50,medium (3-4 steps),small (11-100),False,False,both_wrong,False,False,both_wrong,12.335131,9.663398,83.936935,62.33779
396,3,3,28,medium (3-4 steps),tiny (≤10),True,False,regressed,True,True,both_correct,12.951169,9.760886,95.82071,66.36554
397,2,1,35,easy (1-2 steps),small (11-100),True,True,both_correct,True,True,both_correct,16.176588,7.6837697,79.21306,47.520416
398,4,4,39,medium (3-4 steps),medium (101-1K),True,True,both_correct,True,True,both_correct,13.341359,9.653709,99.97825,69.61242
399,3,3,31,medium (3-4 steps),small (11-100),True,False,regressed,True,True,both_correct,13.274322,6.97321,92.305,43.617287
400,2,2,28,easy (1-2 steps),small (11-100),True,True,both_correct,True,True,both_correct,13.536904,7.8768272,90.54781,49.012558
401,3,3,32,medium (3-4 steps),large (>1K),True,True,both_correct,True,True,both_correct,12.469069,9.156443,94.81039,58.280647
402,5,5,50,hard (5-6 steps),tiny (≤10),False,False,both_wrong,True,False,regressed,11.716764,7.2098703,91.64399,45.45828
403,5,5,50,hard (5-6 steps),small (11-100),False,False,both_wrong,False,False,both_wrong,11.120824,6.376624,82.12579,44.06067
404,4,4,30,medium (3-4 steps),small (11-100),False,False,both_wrong,False,False,both_wrong,13.20328,9.014663,94.453415,57.518307
405,4,4,67,medium (3-4 steps),small (11-100),True,True,both_correct,False,True,recovered,11.551555,8.187508,86.83754,56.212574
406,5,5,54,hard (5-6 steps),medium (101-1K),False,False,both_wrong,False,True,recovered,10.155519,7.509132,72.154526,48.672375
407,4,4,71,medium (3-4 steps),large (>1K),False,False,both_wrong,True,False,regressed,11.644813,8.124386,95.286125,53.543884
408,4,4,64,medium (3-4 steps),small (11-100),True,True,both_correct,False,True,recovered,12.271315,10.497674,90.20875,80.121544
409,7,7,53,very hard (7+ steps),large (>1K),False,False,both_wrong,False,False,both_wrong,10.44707,10.804815,69.95947,82.983185
410,4,3,65,medium (3-4 steps),tiny (≤10),False,False,both_wrong,False,True,recovered,11.179671,8.653216,70.93428,55.26998
411,5,5,50,hard (5-6 steps),large (>1K),True,True,both_correct,True,True,both_correct,11.949071,10.037346,80.53339,78.13458
412,2,2,56,easy (1-2 steps),tiny (≤10),True,True,both_correct,True,True,both_correct,13.269632,7.420989,77.93325,47.247463
413,3,1,47,medium (3-4 steps),small (11-100),False,False,both_wrong,False,False,both_wrong,9.939645,7.5010843,75.279976,45.364723
414,3,3,28,medium (3-4 steps),small (11-100),True,True,both_correct,True,True,both_correct,11.606299,8.522295,84.86688,57.317436
415,7,7,91,very hard (7+ steps),medium (101-1K),False,False,both_wrong,False,False,both_wrong,11.865861,10.157789,79.62753,66.10046
416,6,1,31,hard (5-6 steps),small (11-100),False,False,both_wrong,False,False,both_wrong,10.66099,7.279204,80.424644,42.867683
417,4,4,69,medium (3-4 steps),large (>1K),False,False,both_wrong,False,False,both_wrong,13.512656,9.34992,98.05232,71.98573
418,2,2,33,easy (1-2 steps),small (11-100),True,True,both_correct,True,True,both_correct,13.370056,8.073244,96.27696,52.510708
419,2,2,80,easy (1-2 steps),large (>1K),True,True,both_correct,True,True,both_correct,13.548413,7.8137403,81.368484,48.452812
420,3,2,40,medium (3-4 steps),large (>1K),True,True,both_correct,True,True,both_correct,12.978219,8.598028,110.94861,57.67864
421,4,4,37,medium (3-4 steps),small (11-100),True,True,both_correct,True,True,both_correct,14.788836,9.537892,132.33052,78.70539
422,6,5,62,hard (5-6 steps),medium (101-1K),False,False,both_wrong,False,False,both_wrong,10.46583,8.832349,69.20313,58.06633
423,6,6,87,hard (5-6 steps),tiny (≤10),False,False,both_wrong,False,False,both_wrong,8.294317,9.203871,47.913097,60.85967
424,4,4,44,medium (3-4 steps),medium (101-1K),True,True,both_correct,True,True,both_correct,14.036323,9.380556,101.44467,58.91505
425,4,4,80,medium (3-4 steps),medium (101-1K),False,False,both_wrong,False,False,both_wrong,11.506277,6.21258,82.42267,40.98162
426,4,4,50,medium (3-4 steps),small (11-100),True,True,both_correct,True,True,both_correct,12.249887,9.094413,85.91717,63.556282
427,4,3,56,medium (3-4 steps),medium (101-1K),False,False,both_wrong,False,False,both_wrong,11.937259,8.459638,84.90064,55.313354
428,4,4,56,medium (3-4 steps),small (11-100),False,False,both_wrong,False,False,both_wrong,9.653603,9.071573,68.10392,61.357914
429,4,3,32,medium (3-4 steps),small (11-100),True,True,both_correct,True,True,both_correct,13.138556,7.6013827,94.377464,53.316853
430,4,4,48,medium (3-4 steps),medium (101-1K),True,True,both_correct,False,False,both_wrong,13.536463,11.19294,105.219795,89.61035
431,3,2,53,medium (3-4 steps),tiny (≤10),True,True,both_correct,True,True,both_correct,11.686537,8.2708845,83.990326,51.25213
432,3,3,67,medium (3-4 steps),small (11-100),True,True,both_correct,True,True,both_correct,13.143442,9.007471,104.97227,62.326363
433,4,1,29,medium (3-4 steps),tiny (≤10),False,False,both_wrong,True,False,regressed,13.692607,7.76262,107.74432,50.757656
434,5,5,37,hard (5-6 steps),tiny (≤10),False,True,recovered,True,True,both_correct,9.981168,9.144078,72.95607,66.94043
435,2,2,26,easy (1-2 steps),tiny (≤10),True,True,both_correct,True,True,both_correct,15.637545,7.7604904,87.52233,45.928085
436,3,3,28,medium (3-4 steps),small (11-100),False,True,recovered,False,True,recovered,11.732786,7.4984593,81.20854,50.62758
437,3,3,29,medium (3-4 steps),tiny (≤10),False,False,both_wrong,True,True,both_correct,10.66033,8.865417,70.60555,58.75129
438,5,4,60,hard (5-6 steps),tiny (≤10),True,True,both_correct,False,False,both_wrong,11.122802,8.93069,82.68901,60.190407
439,3,3,87,medium (3-4 steps),small (11-100),False,False,both_wrong,False,False,both_wrong,11.508682,9.292176,84.60674,62.45956
440,3,2,28,medium (3-4 steps),small (11-100),False,False,both_wrong,False,False,both_wrong,11.791487,6.671628,86.979065,39.9551
441,5,5,53,hard (5-6 steps),small (11-100),False,True,recovered,False,True,recovered,13.333158,8.449319,92.19857,54.135536
442,5,5,58,hard (5-6 steps),small (11-100),False,False,both_wrong,True,True,both_correct,12.8344145,10.490873,91.79467,78.75469
443,7,7,60,very hard (7+ steps),small (11-100),False,False,both_wrong,False,False,both_wrong,11.401983,8.696281,73.93587,50.658012
444,4,3,30,medium (3-4 steps),small (11-100),True,True,both_correct,False,True,recovered,13.486,9.212741,105.22153,60.406284
445,5,5,54,hard (5-6 steps),tiny (≤10),False,False,both_wrong,True,True,both_correct,10.58397,7.6776505,73.86701,50.53522
446,4,4,50,medium (3-4 steps),tiny (≤10),False,False,both_wrong,True,True,both_correct,13.81436,10.601497,111.18569,81.38849
447,3,3,30,medium (3-4 steps),tiny (≤10),False,False,both_wrong,True,True,both_correct,10.051903,7.9119735,72.0875,51.39675
448,5,5,50,hard (5-6 steps),medium (101-1K),False,False,both_wrong,False,False,both_wrong,13.723047,10.672038,105.06521,76.26159
449,3,3,41,medium (3-4 steps),medium (101-1K),True,True,both_correct,True,True,both_correct,13.266271,8.285568,108.470604,57.512863
450,3,2,70,medium (3-4 steps),tiny (≤10),True,False,regressed,False,True,recovered,9.904855,7.683696,67.14086,47.73332
451,3,3,47,medium (3-4 steps),large (>1K),False,False,both_wrong,False,False,both_wrong,12.803072,10.115753,97.360504,66.16267
452,5,4,32,hard (5-6 steps),small (11-100),True,True,both_correct,True,True,both_correct,15.327187,8.542151,106.601265,61.125916
453,4,4,31,medium (3-4 steps),large (>1K),False,False,both_wrong,False,False,both_wrong,11.4532995,6.9059424,85.85267,41.91265
454,2,2,20,easy (1-2 steps),medium (101-1K),False,False,both_wrong,False,False,both_wrong,13.036098,7.9532013,87.22896,48.283764
455,4,4,57,medium (3-4 steps),large (>1K),True,False,regressed,True,False,regressed,10.14552,10.709102,68.99919,75.27787
456,4,4,38,medium (3-4 steps),small (11-100),True,True,both_correct,True,True,both_correct,12.967234,10.420138,91.833015,69.55825
457,3,3,57,medium (3-4 steps),small (11-100),True,True,both_correct,True,True,both_correct,13.534338,9.009039,102.96704,59.491776
458,3,2,28,medium (3-4 steps),small (11-100),False,True,recovered,True,False,regressed,10.997747,6.6293745,81.826965,43.705
459,6,6,109,hard (5-6 steps),tiny (≤10),False,False,both_wrong,True,True,both_correct,13.728125,11.043741,88.920654,66.42667
460,4,4,51,medium (3-4 steps),small (11-100),True,True,both_correct,True,True,both_correct,15.490836,10.595035,112.85095,73.5647
461,3,3,25,medium (3-4 steps),tiny (≤10),True,True,both_correct,True,True,both_correct,14.365157,9.765795,108.78021,66.6643
462,2,2,16,easy (1-2 steps),small (11-100),True,True,both_correct,True,True,both_correct,14.154577,8.122638,100.7065,51.029137
463,2,2,34,easy (1-2 steps),small (11-100),True,True,both_correct,True,True,both_correct,13.545733,7.8443904,86.974266,45.110867
464,4,4,44,medium (3-4 steps),tiny (≤10),False,False,both_wrong,False,False,both_wrong,9.647753,7.9208407,74.228004,52.779976
465,5,5,61,hard (5-6 steps),small (11-100),False,False,both_wrong,True,True,both_correct,14.261476,10.930211,109.93219,75.77168
466,6,6,35,hard (5-6 steps),tiny (≤10),False,True,recovered,True,True,both_correct,9.762597,10.811735,65.04544,95.65213
467,4,4,43,medium (3-4 steps),large (>1K),False,False,both_wrong,False,False,both_wrong,13.34746,10.580534,92.835075,75.36131
468,5,5,43,hard (5-6 steps),medium (101-1K),False,False,both_wrong,False,False,both_wrong,12.100111,9.978973,88.76743,60.630054
469,2,2,45,easy (1-2 steps),tiny (≤10),True,True,both_correct,True,True,both_correct,15.24583,8.087806,86.57058,48.902184
470,4,4,36,medium (3-4 steps),tiny (≤10),True,True,both_correct,True,True,both_correct,15.067859,8.888291,113.61063,66.9832
471,4,4,46,medium (3-4 steps),small (11-100),True,True,both_correct,True,True,both_correct,14.123469,10.089415,118.78631,80.613884
472,2,2,57,easy (1-2 steps),tiny (≤10),True,False,regressed,True,False,regressed,9.533521,7.587074,67.109856,46.722626
473,3,2,26,medium (3-4 steps),tiny (≤10),False,False,both_wrong,False,True,recovered,10.372116,8.769237,70.93764,63.636017
474,2,1,31,easy (1-2 steps),small (11-100),True,True,both_correct,True,True,both_correct,12.870224,6.5362654,66.01387,37.55076
475,2,2,50,easy (1-2 steps),small (11-100),True,True,both_correct,True,True,both_correct,12.092954,6.3853335,95.33519,39.28473
476,2,2,38,easy (1-2 steps),tiny (≤10),True,True,both_correct,True,True,both_correct,13.958131,8.171092,87.422844,46.706413
477,2,2,36,easy (1-2 steps),small (11-100),False,True,recovered,False,True,recovered,10.848062,7.773637,73.62427,52.682552
478,3,3,44,medium (3-4 steps),medium (101-1K),True,True,both_correct,True,False,regressed,13.243895,5.992096,101.74181,37.66089
479,5,5,49,hard (5-6 steps),large (>1K),False,True,recovered,False,False,both_wrong,11.103569,7.625966,75.631516,50.95259
480,3,3,43,medium (3-4 steps),small (11-100),True,True,both_correct,True,True,both_correct,10.500266,8.718957,80.33335,65.43316
481,2,2,41,easy (1-2 steps),small (11-100),True,True,both_correct,True,True,both_correct,12.188592,8.065351,88.41397,49.509014
482,2,1,51,easy (1-2 steps),small (11-100),True,True,both_correct,True,True,both_correct,13.688004,7.47253,116.5189,47.877872
483,4,4,47,medium (3-4 steps),small (11-100),True,True,both_correct,True,True,both_correct,12.701308,7.22765,100.95352,43.182415
484,2,2,43,easy (1-2 steps),medium (101-1K),True,True,both_correct,True,True,both_correct,13.643789,8.231084,101.81196,49.29597
485,2,2,25,easy (1-2 steps),medium (101-1K),True,True,both_correct,True,True,both_correct,14.494311,7.782395,89.90061,46.505062
486,2,2,26,easy (1-2 steps),tiny (≤10),True,True,both_correct,True,True,both_correct,13.664001,7.659632,85.79365,46.86674
487,4,4,44,medium (3-4 steps),tiny (≤10),True,True,both_correct,True,True,both_correct,12.395703,8.297918,87.20633,62.331123
488,2,2,25,easy (1-2 steps),tiny (≤10),True,True,both_correct,True,True,both_correct,13.310129,8.3135605,82.61969,48.2424
489,3,2,42,medium (3-4 steps),tiny (≤10),False,False,both_wrong,False,False,both_wrong,9.209237,6.8061976,60.01141,43.101173
490,2,2,42,easy (1-2 steps),tiny (≤10),True,True,both_correct,True,True,both_correct,12.874532,7.437676,96.357346,47.600536
491,2,2,32,easy (1-2 steps),small (11-100),True,True,both_correct,True,True,both_correct,13.456354,7.172528,88.52793,43.613297
492,2,2,28,easy (1-2 steps),small (11-100),True,True,both_correct,True,True,both_correct,14.3419695,7.240062,88.26664,43.429626
493,3,2,48,medium (3-4 steps),small (11-100),False,False,both_wrong,False,False,both_wrong,9.046072,7.7817526,62.718056,54.975967
494,3,3,57,medium (3-4 steps),small (11-100),False,False,both_wrong,False,False,both_wrong,8.785512,7.8237724,56.954784,44.229473
495,2,2,39,easy (1-2 steps),medium (101-1K),True,True,both_correct,True,True,both_correct,12.591315,7.91895,90.680595,51.554413
496,2,2,27,easy (1-2 steps),small (11-100),True,True,both_correct,True,True,both_correct,12.068257,7.8915343,81.31517,53.913963
497,3,3,48,medium (3-4 steps),medium (101-1K),True,True,both_correct,False,True,recovered,10.64682,6.9495163,74.4913,43.03987
498,4,4,41,medium (3-4 steps),small (11-100),True,True,both_correct,True,True,both_correct,15.837339,9.437851,113.52305,63.641785
499,4,0,86,medium (3-4 steps),tiny (≤10),False,False,both_wrong,False,False,both_wrong,12.234075,7.2669225,92.12523,46.958458
500,9,5,27,very hard (7+ steps),small (11-100),False,False,both_wrong,True,False,regressed,9.136291,7.3036857,70.687515,46.36628
501,3,1,42,medium (3-4 steps),medium (101-1K),True,True,both_correct,True,True,both_correct,11.610344,8.4908285,91.57205,58.3609
502,3,3,53,medium (3-4 steps),small (11-100),True,True,both_correct,True,True,both_correct,15.04223,9.735143,114.528824,68.90681
503,4,4,36,medium (3-4 steps),small (11-100),True,True,both_correct,True,True,both_correct,12.515024,8.378101,95.389046,57.785095
504,3,3,78,medium (3-4 steps),tiny (≤10),False,False,both_wrong,False,False,both_wrong,8.586942,6.901948,61.2194,42.538795
505,5,4,76,hard (5-6 steps),large (>1K),False,True,recovered,False,False,both_wrong,9.634796,6.7557855,72.82544,43.807575
506,3,3,38,medium (3-4 steps),medium (101-1K),False,False,both_wrong,True,True,both_correct,11.118982,7.0615396,81.45284,41.06395
507,3,3,29,medium (3-4 steps),tiny (≤10),False,True,recovered,True,True,both_correct,10.724104,8.948385,82.25063,62.063847
508,3,3,43,medium (3-4 steps),medium (101-1K),True,True,both_correct,False,True,recovered,11.123901,8.567529,78.37242,58.052143
509,3,3,46,medium (3-4 steps),tiny (≤10),True,True,both_correct,True,True,both_correct,11.740492,8.258043,87.98814,52.23814
510,3,3,56,medium (3-4 steps),medium (101-1K),False,False,both_wrong,False,False,both_wrong,10.887326,9.077318,86.060005,68.60832
511,2,1,29,easy (1-2 steps),medium (101-1K),True,True,both_correct,True,True,both_correct,15.467674,7.7531404,86.26524,47.949245
512,2,2,39,easy (1-2 steps),medium (101-1K),True,False,regressed,False,True,recovered,13.021035,8.120377,92.36388,51.755886
513,4,4,26,medium (3-4 steps),medium (101-1K),True,True,both_correct,True,True,both_correct,15.292427,8.76971,110.873055,69.49618
514,2,1,24,easy (1-2 steps),large (>1K),True,True,both_correct,True,True,both_correct,13.886757,7.8776984,101.592155,49.293114
515,4,4,33,medium (3-4 steps),medium (101-1K),False,True,recovered,False,False,both_wrong,12.308547,8.14163,86.95841,53.267662
516,2,2,22,easy (1-2 steps),medium (101-1K),True,True,both_correct,True,True,both_correct,12.949799,7.7245355,97.82902,48.026134
517,2,2,34,easy (1-2 steps),small (11-100),True,True,both_correct,True,True,both_correct,13.871529,8.081113,88.19498,46.221268
518,6,6,54,hard (5-6 steps),small (11-100),True,True,both_correct,True,True,both_correct,14.877589,11.524327,117.56734,87.18996
519,2,0,23,easy (1-2 steps),medium (101-1K),False,False,both_wrong,False,False,both_wrong,12.704832,8.324763,87.09843,53.29658
520,2,2,73,easy (1-2 steps),small (11-100),False,False,both_wrong,False,False,both_wrong,9.547991,5.973247,64.97794,35.383953
521,4,4,60,medium (3-4 steps),small (11-100),True,True,both_correct,True,True,both_correct,15.421776,10.577691,116.545425,75.60634
522,3,3,72,medium (3-4 steps),small (11-100),True,True,both_correct,True,True,both_correct,11.441642,9.3514185,89.84111,64.40422
523,3,3,44,medium (3-4 steps),small (11-100),True,True,both_correct,True,False,regressed,14.775789,8.713665,120.16919,59.793514
524,3,3,38,medium (3-4 steps),tiny (≤10),True,True,both_correct,True,True,both_correct,12.552815,8.850153,100.846596,53.69699
525,2,2,63,easy (1-2 steps),small (11-100),False,False,both_wrong,True,False,regressed,10.487023,7.527347,65.81,46.908974
526,6,6,50,hard (5-6 steps),small (11-100),False,True,recovered,False,False,both_wrong,11.6847,6.603493,75.76763,43.58795
527,3,3,25,medium (3-4 steps),small (11-100),False,False,both_wrong,False,False,both_wrong,9.348567,6.1626406,69.674866,40.47945
528,6,6,43,hard (5-6 steps),medium (101-1K),False,False,both_wrong,False,False,both_wrong,10.440505,7.9407496,70.66808,54.422474
529,2,2,36,easy (1-2 steps),small (11-100),True,True,both_correct,True,True,both_correct,13.652873,7.806466,86.25232,49.727097
530,6,6,61,hard (5-6 steps),small (11-100),False,False,both_wrong,False,False,both_wrong,12.445457,8.840175,91.96842,52.704826
531,4,4,59,medium (3-4 steps),small (11-100),False,True,recovered,False,False,both_wrong,13.732179,10.504988,102.70162,86.74079
532,5,5,31,hard (5-6 steps),small (11-100),False,False,both_wrong,False,False,both_wrong,11.791428,9.086806,83.68177,64.028694
533,3,3,34,medium (3-4 steps),medium (101-1K),False,False,both_wrong,False,False,both_wrong,11.463419,7.7455206,92.39459,49.023014
534,5,5,84,hard (5-6 steps),medium (101-1K),False,False,both_wrong,False,False,both_wrong,11.943496,6.3069334,86.3424,37.011105
535,2,2,25,easy (1-2 steps),small (11-100),True,True,both_correct,True,True,both_correct,11.638975,7.730304,75.74881,47.885025
536,2,2,24,easy (1-2 steps),tiny (≤10),True,True,both_correct,True,True,both_correct,14.185618,7.3074994,95.1815,47.611595
537,3,3,55,medium (3-4 steps),medium (101-1K),True,False,regressed,False,True,recovered,11.485971,8.886643,85.3728,57.276344
538,2,2,48,easy (1-2 steps),small (11-100),True,True,both_correct,True,True,both_correct,15.259875,7.6508493,117.746735,46.61306
539,3,3,29,medium (3-4 steps),small (11-100),False,False,both_wrong,True,False,regressed,10.538117,7.5527306,82.53704,43.68629
540,5,5,57,hard (5-6 steps),small (11-100),True,False,regressed,False,False,both_wrong,11.932913,9.225467,88.68146,63.066925
541,7,1,52,very hard (7+ steps),small (11-100),True,True,both_correct,False,False,both_wrong,11.400563,8.440006,82.95557,57.50217
542,5,5,33,hard (5-6 steps),tiny (≤10),False,False,both_wrong,False,False,both_wrong,15.53202,11.557642,116.84018,80.37602
543,2,2,27,easy (1-2 steps),tiny (≤10),True,True,both_correct,True,True,both_correct,11.890677,9.488844,92.75458,65.987564
544,2,2,26,easy (1-2 steps),small (11-100),True,True,both_correct,True,True,both_correct,12.554311,8.908328,102.514015,59.5064
545,2,2,30,easy (1-2 steps),small (11-100),True,True,both_correct,True,True,both_correct,12.597855,6.627599,83.225464,40.11142
546,4,4,42,medium (3-4 steps),medium (101-1K),False,False,both_wrong,False,False,both_wrong,12.221143,9.254148,96.26083,57.19129
547,4,3,42,medium (3-4 steps),small (11-100),False,False,both_wrong,True,False,regressed,12.97261,6.8183556,96.15206,43.22088
548,3,2,26,medium (3-4 steps),small (11-100),True,True,both_correct,True,True,both_correct,14.6747,7.6944203,89.44944,47.226124
549,2,2,42,easy (1-2 steps),medium (101-1K),False,True,recovered,False,True,recovered,14.2536545,8.510417,104.87505,53.57179
550,5,5,74,hard (5-6 steps),small (11-100),False,False,both_wrong,True,True,both_correct,13.928955,10.860009,110.77131,80.810875
551,5,5,45,hard (5-6 steps),small (11-100),True,True,both_correct,True,True,both_correct,16.642492,11.647085,128.2025,82.10275
552,4,3,44,medium (3-4 steps),medium (101-1K),False,False,both_wrong,False,False,both_wrong,9.63179,7.8724566,67.27537,48.101837
553,3,3,61,medium (3-4 steps),small (11-100),True,True,both_correct,True,True,both_correct,14.402479,9.471807,117.51775,66.661575
554,5,4,47,hard (5-6 steps),small (11-100),False,True,recovered,False,False,both_wrong,11.960467,8.330661,75.29951,54.296494
555,3,3,37,medium (3-4 steps),tiny (≤10),True,True,both_correct,True,True,both_correct,13.274989,8.892144,107.89697,58.529446
556,2,1,30,easy (1-2 steps),medium (101-1K),True,True,both_correct,True,True,both_correct,12.54991,7.488707,84.8648,45.01022
557,4,4,31,medium (3-4 steps),small (11-100),True,True,both_correct,False,True,recovered,14.559836,8.077846,104.62986,62.931576
558,2,2,32,easy (1-2 steps),tiny (≤10),True,True,both_correct,True,True,both_correct,13.900544,7.8758173,76.34223,47.074116
559,4,3,55,medium (3-4 steps),small (11-100),False,False,both_wrong,False,False,both_wrong,12.161171,8.920267,86.61139,59.55751
560,3,3,33,medium (3-4 steps),small (11-100),True,True,both_correct,True,True,both_correct,12.817851,8.15661,97.79695,53.224228
561,4,4,32,medium (3-4 steps),medium (101-1K),False,False,both_wrong,False,False,both_wrong,14.963372,10.74398,121.0809,73.92998
562,2,2,67,easy (1-2 steps),small (11-100),True,True,both_correct,True,True,both_correct,14.197886,8.149651,104.227425,54.51804
563,4,4,36,medium (3-4 steps),small (11-100),True,True,both_correct,True,True,both_correct,13.392098,10.569083,90.11,78.05365
564,4,4,44,medium (3-4 steps),medium (101-1K),False,False,both_wrong,False,False,both_wrong,11.788793,8.779147,89.729935,54.3937
565,4,4,26,medium (3-4 steps),tiny (≤10),True,True,both_correct,True,True,both_correct,14.376401,8.992952,96.885056,60.40498
566,3,3,25,medium (3-4 steps),tiny (≤10),False,False,both_wrong,False,True,recovered,14.693239,9.659957,107.33047,73.415184
567,4,4,74,medium (3-4 steps),tiny (≤10),True,True,both_correct,False,True,recovered,9.153777,8.562953,61.200157,56.728848
568,4,4,38,medium (3-4 steps),medium (101-1K),False,True,recovered,False,False,both_wrong,11.658964,7.830889,87.681496,49.378407
569,2,2,52,easy (1-2 steps),small (11-100),True,True,both_correct,True,True,both_correct,14.183835,7.5981483,96.05631,46.466255
570,6,6,61,hard (5-6 steps),small (11-100),False,True,recovered,False,False,both_wrong,11.699186,7.916328,83.11542,50.960716
571,3,3,34,medium (3-4 steps),medium (101-1K),True,True,both_correct,True,True,both_correct,13.153438,8.0088215,107.009285,52.299744
572,6,6,57,hard (5-6 steps),small (11-100),False,False,both_wrong,False,False,both_wrong,12.527524,8.641681,84.614265,51.863125
573,3,3,28,medium (3-4 steps),medium (101-1K),True,True,both_correct,True,True,both_correct,13.392313,6.8384295,106.163956,46.980274
574,3,3,45,medium (3-4 steps),small (11-100),False,False,both_wrong,False,False,both_wrong,10.638896,9.043746,74.21524,57.521286
575,3,3,82,medium (3-4 steps),small (11-100),False,False,both_wrong,False,False,both_wrong,11.364787,8.187931,78.822876,55.47405
576,6,5,66,hard (5-6 steps),large (>1K),False,False,both_wrong,False,False,both_wrong,11.16945,9.096848,71.49667,66.194756
577,4,4,72,medium (3-4 steps),small (11-100),False,False,both_wrong,True,False,regressed,8.392451,6.718301,58.154903,39.763317
578,5,5,42,hard (5-6 steps),small (11-100),False,False,both_wrong,False,False,both_wrong,8.400667,7.9194994,52.881683,51.878696
579,2,2,21,easy (1-2 steps),tiny (≤10),True,True,both_correct,True,True,both_correct,14.569563,7.1518927,79.31408,44.63076
580,5,3,39,hard (5-6 steps),medium (101-1K),False,False,both_wrong,False,False,both_wrong,11.024633,8.229928,72.04314,48.59586
581,5,4,41,hard (5-6 steps),medium (101-1K),True,True,both_correct,True,True,both_correct,12.384433,8.698881,99.68386,53.872696
582,3,3,37,medium (3-4 steps),large (>1K),False,False,both_wrong,False,False,both_wrong,12.109911,9.476472,98.164825,63.725956
583,6,6,50,hard (5-6 steps),medium (101-1K),False,False,both_wrong,False,False,both_wrong,13.148474,9.082482,86.667274,64.4718
584,6,6,37,hard (5-6 steps),tiny (≤10),False,True,recovered,False,False,both_wrong,10.465732,10.28395,80.58004,63.185104
585,7,5,57,very hard (7+ steps),small (11-100),False,False,both_wrong,False,True,recovered,10.263362,6.597882,57.69648,41.01853
586,3,3,42,medium (3-4 steps),medium (101-1K),True,True,both_correct,True,True,both_correct,14.927855,9.508096,115.56404,78.392525
587,6,5,73,hard (5-6 steps),small (11-100),False,False,both_wrong,False,False,both_wrong,7.218093,5.997323,48.09301,34.0414
588,3,3,55,medium (3-4 steps),small (11-100),False,False,both_wrong,False,False,both_wrong,9.671842,6.9472957,63.94335,41.518738
589,2,2,43,easy (1-2 steps),small (11-100),False,False,both_wrong,False,False,both_wrong,8.754883,7.470386,65.65322,50.520576
590,4,4,72,medium (3-4 steps),medium (101-1K),False,False,both_wrong,False,False,both_wrong,13.558004,8.669165,89.33787,58.848537
591,3,2,78,medium (3-4 steps),medium (101-1K),True,True,both_correct,True,True,both_correct,12.857196,9.108509,107.20233,64.386215
592,4,4,53,medium (3-4 steps),tiny (≤10),True,True,both_correct,False,True,recovered,10.808179,9.550851,74.22682,69.22569
593,3,3,42,medium (3-4 steps),tiny (≤10),False,False,both_wrong,False,True,recovered,9.12754,8.016295,69.92894,50.95721
594,3,3,32,medium (3-4 steps),small (11-100),True,True,both_correct,False,False,both_wrong,10.81739,8.698596,81.54965,60.69599
595,5,2,19,hard (5-6 steps),small (11-100),True,True,both_correct,False,True,recovered,10.985434,5.127935,87.78405,29.84573
596,4,4,70,medium (3-4 steps),medium (101-1K),False,False,both_wrong,True,False,regressed,11.960662,8.880832,97.47325,61.648224
597,5,2,40,hard (5-6 steps),small (11-100),True,False,regressed,False,True,recovered,10.482245,8.801034,77.664116,58.69135
598,6,4,28,hard (5-6 steps),small (11-100),False,False,both_wrong,False,False,both_wrong,11.511705,9.514023,74.95196,61.145832
599,4,4,24,medium (3-4 steps),small (11-100),True,False,regressed,False,True,recovered,13.450149,8.97901,107.24362,58.934666
600,2,1,48,easy (1-2 steps),tiny (≤10),True,True,both_correct,True,True,both_correct,13.3715925,8.604643,90.69917,55.539288
601,6,6,84,hard (5-6 steps),medium (101-1K),False,False,both_wrong,False,False,both_wrong,10.760405,7.558841,66.7433,48.405956
602,2,2,25,easy (1-2 steps),tiny (≤10),True,True,both_correct,True,True,both_correct,16.152367,8.057847,85.5126,48.594944
603,5,5,48,hard (5-6 steps),large (>1K),False,False,both_wrong,False,False,both_wrong,11.922586,8.887053,72.1365,58.38597
604,4,4,52,medium (3-4 steps),small (11-100),True,True,both_correct,False,True,recovered,14.581652,9.628672,118.3208,64.54499
605,5,5,52,hard (5-6 steps),small (11-100),True,True,both_correct,True,True,both_correct,11.309594,8.959945,72.06856,57.027042
606,4,4,34,medium (3-4 steps),tiny (≤10),False,False,both_wrong,False,False,both_wrong,10.038213,9.336921,78.09118,62.75515
607,2,2,39,easy (1-2 steps),tiny (≤10),False,False,both_wrong,False,False,both_wrong,10.52382,7.5854087,72.739265,47.109108
608,4,4,58,medium (3-4 steps),tiny (≤10),False,False,both_wrong,False,False,both_wrong,13.033356,10.156573,94.53246,68.142815
609,2,1,45,easy (1-2 steps),tiny (≤10),True,True,both_correct,False,True,recovered,10.8276005,6.867068,73.0705,44.474167
610,3,3,30,medium (3-4 steps),large (>1K),False,False,both_wrong,False,False,both_wrong,10.256201,8.057006,83.45331,50.15355
611,6,6,52,hard (5-6 steps),large (>1K),False,False,both_wrong,False,False,both_wrong,10.417425,7.725947,57.57686,51.90881
612,2,2,60,easy (1-2 steps),small (11-100),False,False,both_wrong,True,False,regressed,11.691515,7.8303227,82.440895,54.601433
613,2,2,30,easy (1-2 steps),large (>1K),True,False,regressed,False,False,both_wrong,14.496158,7.992593,89.48495,52.27867
614,3,3,34,medium (3-4 steps),medium (101-1K),True,True,both_correct,True,True,both_correct,13.558046,9.402727,108.33787,62.909897
615,4,4,51,medium (3-4 steps),small (11-100),False,False,both_wrong,False,True,recovered,12.8132305,9.606626,110.98655,65.94167
616,3,2,40,medium (3-4 steps),tiny (≤10),False,True,recovered,True,False,regressed,13.17485,7.241836,77.61112,44.98679
617,2,2,44,easy (1-2 steps),tiny (≤10),True,True,both_correct,True,True,both_correct,14.463783,7.5264373,80.259674,47.54757
618,5,5,51,hard (5-6 steps),small (11-100),True,True,both_correct,True,True,both_correct,13.615424,9.367348,107.90266,69.35559
619,3,3,44,medium (3-4 steps),small (11-100),True,True,both_correct,True,True,both_correct,12.95782,8.787077,104.92659,58.103115
620,3,3,44,medium (3-4 steps),large (>1K),False,False,both_wrong,False,False,both_wrong,10.714167,8.275426,55.395298,52.4456
621,3,3,44,medium (3-4 steps),large (>1K),True,True,both_correct,True,True,both_correct,9.847961,10.067096,74.12893,69.1241
622,6,4,78,hard (5-6 steps),tiny (≤10),False,False,both_wrong,False,False,both_wrong,10.8272505,9.595599,74.48401,71.046585
623,2,2,18,easy (1-2 steps),tiny (≤10),False,False,both_wrong,False,False,both_wrong,12.101381,5.756601,72.65102,36.56549
624,3,2,38,medium (3-4 steps),small (11-100),True,True,both_correct,True,True,both_correct,13.141278,9.393634,111.3692,62.34095
625,2,2,33,easy (1-2 steps),medium (101-1K),True,True,both_correct,True,True,both_correct,14.506758,7.986283,77.05943,49.782795
626,3,3,39,medium (3-4 steps),small (11-100),True,False,regressed,False,True,recovered,9.866841,8.36372,75.21452,58.126335
627,5,4,41,hard (5-6 steps),small (11-100),True,True,both_correct,False,True,recovered,13.175201,8.988276,83.574036,55.278957
628,2,2,45,easy (1-2 steps),tiny (≤10),True,True,both_correct,True,True,both_correct,13.782651,8.337542,106.706345,62.660675
629,5,5,39,hard (5-6 steps),large (>1K),True,True,both_correct,True,True,both_correct,10.780292,9.385397,81.35286,65.864265
630,2,2,51,easy (1-2 steps),tiny (≤10),True,True,both_correct,True,True,both_correct,11.09126,8.349173,80.3744,54.487907
631,3,1,50,medium (3-4 steps),large (>1K),True,True,both_correct,False,True,recovered,13.287668,8.859921,103.07541,60.59332
632,3,3,56,medium (3-4 steps),small (11-100),True,True,both_correct,True,True,both_correct,14.196908,9.628306,106.14842,75.61333
633,2,2,30,easy (1-2 steps),tiny (≤10),True,True,both_correct,True,False,regressed,11.384137,8.496076,86.26656,53.78019
634,2,2,25,easy (1-2 steps),small (11-100),True,True,both_correct,True,True,both_correct,13.49257,8.243413,86.93345,49.572952
635,2,2,49,easy (1-2 steps),tiny (≤10),False,True,recovered,True,True,both_correct,10.270219,7.108333,45.449734,41.986427
636,3,3,36,medium (3-4 steps),large (>1K),True,True,both_correct,True,True,both_correct,14.074835,7.1983247,104.53161,50.06372
637,4,3,29,medium (3-4 steps),small (11-100),False,True,recovered,True,True,both_correct,13.858771,8.258435,80.44726,52.20226
638,5,5,24,hard (5-6 steps),small (11-100),False,False,both_wrong,False,False,both_wrong,11.223703,8.428406,82.97787,56.198936
639,2,2,40,easy (1-2 steps),medium (101-1K),True,True,both_correct,True,True,both_correct,11.371642,8.416307,96.5763,54.074898
640,3,2,97,medium (3-4 steps),large (>1K),False,False,both_wrong,False,False,both_wrong,10.072131,8.594095,70.31138,56.90431
641,5,5,36,hard (5-6 steps),large (>1K),False,False,both_wrong,False,False,both_wrong,9.467372,9.672833,61.911816,82.774284
642,6,6,45,hard (5-6 steps),large (>1K),False,False,both_wrong,False,False,both_wrong,11.653018,7.8479657,74.55079,47.44712
643,3,3,48,medium (3-4 steps),medium (101-1K),True,True,both_correct,True,True,both_correct,13.662084,8.039495,97.86711,50.31331
644,3,3,40,medium (3-4 steps),small (11-100),True,True,both_correct,True,True,both_correct,13.939927,8.554004,110.38875,59.285683
645,2,2,30,easy (1-2 steps),small (11-100),True,True,both_correct,True,True,both_correct,13.932226,7.84539,84.21303,49.740913
646,4,3,29,medium (3-4 steps),small (11-100),True,True,both_correct,True,True,both_correct,12.910745,10.225969,104.03213,68.29199
647,4,4,48,medium (3-4 steps),tiny (≤10),True,True,both_correct,True,True,both_correct,12.462097,8.833142,92.02223,56.052944
648,2,2,59,easy (1-2 steps),small (11-100),True,False,regressed,True,False,regressed,12.7595415,8.275842,103.00864,53.603134
649,3,3,48,medium (3-4 steps),large (>1K),False,False,both_wrong,False,False,both_wrong,11.676637,8.643579,89.838455,63.333443
650,6,6,69,hard (5-6 steps),medium (101-1K),False,False,both_wrong,False,False,both_wrong,12.875811,11.186846,104.17161,93.10983
651,4,4,60,medium (3-4 steps),large (>1K),False,False,both_wrong,False,False,both_wrong,9.792885,7.2748995,69.29497,50.461998
652,7,6,36,very hard (7+ steps),small (11-100),False,False,both_wrong,True,False,regressed,11.946009,10.08005,77.15237,73.56937
653,2,2,54,easy (1-2 steps),small (11-100),False,True,recovered,True,True,both_correct,12.874661,6.948026,55.877357,39.84379
654,3,3,41,medium (3-4 steps),tiny (≤10),True,True,both_correct,False,True,recovered,11.583312,8.713376,81.17474,61.393936
655,2,2,26,easy (1-2 steps),tiny (≤10),True,True,both_correct,True,True,both_correct,14.143324,7.433811,81.34061,44.83212
656,2,2,39,easy (1-2 steps),tiny (≤10),False,False,both_wrong,False,False,both_wrong,10.845312,4.5157285,58.09279,24.950253
657,4,4,49,medium (3-4 steps),large (>1K),False,False,both_wrong,False,True,recovered,11.6362,7.6136284,79.990944,56.313988
658,4,4,61,medium (3-4 steps),medium (101-1K),True,True,both_correct,True,True,both_correct,14.194994,9.421945,102.72748,74.62121
659,6,3,41,hard (5-6 steps),tiny (≤10),False,False,both_wrong,False,False,both_wrong,10.462675,8.241008,66.53417,53.858124
660,8,2,34,very hard (7+ steps),small (11-100),True,False,regressed,True,True,both_correct,11.0052805,7.7570767,83.30975,52.927162
661,5,5,72,hard (5-6 steps),small (11-100),True,True,both_correct,True,True,both_correct,13.640425,10.378473,90.53423,79.07686
662,3,3,37,medium (3-4 steps),tiny (≤10),True,True,both_correct,True,True,both_correct,12.911967,9.002473,94.46416,59.008877
663,2,2,33,easy (1-2 steps),medium (101-1K),True,False,regressed,True,False,regressed,12.025307,7.0578504,104.91367,43.70301
664,3,3,41,medium (3-4 steps),small (11-100),True,True,both_correct,True,True,both_correct,12.402463,9.226975,101.48172,63.898132
665,3,3,48,medium (3-4 steps),medium (101-1K),True,True,both_correct,True,True,both_correct,13.69254,8.620718,104.06106,55.71581
666,5,5,39,hard (5-6 steps),medium (101-1K),True,False,regressed,False,False,both_wrong,11.929069,8.834676,76.471504,55.70452
667,2,2,35,easy (1-2 steps),small (11-100),True,True,both_correct,True,True,both_correct,14.2274475,8.020445,79.42617,50.012314
668,2,2,28,easy (1-2 steps),tiny (≤10),True,True,both_correct,True,True,both_correct,12.227568,7.9292603,72.49849,50.52578
669,3,2,33,medium (3-4 steps),medium (101-1K),False,False,both_wrong,False,False,both_wrong,13.078535,10.470759,95.91923,73.46018
670,2,2,42,easy (1-2 steps),tiny (≤10),True,True,both_correct,True,True,both_correct,12.729344,7.661723,100.66171,46.374084
671,4,4,49,medium (3-4 steps),tiny (≤10),False,True,recovered,False,False,both_wrong,14.44696,10.409006,109.53102,84.48482
672,4,4,68,medium (3-4 steps),tiny (≤10),False,False,both_wrong,False,False,both_wrong,7.3905687,6.769454,44.526497,42.809563
673,5,1,23,hard (5-6 steps),tiny (≤10),True,True,both_correct,True,True,both_correct,12.62704,6.181066,53.72312,39.15064
674,3,3,29,medium (3-4 steps),small (11-100),False,False,both_wrong,True,True,both_correct,13.8125515,8.794133,109.470566,56.986214
675,5,4,89,hard (5-6 steps),small (11-100),False,False,both_wrong,False,False,both_wrong,9.363426,6.3577256,61.617676,39.245285
676,5,5,37,hard (5-6 steps),medium (101-1K),True,True,both_correct,True,True,both_correct,14.697757,9.636442,100.460434,81.15681
677,2,2,97,easy (1-2 steps),small (11-100),False,False,both_wrong,True,False,regressed,12.410857,7.6021457,90.65898,50.003746
678,3,3,26,medium (3-4 steps),medium (101-1K),True,True,both_correct,True,True,both_correct,13.58224,8.37102,106.45385,55.356453
679,2,2,18,easy (1-2 steps),medium (101-1K),True,False,regressed,True,False,regressed,14.244299,7.7828555,89.16062,46.83162
680,3,3,42,medium (3-4 steps),small (11-100),False,False,both_wrong,False,False,both_wrong,12.885846,7.8251114,86.45417,51.532112
681,4,4,38,medium (3-4 steps),medium (101-1K),False,False,both_wrong,False,False,both_wrong,9.534475,7.905327,71.32233,56.479237
682,6,1,57,hard (5-6 steps),small (11-100),True,True,both_correct,True,True,both_correct,12.853248,8.118175,95.46031,53.01463
683,3,3,49,medium (3-4 steps),small (11-100),False,False,both_wrong,False,False,both_wrong,10.456236,7.377627,80.29931,45.126247
684,2,2,50,easy (1-2 steps),small (11-100),True,True,both_correct,True,True,both_correct,14.250651,8.891713,110.88131,55.97017
685,4,4,39,medium (3-4 steps),small (11-100),True,True,both_correct,True,True,both_correct,10.927594,7.3632264,80.79947,45.026726
686,3,3,43,medium (3-4 steps),small (11-100),True,True,both_correct,True,True,both_correct,16.025486,8.739248,120.32038,58.705982
687,11,5,33,very hard (7+ steps),small (11-100),False,False,both_wrong,False,False,both_wrong,9.542054,7.267472,65.80855,49.984272
688,3,3,54,medium (3-4 steps),small (11-100),False,True,recovered,True,True,both_correct,12.1392975,8.521865,74.63089,56.985188
689,6,4,25,hard (5-6 steps),tiny (≤10),False,False,both_wrong,False,False,both_wrong,9.70756,7.3706937,57.971844,45.954166
690,6,6,41,hard (5-6 steps),large (>1K),True,False,regressed,True,False,regressed,13.300859,9.0994005,90.48278,61.95982
691,4,4,41,medium (3-4 steps),small (11-100),False,False,both_wrong,False,False,both_wrong,12.35156,7.73355,84.82656,46.359276
692,6,6,77,hard (5-6 steps),small (11-100),False,False,both_wrong,False,False,both_wrong,10.169937,6.585301,62.80622,43.496223
693,6,2,45,hard (5-6 steps),small (11-100),False,False,both_wrong,False,False,both_wrong,13.748473,10.428717,99.3569,72.60896
694,4,4,41,medium (3-4 steps),tiny (≤10),False,False,both_wrong,False,False,both_wrong,11.27987,8.152712,78.26984,55.43745
695,2,0,28,easy (1-2 steps),tiny (≤10),True,True,both_correct,True,True,both_correct,11.544042,7.5174093,73.70907,47.227055
696,6,6,83,hard (5-6 steps),medium (101-1K),False,False,both_wrong,False,False,both_wrong,13.483342,9.799288,85.774086,61.23155
697,2,2,65,easy (1-2 steps),small (11-100),True,False,regressed,True,False,regressed,10.405477,7.305787,74.54505,49.961544
698,4,4,45,medium (3-4 steps),medium (101-1K),True,True,both_correct,True,True,both_correct,13.628875,8.739839,103.00007,59.651764
699,2,1,27,easy (1-2 steps),tiny (≤10),True,True,both_correct,True,True,both_correct,13.389185,7.843349,92.97019,48.027493
700,4,4,61,medium (3-4 steps),medium (101-1K),True,True,both_correct,False,True,recovered,12.705752,9.637815,82.96013,69.97344
701,5,5,74,hard (5-6 steps),medium (101-1K),False,False,both_wrong,False,False,both_wrong,10.996881,8.653142,70.83742,52.217155
702,2,2,62,easy (1-2 steps),large (>1K),False,True,recovered,False,False,both_wrong,14.338004,8.08227,122.83838,51.823254
703,4,4,45,medium (3-4 steps),small (11-100),False,False,both_wrong,False,False,both_wrong,12.158397,6.663331,89.20635,45.03987
704,5,5,23,hard (5-6 steps),small (11-100),True,True,both_correct,True,True,both_correct,14.830079,9.623418,111.45611,64.956116
705,2,2,26,easy (1-2 steps),medium (101-1K),True,True,both_correct,True,True,both_correct,13.981788,8.003763,76.75421,49.489986
706,2,2,48,easy (1-2 steps),tiny (≤10),False,False,both_wrong,False,False,both_wrong,12.582385,8.0939,84.90456,52.884827
707,2,0,36,easy (1-2 steps),tiny (≤10),False,False,both_wrong,False,False,both_wrong,10.954152,6.640313,69.78932,38.71124
708,2,2,20,easy (1-2 steps),medium (101-1K),True,True,both_correct,True,True,both_correct,13.487511,7.3669853,101.52556,44.39283
709,5,5,37,hard (5-6 steps),large (>1K),False,False,both_wrong,False,False,both_wrong,11.535699,8.96509,81.27421,61.903767
710,7,7,48,very hard (7+ steps),small (11-100),False,False,both_wrong,False,True,recovered,14.650626,11.569383,102.354195,78.59059
711,3,3,35,medium (3-4 steps),tiny (≤10),False,False,both_wrong,False,False,both_wrong,10.503496,7.360757,78.65736,48.809155
712,3,3,34,medium (3-4 steps),small (11-100),False,False,both_wrong,False,False,both_wrong,11.439862,7.5739126,77.05846,52.34012
713,3,3,33,medium (3-4 steps),medium (101-1K),True,True,both_correct,True,True,both_correct,14.722356,7.8251953,104.95314,46.2715
714,4,4,39,medium (3-4 steps),tiny (≤10),False,True,recovered,True,False,regressed,10.483958,9.280847,74.881615,60.848583
715,3,3,50,medium (3-4 steps),large (>1K),False,True,recovered,True,True,both_correct,12.630759,8.72186,104.972305,56.05797
716,4,4,41,medium (3-4 steps),medium (101-1K),False,True,recovered,False,False,both_wrong,12.482912,7.3786077,84.03352,44.141087
717,4,4,26,medium (3-4 steps),tiny (≤10),True,True,both_correct,True,True,both_correct,14.433967,9.854266,107.56465,67.77213
718,3,3,48,medium (3-4 steps),tiny (≤10),True,True,both_correct,True,True,both_correct,12.793536,9.636047,101.31392,68.00576
719,2,2,39,easy (1-2 steps),medium (101-1K),True,True,both_correct,True,True,both_correct,13.161268,6.2031226,96.30916,35.895535
720,2,2,37,easy (1-2 steps),tiny (≤10),True,True,both_correct,True,True,both_correct,14.237617,7.8060203,86.72879,48.96757
721,6,5,96,hard (5-6 steps),large (>1K),False,False,both_wrong,False,False,both_wrong,11.707647,8.817381,81.14217,57.60444
722,2,2,74,easy (1-2 steps),medium (101-1K),True,True,both_correct,True,True,both_correct,15.337859,7.9101067,105.08084,52.988556
723,3,3,38,medium (3-4 steps),medium (101-1K),True,True,both_correct,True,True,both_correct,11.815946,9.497874,83.1109,57.932297
724,7,4,44,very hard (7+ steps),small (11-100),False,True,recovered,False,False,both_wrong,11.398759,10.215111,61.986626,60.033283
725,3,3,37,medium (3-4 steps),small (11-100),False,False,both_wrong,True,False,regressed,12.337174,8.784536,85.620926,56.320282
726,5,2,49,hard (5-6 steps),tiny (≤10),False,False,both_wrong,False,False,both_wrong,9.846606,7.8487353,73.79306,53.591248
727,5,5,59,hard (5-6 steps),medium (101-1K),False,False,both_wrong,True,True,both_correct,10.528328,9.13671,72.78883,64.77015
728,3,2,34,medium (3-4 steps),small (11-100),False,False,both_wrong,True,False,regressed,11.331155,8.100095,79.19682,46.299507
729,4,4,46,medium (3-4 steps),medium (101-1K),True,True,both_correct,True,True,both_correct,13.73607,9.392568,103.59677,79.86378
730,2,2,33,easy (1-2 steps),tiny (≤10),True,True,both_correct,True,True,both_correct,14.552114,7.9669037,96.867065,51.129013
731,5,5,43,hard (5-6 steps),tiny (≤10),False,True,recovered,False,True,recovered,12.426607,9.277907,80.02885,59.171135
732,5,4,38,hard (5-6 steps),small (11-100),False,True,recovered,False,False,both_wrong,12.5960865,8.848421,92.18537,63.789402
733,2,2,34,easy (1-2 steps),tiny (≤10),True,True,both_correct,True,True,both_correct,10.861784,8.517688,67.86712,51.01383
734,3,3,54,medium (3-4 steps),small (11-100),False,True,recovered,False,True,recovered,10.156978,6.960477,77.11165,39.700333
735,5,5,44,hard (5-6 steps),small (11-100),True,True,both_correct,True,True,both_correct,13.301349,9.037297,93.01504,57.635487
736,4,4,27,medium (3-4 steps),tiny (≤10),False,True,recovered,False,True,recovered,9.229255,8.001536,71.181786,48.75121
737,5,3,60,hard (5-6 steps),tiny (≤10),True,True,both_correct,True,True,both_correct,17.098274,11.496744,122.95119,81.485245
738,3,3,30,medium (3-4 steps),tiny (≤10),True,True,both_correct,True,True,both_correct,13.981484,9.110858,102.32727,66.82904
739,4,3,41,medium (3-4 steps),small (11-100),False,False,both_wrong,False,False,both_wrong,13.296099,9.690409,96.93092,73.10151
740,2,2,52,easy (1-2 steps),small (11-100),True,True,both_correct,True,True,both_correct,12.203857,6.8299527,88.1927,41.241955
741,3,3,38,medium (3-4 steps),small (11-100),True,True,both_correct,True,True,both_correct,13.543999,7.998429,97.69768,51.518475
742,3,3,37,medium (3-4 steps),small (11-100),False,True,recovered,True,True,both_correct,11.01668,7.033231,78.530914,45.42871
743,4,4,56,medium (3-4 steps),tiny (≤10),True,True,both_correct,True,False,regressed,13.189612,9.581267,102.97826,69.35115
744,2,2,60,easy (1-2 steps),tiny (≤10),True,True,both_correct,True,True,both_correct,11.283691,8.68849,92.329315,54.155483
745,4,4,52,medium (3-4 steps),large (>1K),False,False,both_wrong,False,False,both_wrong,11.141602,10.216096,76.29235,78.34923
746,7,7,77,very hard (7+ steps),small (11-100),False,False,both_wrong,False,False,both_wrong,11.238085,9.267705,75.85529,72.4077
747,4,4,46,medium (3-4 steps),medium (101-1K),True,True,both_correct,True,True,both_correct,13.242182,9.913604,88.0775,73.069466
748,3,3,32,medium (3-4 steps),medium (101-1K),True,True,both_correct,True,True,both_correct,11.171771,7.3349395,90.69307,45.05995
749,2,2,30,easy (1-2 steps),tiny (≤10),True,True,both_correct,False,False,both_wrong,12.735517,8.491476,79.33842,53.774666
750,5,5,43,hard (5-6 steps),large (>1K),False,False,both_wrong,False,False,both_wrong,14.045604,8.778769,112.18722,68.206795
751,5,4,74,hard (5-6 steps),small (11-100),True,True,both_correct,True,False,regressed,11.870643,9.297334,93.71872,70.29668
752,2,2,27,easy (1-2 steps),medium (101-1K),False,True,recovered,False,False,both_wrong,12.57749,6.9763136,82.92295,47.17489
753,5,4,43,hard (5-6 steps),medium (101-1K),True,True,both_correct,True,True,both_correct,13.685937,10.026462,105.34398,79.15019
754,8,6,84,very hard (7+ steps),small (11-100),False,False,both_wrong,False,False,both_wrong,10.355893,8.11266,64.04757,49.594578
755,2,2,40,easy (1-2 steps),tiny (≤10),True,True,both_correct,True,True,both_correct,11.521886,7.5757184,86.02219,51.14515
756,4,1,48,medium (3-4 steps),small (11-100),True,True,both_correct,True,True,both_correct,12.330663,8.759255,97.76927,52.5157
757,5,5,63,hard (5-6 steps),small (11-100),False,False,both_wrong,False,False,both_wrong,11.656356,10.071797,88.13332,82.26024
758,2,2,19,easy (1-2 steps),medium (101-1K),True,True,both_correct,True,True,both_correct,14.036092,8.063779,83.60185,54.256115
759,2,2,32,easy (1-2 steps),large (>1K),True,True,both_correct,True,True,both_correct,12.7901325,8.089938,83.55673,49.119846
760,4,4,44,medium (3-4 steps),small (11-100),True,True,both_correct,True,True,both_correct,13.532702,9.6887665,99.290054,78.721176
761,2,2,26,easy (1-2 steps),small (11-100),True,True,both_correct,True,True,both_correct,13.217764,8.304251,97.20753,54.26538
762,3,3,41,medium (3-4 steps),small (11-100),True,True,both_correct,True,True,both_correct,14.7812395,10.089166,109.91792,67.60445
763,7,0,52,very hard (7+ steps),small (11-100),False,False,both_wrong,False,False,both_wrong,9.6131735,6.697307,70.21033,40.77721
764,4,4,53,medium (3-4 steps),small (11-100),False,True,recovered,True,True,both_correct,11.902764,8.24006,81.67874,52.46415
765,3,3,18,medium (3-4 steps),medium (101-1K),False,True,recovered,True,True,both_correct,13.921269,8.991495,107.00707,63.40199
766,2,2,42,easy (1-2 steps),small (11-100),True,True,both_correct,True,True,both_correct,14.668539,7.3568473,89.71497,46.19209
767,2,2,32,easy (1-2 steps),small (11-100),True,True,both_correct,True,True,both_correct,13.022901,8.541853,100.68198,51.470966
768,3,3,31,medium (3-4 steps),medium (101-1K),False,False,both_wrong,False,False,both_wrong,12.880987,7.684215,92.58807,47.647575
769,3,2,52,medium (3-4 steps),medium (101-1K),False,False,both_wrong,False,False,both_wrong,11.81924,8.694735,75.22184,57.826256
770,3,3,88,medium (3-4 steps),tiny (≤10),True,True,both_correct,False,True,recovered,12.381755,8.285975,99.22437,56.072197
771,3,3,44,medium (3-4 steps),tiny (≤10),True,True,both_correct,True,True,both_correct,14.617371,8.714757,111.8417,56.487144
772,6,6,62,hard (5-6 steps),small (11-100),True,True,both_correct,False,False,both_wrong,10.947348,9.212061,70.15869,68.44893
773,5,5,33,hard (5-6 steps),tiny (≤10),True,True,both_correct,True,True,both_correct,13.282376,9.116118,99.47157,69.59662
774,3,3,31,medium (3-4 steps),tiny (≤10),False,False,both_wrong,False,True,recovered,10.261771,7.928238,74.85937,51.987484
775,4,4,50,medium (3-4 steps),medium (101-1K),False,False,both_wrong,True,True,both_correct,13.941411,9.650592,108.06162,69.089066
776,2,2,20,easy (1-2 steps),medium (101-1K),True,True,both_correct,True,True,both_correct,14.828088,7.2166495,89.33968,46.149723
777,8,8,72,very hard (7+ steps),large (>1K),False,True,recovered,False,False,both_wrong,11.024373,9.979142,68.932915,73.94787
778,4,4,52,medium (3-4 steps),small (11-100),True,True,both_correct,True,True,both_correct,12.867698,9.114513,100.70097,62.775307
779,6,6,52,hard (5-6 steps),medium (101-1K),False,False,both_wrong,False,False,both_wrong,12.278035,9.613241,74.550766,63.13704
780,4,4,95,medium (3-4 steps),small (11-100),False,False,both_wrong,True,False,regressed,12.068566,9.6560135,82.41796,61.56451
781,2,2,35,easy (1-2 steps),small (11-100),False,True,recovered,True,True,both_correct,13.492707,7.6911736,106.57881,48.84604
782,6,6,38,hard (5-6 steps),small (11-100),False,False,both_wrong,False,False,both_wrong,10.9688635,8.106626,75.28428,53.14245
783,6,2,90,hard (5-6 steps),tiny (≤10),True,False,regressed,True,False,regressed,8.575053,7.427943,57.330597,49.25261
784,5,4,54,hard (5-6 steps),small (11-100),True,True,both_correct,False,False,both_wrong,10.538595,5.8679643,72.38385,35.368343
785,4,4,37,medium (3-4 steps),medium (101-1K),False,False,both_wrong,False,False,both_wrong,11.829407,7.328559,85.38044,48.65862
786,3,3,41,medium (3-4 steps),medium (101-1K),True,True,both_correct,True,True,both_correct,14.633664,10.068344,121.38584,66.95435
787,4,4,45,medium (3-4 steps),small (11-100),True,True,both_correct,True,True,both_correct,15.073634,9.577846,113.13511,62.175922
788,3,3,42,medium (3-4 steps),small (11-100),False,True,recovered,True,True,both_correct,13.605765,7.9435077,81.203186,49.431953
789,3,3,68,medium (3-4 steps),tiny (≤10),False,False,both_wrong,False,False,both_wrong,11.575673,7.2048707,72.38507,45.285774
790,4,4,57,medium (3-4 steps),medium (101-1K),False,False,both_wrong,False,False,both_wrong,12.953321,8.748964,98.85121,57.57908
791,3,3,39,medium (3-4 steps),small (11-100),True,True,both_correct,False,True,recovered,12.180254,7.972084,100.34145,50.784733
792,2,2,44,easy (1-2 steps),small (11-100),True,True,both_correct,True,True,both_correct,15.475632,8.159708,88.04306,56.55494
793,5,5,52,hard (5-6 steps),medium (101-1K),False,False,both_wrong,False,False,both_wrong,13.334535,9.424494,85.35964,64.9509
794,2,2,32,easy (1-2 steps),small (11-100),True,True,both_correct,True,True,both_correct,13.000897,7.930626,82.275055,49.534378
795,3,3,46,medium (3-4 steps),small (11-100),True,True,both_correct,True,True,both_correct,10.423118,9.674848,82.05647,64.294556
796,7,6,48,very hard (7+ steps),large (>1K),False,False,both_wrong,False,False,both_wrong,10.878192,9.5054865,75.747925,67.24774
797,2,2,40,easy (1-2 steps),medium (101-1K),True,True,both_correct,True,True,both_correct,13.5561905,7.577563,92.22493,46.367317
798,5,4,83,hard (5-6 steps),small (11-100),False,False,both_wrong,False,False,both_wrong,12.456894,7.7263074,75.871574,58.618507
799,3,3,25,medium (3-4 steps),tiny (≤10),True,True,both_correct,True,True,both_correct,11.908669,7.371379,97.33699,45.578083
800,4,2,29,medium (3-4 steps),medium (101-1K),False,True,recovered,False,False,both_wrong,12.235125,8.425644,96.5906,56.24137
801,5,5,49,hard (5-6 steps),large (>1K),False,False,both_wrong,True,False,regressed,12.079644,8.3305855,86.90949,55.670948
802,6,2,49,hard (5-6 steps),tiny (≤10),True,False,regressed,False,False,both_wrong,13.603599,9.875188,92.32322,63.28842
803,4,4,51,medium (3-4 steps),tiny (≤10),False,False,both_wrong,True,True,both_correct,13.415034,9.999734,92.389465,60.759552
804,3,3,56,medium (3-4 steps),small (11-100),False,True,recovered,True,True,both_correct,13.968589,8.460744,111.52176,54.16774
805,3,3,31,medium (3-4 steps),large (>1K),True,True,both_correct,True,True,both_correct,15.171794,8.286555,115.93724,60.492027
806,6,5,50,hard (5-6 steps),small (11-100),False,False,both_wrong,False,False,both_wrong,10.602874,7.3788238,74.34939,47.71337
807,3,3,56,medium (3-4 steps),tiny (≤10),False,True,recovered,False,False,both_wrong,11.698702,7.7188525,80.89817,52.540134
808,6,4,39,hard (5-6 steps),small (11-100),False,False,both_wrong,False,False,both_wrong,13.900129,9.745554,104.31882,64.01837
809,2,2,65,easy (1-2 steps),small (11-100),True,True,both_correct,False,False,both_wrong,12.171805,7.2852297,59.49094,44.426136
810,6,6,57,hard (5-6 steps),medium (101-1K),True,False,regressed,False,False,both_wrong,12.473016,8.10652,77.32758,45.96424
811,2,2,67,easy (1-2 steps),small (11-100),True,True,both_correct,True,True,both_correct,11.74537,8.25276,99.975,51.888126
812,7,7,92,very hard (7+ steps),small (11-100),False,False,both_wrong,False,False,both_wrong,14.443291,11.134818,96.523,63.260254
813,3,3,53,medium (3-4 steps),tiny (≤10),False,True,recovered,False,True,recovered,11.366333,7.381988,83.55171,47.304573
814,8,8,65,very hard (7+ steps),small (11-100),False,False,both_wrong,False,False,both_wrong,8.719499,9.079188,49.08158,56.309208
815,8,5,64,very hard (7+ steps),tiny (≤10),True,True,both_correct,False,True,recovered,9.772476,5.6571803,61.660458,32.112156
816,3,3,24,medium (3-4 steps),large (>1K),True,True,both_correct,True,True,both_correct,13.30365,8.253607,117.45997,58.506344
817,2,2,28,easy (1-2 steps),small (11-100),True,True,both_correct,True,True,both_correct,15.638575,8.074719,116.50343,49.137
818,5,4,48,hard (5-6 steps),small (11-100),True,False,regressed,True,True,both_correct,12.609721,8.439334,93.64397,55.779392
819,2,2,39,easy (1-2 steps),large (>1K),True,True,both_correct,True,True,both_correct,13.886907,8.242456,97.93318,55.408623
820,3,3,52,medium (3-4 steps),medium (101-1K),True,True,both_correct,True,True,both_correct,13.686011,8.591476,109.37962,58.730824
821,2,1,63,easy (1-2 steps),small (11-100),True,True,both_correct,True,True,both_correct,13.349542,8.532971,93.21485,65.205986
822,3,3,32,medium (3-4 steps),large (>1K),True,True,both_correct,True,True,both_correct,12.164612,8.367091,94.92425,55.121296
823,3,3,84,medium (3-4 steps),small (11-100),False,False,both_wrong,False,False,both_wrong,11.204921,8.275874,77.915,51.998543
824,3,3,43,medium (3-4 steps),small (11-100),True,True,both_correct,True,True,both_correct,15.13984,9.040424,127.95455,62.322723
825,8,1,40,very hard (7+ steps),medium (101-1K),False,False,both_wrong,False,False,both_wrong,10.480504,6.3987083,74.51155,40.705265
826,4,4,61,medium (3-4 steps),small (11-100),True,True,both_correct,True,False,regressed,13.11448,10.494775,101.34182,80.8999
827,5,5,59,hard (5-6 steps),small (11-100),False,False,both_wrong,False,False,both_wrong,12.105829,8.546033,87.81113,66.74907
828,4,4,29,medium (3-4 steps),small (11-100),True,True,both_correct,True,True,both_correct,14.190127,8.950973,97.56894,62.354984
829,4,4,57,medium (3-4 steps),large (>1K),False,False,both_wrong,True,True,both_correct,10.933764,8.16554,77.78305,60.539463
830,5,5,50,hard (5-6 steps),large (>1K),False,False,both_wrong,False,False,both_wrong,12.969873,10.154611,85.969795,62.351025
831,7,5,51,very hard (7+ steps),medium (101-1K),False,False,both_wrong,False,False,both_wrong,9.242047,8.843345,59.12243,57.354736
832,3,2,33,medium (3-4 steps),small (11-100),True,True,both_correct,True,True,both_correct,12.7265835,8.825604,93.9511,58.72743
833,3,2,52,medium (3-4 steps),small (11-100),False,True,recovered,True,True,both_correct,12.201378,7.546108,88.70953,50.996643
834,3,3,38,medium (3-4 steps),small (11-100),True,True,both_correct,True,True,both_correct,14.41582,7.951504,108.99293,56.990562
835,3,3,40,medium (3-4 steps),small (11-100),False,False,both_wrong,False,False,both_wrong,12.834921,8.055615,99.38982,55.129272
836,3,3,46,medium (3-4 steps),medium (101-1K),True,True,both_correct,True,True,both_correct,13.625148,8.378411,96.01937,61.763203
837,4,4,100,medium (3-4 steps),medium (101-1K),False,False,both_wrong,False,False,both_wrong,11.297185,7.7205663,89.82962,48.177364
838,4,4,47,medium (3-4 steps),small (11-100),True,True,both_correct,True,True,both_correct,15.816614,9.984059,114.87987,67.25401
839,3,3,34,medium (3-4 steps),tiny (≤10),True,True,both_correct,True,True,both_correct,14.224646,8.604063,116.888054,62.956165
840,4,4,47,medium (3-4 steps),small (11-100),False,False,both_wrong,False,False,both_wrong,11.044211,8.293355,70.7104,51.792603
841,3,3,36,medium (3-4 steps),large (>1K),False,False,both_wrong,False,False,both_wrong,12.42193,8.849067,89.923836,56.474922
842,2,1,28,easy (1-2 steps),tiny (≤10),True,True,both_correct,True,True,both_correct,14.364279,7.2581825,87.024734,46.97133
843,5,5,32,hard (5-6 steps),small (11-100),True,True,both_correct,True,True,both_correct,16.143274,10.380043,111.684006,70.4475
844,6,5,43,hard (5-6 steps),medium (101-1K),False,False,both_wrong,False,False,both_wrong,8.580627,6.3651276,56.146545,41.04723
845,2,1,40,easy (1-2 steps),small (11-100),False,False,both_wrong,False,False,both_wrong,13.36067,7.8285565,64.546715,52.685818
846,4,4,53,medium (3-4 steps),small (11-100),False,True,recovered,True,False,regressed,11.424578,9.950575,78.509,63.75043
847,3,3,31,medium (3-4 steps),medium (101-1K),True,True,both_correct,True,True,both_correct,13.228273,7.8657913,99.59264,54.187725
848,3,3,42,medium (3-4 steps),tiny (≤10),True,True,both_correct,True,True,both_correct,10.601405,8.195608,75.410225,52.11303
849,2,2,30,easy (1-2 steps),small (11-100),True,True,both_correct,True,True,both_correct,16.159311,8.230021,89.75259,46.41161
850,4,4,48,medium (3-4 steps),small (11-100),True,True,both_correct,True,True,both_correct,13.569131,8.931775,90.16277,64.52755
851,2,2,27,easy (1-2 steps),medium (101-1K),True,True,both_correct,True,True,both_correct,14.510779,8.725738,83.96033,51.680466
852,5,5,46,hard (5-6 steps),medium (101-1K),False,False,both_wrong,False,False,both_wrong,10.468461,7.746138,73.01171,58.680477
853,4,3,29,medium (3-4 steps),small (11-100),True,True,both_correct,True,True,both_correct,14.785273,8.993348,112.729095,63.423317
854,4,4,68,medium (3-4 steps),medium (101-1K),False,True,recovered,True,True,both_correct,11.560647,8.123457,75.78895,58.03313
855,5,0,42,hard (5-6 steps),small (11-100),False,False,both_wrong,False,False,both_wrong,9.542002,5.548136,60.23708,33.976627
856,4,2,59,medium (3-4 steps),tiny (≤10),False,True,recovered,True,True,both_correct,13.632129,8.831515,90.79557,60.638977
857,2,2,68,easy (1-2 steps),large (>1K),True,True,both_correct,True,True,both_correct,12.69893,7.847649,86.369545,50.443542
858,5,4,21,hard (5-6 steps),large (>1K),False,False,both_wrong,False,False,both_wrong,12.3237915,8.432273,92.3219,60.017403
859,4,4,40,medium (3-4 steps),large (>1K),False,False,both_wrong,True,False,regressed,12.104177,10.398356,93.59977,75.3088
860,3,3,29,medium (3-4 steps),tiny (≤10),True,True,both_correct,True,True,both_correct,13.447069,6.9415445,96.392944,43.751503
861,4,4,51,medium (3-4 steps),small (11-100),False,False,both_wrong,False,False,both_wrong,10.643996,6.729056,70.64438,45.46706
862,4,4,58,medium (3-4 steps),small (11-100),False,False,both_wrong,False,False,both_wrong,11.0346,8.01697,78.031906,54.55056
863,2,2,27,easy (1-2 steps),medium (101-1K),True,True,both_correct,True,True,both_correct,14.0228195,7.531296,74.15469,46.332855
864,3,3,45,medium (3-4 steps),small (11-100),False,False,both_wrong,False,True,recovered,13.579764,9.085562,100.33581,64.65418
865,4,4,54,medium (3-4 steps),small (11-100),True,True,both_correct,False,False,both_wrong,14.598587,10.452195,101.82089,71.72685
866,6,1,31,hard (5-6 steps),small (11-100),False,False,both_wrong,False,False,both_wrong,10.565108,5.4389415,52.3845,32.92718
867,2,2,49,easy (1-2 steps),tiny (≤10),True,True,both_correct,True,True,both_correct,13.494517,7.285775,85.5493,46.172253
868,3,3,58,medium (3-4 steps),small (11-100),True,True,both_correct,True,True,both_correct,12.991697,8.687104,103.24339,59.836136
869,2,2,26,easy (1-2 steps),medium (101-1K),True,True,both_correct,True,True,both_correct,15.936196,8.061558,78.25254,52.640686
870,3,3,37,medium (3-4 steps),small (11-100),True,False,regressed,True,True,both_correct,10.710431,9.054422,78.74313,55.971413
871,5,5,43,hard (5-6 steps),small (11-100),False,False,both_wrong,False,False,both_wrong,12.319983,10.198722,92.617516,81.084915
872,5,4,32,hard (5-6 steps),small (11-100),False,False,both_wrong,False,True,recovered,11.325295,8.054199,80.68415,55.768974
873,2,1,32,easy (1-2 steps),small (11-100),False,False,both_wrong,False,False,both_wrong,12.207344,8.755562,89.17596,58.73318
874,2,2,27,easy (1-2 steps),medium (101-1K),True,True,both_correct,True,True,both_correct,15.999738,7.5416193,81.644806,46.718678
875,3,3,24,medium (3-4 steps),small (11-100),True,True,both_correct,True,True,both_correct,14.225156,8.719419,111.1375,62.70267
876,6,6,65,hard (5-6 steps),small (11-100),False,False,both_wrong,False,False,both_wrong,12.207682,10.446658,81.70428,68.99393
877,3,3,57,medium (3-4 steps),large (>1K),False,False,both_wrong,False,False,both_wrong,14.205,7.6247635,104.40434,51.999477
878,3,3,35,medium (3-4 steps),tiny (≤10),False,True,recovered,False,False,both_wrong,9.125658,8.770023,63.702362,59.33527
879,4,4,38,medium (3-4 steps),medium (101-1K),True,True,both_correct,True,True,both_correct,12.201431,8.632119,88.468735,55.233574
880,3,3,53,medium (3-4 steps),tiny (≤10),True,True,both_correct,True,True,both_correct,13.520082,8.584367,105.22975,58.320236
881,3,2,21,medium (3-4 steps),small (11-100),False,False,both_wrong,False,False,both_wrong,10.802963,7.239468,76.35341,53.40683
882,8,8,95,very hard (7+ steps),tiny (≤10),False,False,both_wrong,False,False,both_wrong,13.757602,10.682746,89.94545,63.069496
883,2,2,58,easy (1-2 steps),small (11-100),True,True,both_correct,True,True,both_correct,14.392541,8.302381,94.235855,50.985504
884,3,2,24,medium (3-4 steps),small (11-100),True,True,both_correct,True,True,both_correct,12.223104,8.16141,83.82395,51.41343
885,2,2,31,easy (1-2 steps),medium (101-1K),True,True,both_correct,True,True,both_correct,12.394889,7.5411916,95.98649,43.600307
886,3,3,52,medium (3-4 steps),small (11-100),True,True,both_correct,True,True,both_correct,13.186952,7.655091,102.09512,49.946037
887,3,3,32,medium (3-4 steps),small (11-100),True,True,both_correct,True,True,both_correct,12.753381,8.3647785,99.15417,55.514206
888,2,2,24,easy (1-2 steps),tiny (≤10),False,True,recovered,True,True,both_correct,14.524061,7.850663,118.377686,48.394558
889,3,3,34,medium (3-4 steps),small (11-100),True,True,both_correct,True,True,both_correct,14.620185,9.199758,122.87234,63.258617
890,5,4,36,hard (5-6 steps),small (11-100),True,True,both_correct,True,True,both_correct,14.0827465,10.484358,99.52571,84.816696
891,2,1,34,easy (1-2 steps),small (11-100),True,False,regressed,True,True,both_correct,12.019771,8.277533,80.27744,61.334236
892,3,3,47,medium (3-4 steps),tiny (≤10),False,False,both_wrong,False,False,both_wrong,11.167707,9.477021,81.343544,69.20282
893,3,3,38,medium (3-4 steps),medium (101-1K),True,True,both_correct,True,True,both_correct,9.835643,8.185224,72.71168,58.741062
894,5,4,55,hard (5-6 steps),small (11-100),False,True,recovered,False,False,both_wrong,12.676476,10.480722,78.70348,63.338173
895,3,3,39,medium (3-4 steps),small (11-100),True,True,both_correct,True,True,both_correct,11.697502,8.643308,89.83528,56.429462
896,3,3,35,medium (3-4 steps),medium (101-1K),True,True,both_correct,True,True,both_correct,14.802286,9.564721,120.75663,62.93422
897,3,3,35,medium (3-4 steps),tiny (≤10),False,False,both_wrong,False,False,both_wrong,9.986483,6.7634063,75.73718,43.393982
898,3,3,54,medium (3-4 steps),medium (101-1K),True,True,both_correct,True,True,both_correct,12.368063,9.7573,95.255226,66.75945
899,2,2,38,easy (1-2 steps),small (11-100),True,True,both_correct,True,True,both_correct,13.891381,7.0958943,102.77588,40.233334
900,3,3,52,medium (3-4 steps),small (11-100),False,False,both_wrong,False,False,both_wrong,8.779384,7.5079165,68.164276,47.590714
901,5,5,69,hard (5-6 steps),tiny (≤10),False,False,both_wrong,False,False,both_wrong,9.667508,6.123114,69.36969,41.217636
902,2,1,29,easy (1-2 steps),tiny (≤10),True,True,both_correct,True,True,both_correct,15.133783,8.156933,85.86881,49.751587
903,5,5,43,hard (5-6 steps),small (11-100),False,True,recovered,False,False,both_wrong,11.63947,8.269646,84.98723,57.477386
904,2,2,34,easy (1-2 steps),tiny (≤10),True,True,both_correct,True,True,both_correct,12.50072,8.454962,79.82027,50.54406
905,3,3,36,medium (3-4 steps),tiny (≤10),False,True,recovered,False,True,recovered,12.25997,8.753648,97.17714,63.2762
906,4,4,41,medium (3-4 steps),tiny (≤10),True,True,both_correct,True,True,both_correct,11.36287,7.8594413,82.874825,52.46524
907,2,2,26,easy (1-2 steps),small (11-100),True,True,both_correct,True,True,both_correct,14.663098,8.117709,83.30505,49.62725
908,3,3,23,medium (3-4 steps),small (11-100),True,True,both_correct,True,True,both_correct,14.706525,8.202918,104.892105,51.43545
909,4,3,27,medium (3-4 steps),small (11-100),False,False,both_wrong,False,True,recovered,11.317825,8.487877,84.00373,56.508358
910,2,2,26,easy (1-2 steps),medium (101-1K),True,True,both_correct,True,True,both_correct,13.199626,7.205344,98.94787,43.24265
911,3,3,42,medium (3-4 steps),small (11-100),True,True,both_correct,True,True,both_correct,13.583868,8.187874,107.27871,58.045345
912,3,3,36,medium (3-4 steps),tiny (≤10),False,True,recovered,False,False,both_wrong,12.866361,7.581212,101.95519,49.704216
913,3,2,58,medium (3-4 steps),tiny (≤10),True,False,regressed,False,False,both_wrong,12.79801,8.3408165,105.91678,63.37076
914,2,2,28,easy (1-2 steps),tiny (≤10),True,True,both_correct,True,True,both_correct,13.733381,6.7894464,87.5544,43.48568
915,3,3,43,medium (3-4 steps),small (11-100),True,True,both_correct,True,True,both_correct,13.409104,8.225748,103.282036,53.355644
916,5,5,76,hard (5-6 steps),small (11-100),False,False,both_wrong,False,False,both_wrong,12.793991,8.336876,85.867455,49.230835
917,2,2,25,easy (1-2 steps),small (11-100),True,True,both_correct,True,True,both_correct,16.216948,7.9326444,123.36059,51.45264
918,3,3,36,medium (3-4 steps),small (11-100),False,False,both_wrong,True,True,both_correct,14.762266,8.334395,112.50125,56.130505
919,3,3,52,medium (3-4 steps),small (11-100),False,True,recovered,True,True,both_correct,10.687034,7.532555,77.9007,50.508465
920,5,3,61,hard (5-6 steps),small (11-100),False,True,recovered,False,False,both_wrong,13.593786,10.55915,112.03492,89.90557
921,3,3,31,medium (3-4 steps),tiny (≤10),True,True,both_correct,True,True,both_correct,13.949547,7.928468,110.680786,49.719833
922,3,3,28,medium (3-4 steps),small (11-100),True,True,both_correct,True,True,both_correct,10.6213665,6.6654305,74.10055,42.31174
923,3,3,59,medium (3-4 steps),tiny (≤10),False,False,both_wrong,False,False,both_wrong,9.29058,7.774095,70.14397,52.050415
924,2,2,82,easy (1-2 steps),small (11-100),False,False,both_wrong,False,False,both_wrong,9.456281,5.572103,68.807846,34.485687
925,3,3,69,medium (3-4 steps),large (>1K),True,True,both_correct,True,True,both_correct,12.558228,7.7896733,100.93763,56.717876
926,8,8,103,very hard (7+ steps),tiny (≤10),False,False,both_wrong,False,False,both_wrong,11.956319,8.497546,76.87782,47.560375
927,5,5,48,hard (5-6 steps),large (>1K),False,True,recovered,False,False,both_wrong,12.811874,9.82772,98.76503,73.77619
928,3,3,53,medium (3-4 steps),small (11-100),False,False,both_wrong,False,False,both_wrong,10.085925,8.329127,76.01952,49.124855
929,3,3,32,medium (3-4 steps),small (11-100),True,True,both_correct,True,True,both_correct,13.468016,8.128001,113.166916,53.877476
930,3,1,73,medium (3-4 steps),small (11-100),True,True,both_correct,True,False,regressed,14.883702,8.833913,108.15448,51.271824
931,6,0,40,hard (5-6 steps),small (11-100),True,False,regressed,False,False,both_wrong,10.010743,6.72098,76.68018,43.362396
932,4,4,57,medium (3-4 steps),small (11-100),False,True,recovered,True,True,both_correct,10.839567,8.171788,80.60522,58.065243
933,4,4,48,medium (3-4 steps),small (11-100),True,True,both_correct,True,True,both_correct,12.954874,10.06574,99.17988,82.96408
934,4,4,51,medium (3-4 steps),medium (101-1K),False,False,both_wrong,False,False,both_wrong,12.827823,10.342362,107.01787,72.41179
935,4,4,59,medium (3-4 steps),large (>1K),False,False,both_wrong,False,False,both_wrong,7.3452134,6.8842196,46.81202,43.81651
936,5,4,83,hard (5-6 steps),medium (101-1K),False,False,both_wrong,False,False,both_wrong,9.502194,8.843938,57.356937,61.93341
937,4,4,41,medium (3-4 steps),medium (101-1K),True,True,both_correct,False,False,both_wrong,14.162645,9.054542,90.49757,69.85136
938,5,5,47,hard (5-6 steps),tiny (≤10),False,False,both_wrong,False,False,both_wrong,12.400575,8.696031,90.85669,59.61708
939,3,2,68,medium (3-4 steps),medium (101-1K),True,False,regressed,True,True,both_correct,12.73069,7.7882843,89.70792,53.82966
940,2,2,45,easy (1-2 steps),medium (101-1K),True,True,both_correct,True,True,both_correct,14.726607,7.909069,91.13836,44.83379
941,3,3,62,medium (3-4 steps),medium (101-1K),True,True,both_correct,False,False,both_wrong,12.347247,8.380397,96.54317,52.05597
942,3,2,38,medium (3-4 steps),medium (101-1K),False,False,both_wrong,False,False,both_wrong,12.398088,8.861829,85.35627,59.136414
943,4,4,34,medium (3-4 steps),small (11-100),False,False,both_wrong,False,False,both_wrong,11.091163,9.473958,69.16234,63.450157
944,4,4,42,medium (3-4 steps),small (11-100),True,True,both_correct,True,True,both_correct,13.710739,9.6873255,106.5572,70.433876
945,7,7,69,very hard (7+ steps),small (11-100),False,False,both_wrong,False,False,both_wrong,11.630874,7.807141,78.99581,53.12581
946,2,0,36,easy (1-2 steps),medium (101-1K),True,True,both_correct,True,True,both_correct,12.363332,7.5734134,88.02874,45.49689
947,2,2,43,easy (1-2 steps),small (11-100),True,True,both_correct,True,True,both_correct,12.889044,7.2162223,79.774796,42.41959
948,3,3,69,medium (3-4 steps),small (11-100),False,False,both_wrong,True,True,both_correct,10.183053,9.088301,69.55621,55.112385
949,2,2,19,easy (1-2 steps),small (11-100),True,True,both_correct,True,True,both_correct,14.800064,8.397719,110.181046,51.168644
950,9,2,37,very hard (7+ steps),tiny (≤10),False,False,both_wrong,False,False,both_wrong,9.902197,4.495549,74.60159,26.947954
951,2,2,45,easy (1-2 steps),medium (101-1K),True,True,both_correct,True,True,both_correct,10.659769,7.717477,70.56591,53.86082
952,4,4,26,medium (3-4 steps),medium (101-1K),False,False,both_wrong,True,False,regressed,12.570958,9.351035,87.87767,64.305725
953,7,6,81,very hard (7+ steps),medium (101-1K),False,False,both_wrong,False,False,both_wrong,11.272809,7.7867303,87.82768,53.772038
954,4,3,34,medium (3-4 steps),small (11-100),True,False,regressed,True,True,both_correct,12.113305,9.91134,92.19809,66.36827
955,5,4,38,hard (5-6 steps),small (11-100),False,False,both_wrong,True,False,regressed,12.543435,8.50232,87.12815,56.403656
956,4,4,38,medium (3-4 steps),tiny (≤10),True,True,both_correct,True,True,both_correct,12.818449,9.656516,101.53646,75.4931
957,2,2,29,easy (1-2 steps),small (11-100),True,True,both_correct,True,True,both_correct,13.533685,7.320998,93.444016,42.476574
958,2,1,49,easy (1-2 steps),small (11-100),False,False,both_wrong,False,False,both_wrong,9.694148,7.9525485,57.65978,49.939323
959,3,3,98,medium (3-4 steps),tiny (≤10),True,True,both_correct,True,True,both_correct,10.6873045,7.0932994,82.948456,44.249325
960,6,4,106,hard (5-6 steps),small (11-100),False,False,both_wrong,False,False,both_wrong,13.4285555,7.7506876,102.2053,49.893837
961,3,3,56,medium (3-4 steps),medium (101-1K),False,False,both_wrong,False,False,both_wrong,8.354802,7.8528934,61.634438,47.083706
962,3,3,37,medium (3-4 steps),medium (101-1K),False,False,both_wrong,False,False,both_wrong,12.936042,7.6023674,93.89471,46.938477
963,8,1,47,very hard (7+ steps),medium (101-1K),False,False,both_wrong,False,False,both_wrong,9.134372,6.952488,59.62371,43.112286
964,2,2,42,easy (1-2 steps),medium (101-1K),True,True,both_correct,True,True,both_correct,10.900484,7.5525737,82.85337,47.657948
965,4,4,107,medium (3-4 steps),medium (101-1K),False,False,both_wrong,False,False,both_wrong,14.620149,9.422727,117.73231,62.19545
966,5,5,77,hard (5-6 steps),small (11-100),False,False,both_wrong,False,False,both_wrong,11.474447,7.8701067,69.62785,49.09805
967,4,4,30,medium (3-4 steps),small (11-100),True,True,both_correct,True,True,both_correct,11.070897,9.055331,81.75449,58.797836
968,4,4,94,medium (3-4 steps),medium (101-1K),False,False,both_wrong,False,False,both_wrong,13.140459,9.1453905,95.890015,60.2102
969,5,5,37,hard (5-6 steps),large (>1K),False,False,both_wrong,False,False,both_wrong,9.665512,5.685697,57.179333,34.45401
970,2,1,24,easy (1-2 steps),small (11-100),True,True,both_correct,True,True,both_correct,15.766853,8.058889,90.65203,50.382534
971,4,4,35,medium (3-4 steps),small (11-100),True,True,both_correct,True,True,both_correct,13.619998,8.85271,100.16836,54.60028
972,5,5,46,hard (5-6 steps),medium (101-1K),True,True,both_correct,False,True,recovered,11.620409,8.795575,77.49999,68.81784
973,3,2,23,medium (3-4 steps),small (11-100),False,False,both_wrong,False,False,both_wrong,9.1608,8.534795,67.06038,53.0807
974,3,3,47,medium (3-4 steps),tiny (≤10),True,True,both_correct,True,False,regressed,13.653051,9.044762,92.58179,63.96914
975,4,4,30,medium (3-4 steps),small (11-100),True,False,regressed,False,True,recovered,10.86487,9.240175,80.33602,62.025654
976,7,7,65,very hard (7+ steps),medium (101-1K),False,False,both_wrong,False,False,both_wrong,12.591041,9.15123,76.66871,56.032143
977,3,2,41,medium (3-4 steps),tiny (≤10),True,True,both_correct,True,True,both_correct,11.794499,7.316854,93.476845,49.766006
978,3,3,24,medium (3-4 steps),medium (101-1K),True,True,both_correct,True,True,both_correct,13.381696,8.891564,97.1766,57.264023
979,6,6,40,hard (5-6 steps),small (11-100),False,False,both_wrong,False,False,both_wrong,10.686544,9.75649,77.25776,69.194214
980,3,3,46,medium (3-4 steps),small (11-100),True,True,both_correct,True,True,both_correct,12.3166685,8.179367,91.91187,55.003895
981,4,4,40,medium (3-4 steps),tiny (≤10),True,True,both_correct,True,True,both_correct,15.399001,10.534667,110.88801,79.34824
982,4,4,52,medium (3-4 steps),small (11-100),False,False,both_wrong,False,False,both_wrong,12.6206255,9.624533,90.484604,75.87386
983,3,3,28,medium (3-4 steps),small (11-100),True,True,both_correct,True,True,both_correct,13.97576,8.44506,107.10447,58.81684
984,3,3,63,medium (3-4 steps),medium (101-1K),False,False,both_wrong,False,False,both_wrong,10.751475,7.589226,77.1281,49.957912
985,2,2,22,easy (1-2 steps),small (11-100),True,True,both_correct,True,True,both_correct,13.136609,7.057513,83.45268,42.404526
986,4,4,44,medium (3-4 steps),small (11-100),True,True,both_correct,True,True,both_correct,15.269011,10.731887,121.57949,82.54691
987,5,5,43,hard (5-6 steps),tiny (≤10),True,False,regressed,False,True,recovered,13.307665,9.539045,92.52129,66.47799
988,3,2,34,medium (3-4 steps),tiny (≤10),False,False,both_wrong,False,True,recovered,12.826815,8.622678,95.107155,56.49256
989,4,4,26,medium (3-4 steps),small (11-100),False,False,both_wrong,False,False,both_wrong,10.22438,7.6324396,69.94927,42.619987
990,4,4,73,medium (3-4 steps),small (11-100),False,False,both_wrong,False,True,recovered,12.011691,8.988977,79.33115,55.447178
991,2,2,54,easy (1-2 steps),small (11-100),False,False,both_wrong,False,False,both_wrong,10.519203,7.267918,72.72927,45.28364
992,5,3,59,hard (5-6 steps),small (11-100),False,False,both_wrong,False,False,both_wrong,11.393395,8.0638685,78.47381,51.90884
993,4,3,79,medium (3-4 steps),small (11-100),True,False,regressed,False,False,both_wrong,10.218808,7.6621194,79.428635,50.842674
994,4,4,67,medium (3-4 steps),tiny (≤10),True,True,both_correct,True,False,regressed,13.650414,8.859479,87.67912,58.358643
995,2,2,35,easy (1-2 steps),small (11-100),True,True,both_correct,False,True,recovered,13.73524,7.2368655,104.65573,47.17722
996,4,4,47,medium (3-4 steps),tiny (≤10),True,False,regressed,False,True,recovered,12.176119,8.053731,87.84456,51.32768
997,2,2,66,easy (1-2 steps),large (>1K),False,False,both_wrong,True,True,both_correct,11.978101,7.830568,94.81022,51.096
998,3,3,64,medium (3-4 steps),small (11-100),True,True,both_correct,True,True,both_correct,13.577234,8.475812,100.174866,61.34219
999,5,1,40,hard (5-6 steps),small (11-100),False,False,both_wrong,False,False,both_wrong,8.069695,5.2134247,54.21801,30.593515
1000,5,5,70,hard (5-6 steps),tiny (≤10),False,False,both_wrong,False,False,both_wrong,12.596322,10.181819,74.779366,68.86749
1001,4,4,86,medium (3-4 steps),tiny (≤10),True,True,both_correct,False,False,both_wrong,12.498749,8.127159,79.80979,53.993546
1002,5,1,42,hard (5-6 steps),tiny (≤10),True,True,both_correct,True,True,both_correct,11.713271,7.76082,96.67,45.50002
1003,4,4,50,medium (3-4 steps),medium (101-1K),False,False,both_wrong,False,False,both_wrong,10.770079,9.159795,77.373665,65.99041
1004,3,3,53,medium (3-4 steps),tiny (≤10),True,True,both_correct,True,True,both_correct,11.468137,9.1658535,85.809814,59.005726
1005,4,4,42,medium (3-4 steps),large (>1K),False,False,both_wrong,False,False,both_wrong,12.177018,9.17119,89.74206,62.212307
1006,3,3,88,medium (3-4 steps),medium (101-1K),False,False,both_wrong,False,False,both_wrong,10.046301,8.959284,76.07389,60.54596
1007,3,3,42,medium (3-4 steps),small (11-100),True,True,both_correct,True,True,both_correct,13.3242855,7.906642,95.83763,55.592445
1008,4,3,29,medium (3-4 steps),medium (101-1K),True,True,both_correct,True,True,both_correct,14.01185,9.209541,115.59431,63.260918
1009,5,5,59,hard (5-6 steps),large (>1K),False,False,both_wrong,False,False,both_wrong,10.544899,7.579895,74.50281,51.851128
1010,4,4,46,medium (3-4 steps),tiny (≤10),True,True,both_correct,True,False,regressed,12.028635,9.5581,91.86976,70.896416
1011,8,8,106,very hard (7+ steps),large (>1K),False,False,both_wrong,False,False,both_wrong,12.286827,8.858035,87.41504,49.888695
1012,3,0,101,medium (3-4 steps),small (11-100),False,False,both_wrong,False,False,both_wrong,11.555663,6.403484,80.65739,43.759686
1013,4,4,57,medium (3-4 steps),tiny (≤10),False,True,recovered,False,True,recovered,13.187068,10.187607,102.65882,78.95858
1014,5,5,56,hard (5-6 steps),tiny (≤10),False,False,both_wrong,False,False,both_wrong,11.751867,9.355843,78.34575,57.096626
1015,3,3,40,medium (3-4 steps),small (11-100),True,True,both_correct,True,True,both_correct,13.390701,10.035646,105.93477,73.15245
1016,3,3,52,medium (3-4 steps),medium (101-1K),True,False,regressed,False,False,both_wrong,11.817553,9.365209,90.05005,76.798416
1017,4,4,39,medium (3-4 steps),small (11-100),True,True,both_correct,True,True,both_correct,13.633635,8.544176,106.47912,64.17438
1018,2,2,39,easy (1-2 steps),small (11-100),True,True,both_correct,True,True,both_correct,12.480363,8.200478,95.406715,54.24576
1019,4,4,60,medium (3-4 steps),small (11-100),False,False,both_wrong,False,False,both_wrong,11.658431,9.272417,87.04644,69.51084
1020,3,3,32,medium (3-4 steps),small (11-100),True,True,both_correct,True,True,both_correct,11.463477,8.123776,83.84403,52.509705
1021,6,5,49,hard (5-6 steps),small (11-100),False,False,both_wrong,False,True,recovered,11.283492,9.670219,75.20265,68.41816
1022,6,3,46,hard (5-6 steps),small (11-100),False,False,both_wrong,False,False,both_wrong,9.68699,8.001791,63.976418,47.711754
1023,2,2,32,easy (1-2 steps),small (11-100),True,True,both_correct,True,True,both_correct,14.14724,9.554582,113.63573,59.77072
1024,5,4,33,hard (5-6 steps),medium (101-1K),True,True,both_correct,False,True,recovered,15.168875,10.868693,108.477104,88.97815
1025,3,2,33,medium (3-4 steps),small (11-100),True,True,both_correct,True,True,both_correct,12.392837,7.6178336,84.84932,46.87706
1026,4,4,54,medium (3-4 steps),large (>1K),False,False,both_wrong,False,False,both_wrong,12.385912,10.41065,83.665955,74.41828
1027,2,2,51,easy (1-2 steps),small (11-100),True,True,both_correct,True,True,both_correct,10.255896,7.8833275,75.06999,46.000904
1028,2,2,46,easy (1-2 steps),medium (101-1K),True,True,both_correct,False,True,recovered,12.62956,7.3234787,94.838135,47.19412
1029,5,5,94,hard (5-6 steps),small (11-100),False,False,both_wrong,False,False,both_wrong,12.502884,10.022993,86.685524,69.02879
1030,6,3,89,hard (5-6 steps),small (11-100),False,False,both_wrong,False,False,both_wrong,10.038331,6.917202,59.47849,37.313766
1031,3,3,52,medium (3-4 steps),tiny (≤10),False,False,both_wrong,False,True,recovered,13.828016,9.37045,117.63868,64.92533
1032,2,2,62,easy (1-2 steps),medium (101-1K),False,False,both_wrong,False,False,both_wrong,11.307553,7.6437087,75.38967,46.04675
1033,2,2,48,easy (1-2 steps),tiny (≤10),False,False,both_wrong,False,True,recovered,12.779732,8.0205555,89.11733,57.150227
1034,3,3,26,medium (3-4 steps),small (11-100),True,True,both_correct,True,True,both_correct,14.147497,8.215836,118.505226,58.189957
1035,2,1,91,easy (1-2 steps),small (11-100),False,False,both_wrong,False,False,both_wrong,13.58281,8.41648,91.40163,52.129395
1036,2,2,41,easy (1-2 steps),tiny (≤10),True,True,both_correct,True,True,both_correct,14.546913,7.3424945,87.41645,44.566273
1037,4,4,45,medium (3-4 steps),tiny (≤10),True,True,both_correct,True,True,both_correct,15.810868,9.683305,111.89714,65.23887
1038,6,6,66,hard (5-6 steps),tiny (≤10),True,False,regressed,False,False,both_wrong,9.012898,7.333694,67.98147,43.776695
1039,4,4,47,medium (3-4 steps),medium (101-1K),False,False,both_wrong,False,False,both_wrong,11.696135,8.312888,76.95525,51.122078
1040,5,4,46,hard (5-6 steps),medium (101-1K),False,False,both_wrong,False,False,both_wrong,11.820582,9.086562,90.881744,64.81332
1041,3,3,46,medium (3-4 steps),medium (101-1K),True,True,both_correct,True,True,both_correct,13.986795,10.249391,114.809586,70.25409
1042,5,5,62,hard (5-6 steps),tiny (≤10),False,False,both_wrong,False,False,both_wrong,13.158664,9.128877,93.39373,64.74915
1043,2,1,38,easy (1-2 steps),large (>1K),True,True,both_correct,True,True,both_correct,14.725127,6.9706197,104.42763,49.491096
1044,4,4,53,medium (3-4 steps),tiny (≤10),False,True,recovered,False,True,recovered,11.140176,7.799025,76.24518,45.685402
1045,8,2,31,very hard (7+ steps),medium (101-1K),False,False,both_wrong,False,False,both_wrong,10.388857,5.0880733,45.273247,30.52572
1046,3,3,29,medium (3-4 steps),medium (101-1K),False,False,both_wrong,False,False,both_wrong,10.432435,7.386455,80.05374,47.951664
1047,8,1,65,very hard (7+ steps),tiny (≤10),False,False,both_wrong,False,False,both_wrong,7.981057,5.828743,43.07449,32.884674
1048,4,4,32,medium (3-4 steps),large (>1K),False,False,both_wrong,False,False,both_wrong,11.080126,8.398053,75.17787,58.729355
1049,3,3,31,medium (3-4 steps),small (11-100),True,True,both_correct,True,True,both_correct,14.266353,9.372989,106.94984,62.409782
1050,3,2,32,medium (3-4 steps),medium (101-1K),False,False,both_wrong,False,False,both_wrong,10.426013,7.6726265,82.11712,50.228523
1051,2,2,27,easy (1-2 steps),small (11-100),True,True,both_correct,True,True,both_correct,15.239975,7.9105673,91.96589,48.965195
1052,5,5,56,hard (5-6 steps),medium (101-1K),False,False,both_wrong,False,False,both_wrong,10.742305,8.645366,79.171936,57.575657
1053,4,3,78,medium (3-4 steps),small (11-100),False,True,recovered,False,False,both_wrong,11.332408,9.737687,77.54106,63.4549
1054,3,3,41,medium (3-4 steps),large (>1K),True,True,both_correct,False,True,recovered,8.792921,7.933572,67.2583,54.31144
1055,3,3,30,medium (3-4 steps),large (>1K),True,True,both_correct,True,True,both_correct,12.924153,8.8371525,94.186264,60.27785
1056,3,3,52,medium (3-4 steps),medium (101-1K),True,True,both_correct,True,True,both_correct,10.708967,7.1288214,74.47498,42.626
1057,3,3,35,medium (3-4 steps),small (11-100),True,True,both_correct,True,True,both_correct,12.721246,8.150557,95.308685,52.27004
1058,3,3,41,medium (3-4 steps),medium (101-1K),True,True,both_correct,True,True,both_correct,10.172191,7.240973,77.10032,45.254467
1059,3,3,27,medium (3-4 steps),tiny (≤10),True,True,both_correct,True,False,regressed,12.781318,8.033441,95.662056,57.84836
1060,3,3,41,medium (3-4 steps),small (11-100),False,False,both_wrong,True,False,regressed,11.305464,7.3763285,81.91767,45.896065
1061,7,3,30,very hard (7+ steps),small (11-100),True,False,regressed,True,False,regressed,15.18231,9.41178,122.91323,65.04337
1062,5,5,46,hard (5-6 steps),medium (101-1K),False,False,both_wrong,False,False,both_wrong,10.131449,7.640892,66.56942,50.82064
1063,3,3,34,medium (3-4 steps),medium (101-1K),True,True,both_correct,True,True,both_correct,11.725667,8.185778,89.45891,52.364277
1064,3,3,52,medium (3-4 steps),medium (101-1K),False,False,both_wrong,False,False,both_wrong,14.25427,9.404286,101.397415,61.40068
1065,2,2,24,easy (1-2 steps),small (11-100),True,False,regressed,True,False,regressed,12.83864,7.6518526,100.85394,49.760544
1066,6,4,29,hard (5-6 steps),small (11-100),True,True,both_correct,True,True,both_correct,12.971777,10.290617,92.14781,80.594696
1067,4,4,50,medium (3-4 steps),medium (101-1K),True,True,both_correct,True,True,both_correct,14.272897,8.582778,101.04765,61.944458
1068,4,4,42,medium (3-4 steps),small (11-100),False,False,both_wrong,False,False,both_wrong,10.372426,6.600163,66.267654,41.94634
1069,3,3,88,medium (3-4 steps),medium (101-1K),True,True,both_correct,True,True,both_correct,12.941986,9.091978,100.957886,64.14627
1070,4,4,56,medium (3-4 steps),small (11-100),True,True,both_correct,True,True,both_correct,8.547591,6.79161,61.277702,44.38025
1071,5,5,62,hard (5-6 steps),medium (101-1K),False,False,both_wrong,False,False,both_wrong,11.7276535,8.332446,75.71829,52.07837
1072,5,5,28,hard (5-6 steps),small (11-100),True,True,both_correct,True,True,both_correct,10.597514,8.843274,72.03837,56.13014
1073,4,4,57,medium (3-4 steps),small (11-100),False,False,both_wrong,False,False,both_wrong,11.610478,8.170466,79.369064,56.91253
1074,2,2,30,easy (1-2 steps),medium (101-1K),True,True,both_correct,True,True,both_correct,12.677368,7.223886,74.50613,41.69097
1075,6,6,44,hard (5-6 steps),small (11-100),False,False,both_wrong,False,False,both_wrong,12.670135,8.284762,84.774315,48.80291
1076,4,4,27,medium (3-4 steps),medium (101-1K),True,True,both_correct,True,True,both_correct,14.627751,10.78373,109.47514,73.59207
1077,7,7,164,very hard (7+ steps),medium (101-1K),False,False,both_wrong,False,False,both_wrong,10.500389,8.246626,76.157745,55.90279
1078,3,3,67,medium (3-4 steps),tiny (≤10),True,True,both_correct,True,True,both_correct,15.211551,8.067518,118.01386,56.76047
1079,4,4,50,medium (3-4 steps),tiny (≤10),False,True,recovered,True,False,regressed,11.701469,8.793845,92.93226,61.379585
1080,2,2,25,easy (1-2 steps),large (>1K),False,False,both_wrong,False,False,both_wrong,10.721754,6.7772875,80.55435,41.51127
1081,2,2,29,easy (1-2 steps),medium (101-1K),True,True,both_correct,True,True,both_correct,14.491913,7.8892293,94.8815,47.751244
1082,3,3,50,medium (3-4 steps),tiny (≤10),False,True,recovered,True,False,regressed,9.31903,7.398471,61.80964,47.510796
1083,4,4,40,medium (3-4 steps),tiny (≤10),False,False,both_wrong,True,False,regressed,10.176119,7.8293986,75.39833,54.81598
1084,4,0,32,medium (3-4 steps),small (11-100),True,True,both_correct,True,True,both_correct,10.750651,6.9766755,86.93547,46.97814
1085,2,2,21,easy (1-2 steps),small (11-100),True,True,both_correct,True,True,both_correct,14.987575,7.780912,75.87955,49.327705
1086,8,8,83,very hard (7+ steps),large (>1K),True,True,both_correct,False,True,recovered,10.731361,8.826816,57.55058,51.267693
1087,3,3,60,medium (3-4 steps),small (11-100),True,True,both_correct,True,True,both_correct,11.983331,7.974449,85.90018,57.166946
1088,6,6,60,hard (5-6 steps),small (11-100),False,False,both_wrong,False,False,both_wrong,12.649979,10.611291,78.51748,74.22098
1089,3,3,44,medium (3-4 steps),small (11-100),False,True,recovered,False,False,both_wrong,13.789558,8.318081,74.35402,56.21559
1090,4,4,53,medium (3-4 steps),small (11-100),False,False,both_wrong,True,False,regressed,11.779582,8.964878,90.88247,57.8926
1091,2,2,32,easy (1-2 steps),medium (101-1K),True,True,both_correct,True,True,both_correct,14.712173,7.88013,81.38431,48.51418
1092,2,2,51,easy (1-2 steps),large (>1K),True,True,both_correct,True,True,both_correct,13.383391,7.9734073,108.17831,48.93911
1093,7,7,49,very hard (7+ steps),medium (101-1K),False,True,recovered,True,True,both_correct,12.522283,11.094901,86.151855,67.01336
1094,6,6,73,hard (5-6 steps),small (11-100),False,True,recovered,False,False,both_wrong,8.364982,7.0040665,54.608147,43.94689
1095,3,3,40,medium (3-4 steps),medium (101-1K),True,True,both_correct,True,True,both_correct,12.693686,7.429829,89.615,49.445354
1096,5,4,58,hard (5-6 steps),medium (101-1K),False,False,both_wrong,False,False,both_wrong,9.776426,7.3958597,62.939064,52.876884
1097,3,3,40,medium (3-4 steps),medium (101-1K),True,True,both_correct,True,True,both_correct,12.968223,8.059871,91.6088,55.037003
1098,2,2,33,easy (1-2 steps),small (11-100),True,True,both_correct,True,True,both_correct,13.92186,7.187707,91.31897,45.094997
1099,3,3,51,medium (3-4 steps),tiny (≤10),True,True,both_correct,True,True,both_correct,13.611792,9.657697,111.45662,58.548714
1100,4,3,30,medium (3-4 steps),tiny (≤10),False,True,recovered,True,True,both_correct,12.250518,7.8275266,85.69565,52.20214
1101,4,4,26,medium (3-4 steps),small (11-100),True,True,both_correct,False,True,recovered,13.871577,8.8346615,104.28522,60.796066
1102,7,7,66,very hard (7+ steps),medium (101-1K),False,False,both_wrong,False,False,both_wrong,12.559054,10.975182,84.69071,74.88809
1103,2,2,57,easy (1-2 steps),small (11-100),True,True,both_correct,True,False,regressed,10.15644,9.006398,78.50397,58.838387
1104,2,2,22,easy (1-2 steps),small (11-100),True,True,both_correct,True,True,both_correct,12.9812155,7.842757,92.30943,44.507084
1105,4,4,42,medium (3-4 steps),small (11-100),False,False,both_wrong,False,False,both_wrong,10.498591,8.2061205,76.872665,51.142033
1106,2,2,33,easy (1-2 steps),tiny (≤10),True,True,both_correct,True,True,both_correct,14.144223,8.10272,79.29482,46.752
1107,3,2,19,medium (3-4 steps),medium (101-1K),False,False,both_wrong,False,True,recovered,12.052961,8.261119,90.36988,48.58201
1108,2,2,43,easy (1-2 steps),small (11-100),True,True,both_correct,True,True,both_correct,16.405481,7.897617,85.5808,48.14972
1109,5,5,30,hard (5-6 steps),tiny (≤10),True,True,both_correct,False,True,recovered,14.208115,9.71989,105.71912,70.70306
1110,3,2,60,medium (3-4 steps),small (11-100),False,False,both_wrong,False,False,both_wrong,11.175985,9.42267,74.68131,63.336105
1111,4,4,42,medium (3-4 steps),medium (101-1K),True,True,both_correct,False,False,both_wrong,14.456023,9.1846285,108.04875,63.378593
1112,4,4,28,medium (3-4 steps),tiny (≤10),True,True,both_correct,True,True,both_correct,13.637917,9.853456,89.64598,64.591606
1113,4,1,31,medium (3-4 steps),tiny (≤10),False,False,both_wrong,False,False,both_wrong,9.701277,8.312606,63.861435,48.415546
1114,3,3,29,medium (3-4 steps),tiny (≤10),True,True,both_correct,True,True,both_correct,12.3619795,8.520541,74.90855,62.577312
1115,3,3,54,medium (3-4 steps),tiny (≤10),True,True,both_correct,True,True,both_correct,10.183938,7.4337187,79.155426,45.805256
1116,2,2,31,easy (1-2 steps),small (11-100),True,True,both_correct,True,True,both_correct,12.750511,7.5264363,81.410065,45.84414
1117,2,2,22,easy (1-2 steps),tiny (≤10),True,True,both_correct,True,True,both_correct,13.17746,8.023951,81.77022,51.183647
1118,5,5,45,hard (5-6 steps),tiny (≤10),False,True,recovered,False,True,recovered,8.216651,7.00465,52.82066,41.630737
1119,4,3,87,medium (3-4 steps),small (11-100),True,True,both_correct,True,True,both_correct,9.703775,7.6345434,71.50933,48.493492
1120,3,3,37,medium (3-4 steps),medium (101-1K),True,False,regressed,False,False,both_wrong,12.690955,8.176471,94.151924,52.555866
1121,2,2,29,easy (1-2 steps),small (11-100),False,True,recovered,True,True,both_correct,11.377243,8.046497,66.68355,50.23899
1122,8,8,77,very hard (7+ steps),small (11-100),False,False,both_wrong,False,False,both_wrong,12.385045,11.406123,78.366196,76.84845
1123,3,3,40,medium (3-4 steps),medium (101-1K),False,False,both_wrong,False,True,recovered,13.151565,8.682169,104.58135,53.671524
1124,3,3,43,medium (3-4 steps),small (11-100),False,True,recovered,False,True,recovered,12.983688,8.530251,95.98622,61.028366
1125,3,3,42,medium (3-4 steps),small (11-100),True,True,both_correct,True,True,both_correct,13.516523,9.306054,105.07287,60.9924
1126,2,1,37,easy (1-2 steps),small (11-100),True,True,both_correct,True,True,both_correct,13.472455,8.83117,102.05276,53.622364
1127,2,2,67,easy (1-2 steps),medium (101-1K),True,True,both_correct,True,True,both_correct,14.590585,8.0368395,114.40308,51.263046
1128,3,3,22,medium (3-4 steps),tiny (≤10),True,True,both_correct,True,True,both_correct,13.282903,8.3327465,99.45803,57.781937
1129,5,5,43,hard (5-6 steps),tiny (≤10),False,True,recovered,False,False,both_wrong,10.01607,6.4440193,66.11467,40.09766
1130,4,4,58,medium (3-4 steps),small (11-100),False,False,both_wrong,False,False,both_wrong,12.166254,9.051851,92.20178,64.632454
1131,4,4,42,medium (3-4 steps),small (11-100),True,True,both_correct,True,False,regressed,12.682066,10.064936,91.77096,77.05033
1132,4,4,29,medium (3-4 steps),large (>1K),False,True,recovered,True,True,both_correct,10.360242,8.311447,75.09332,63.081253
1133,4,2,71,medium (3-4 steps),small (11-100),False,False,both_wrong,False,False,both_wrong,9.962141,5.5860476,63.776443,34.47586
1134,3,3,40,medium (3-4 steps),tiny (≤10),True,True,both_correct,True,True,both_correct,14.292693,8.454699,109.63232,61.49573
1135,3,3,34,medium (3-4 steps),small (11-100),True,True,both_correct,True,True,both_correct,13.374043,8.367797,111.04986,50.543346
1136,5,3,34,hard (5-6 steps),small (11-100),False,False,both_wrong,False,False,both_wrong,12.193866,7.0159287,97.26818,41.914284
1137,4,4,67,medium (3-4 steps),small (11-100),False,False,both_wrong,False,False,both_wrong,10.902263,7.4478564,82.37891,45.336197
1138,4,4,47,medium (3-4 steps),medium (101-1K),False,False,both_wrong,False,False,both_wrong,8.830684,6.1614995,49.05898,42.323715
1139,5,4,43,hard (5-6 steps),tiny (≤10),False,False,both_wrong,False,False,both_wrong,10.028967,9.467171,70.537445,66.55551
1140,4,4,34,medium (3-4 steps),small (11-100),False,False,both_wrong,False,False,both_wrong,9.430367,7.8040366,61.711426,49.091404
1141,4,3,33,medium (3-4 steps),small (11-100),True,True,both_correct,True,True,both_correct,14.983839,10.386109,110.2465,72.67595
1142,3,3,56,medium (3-4 steps),tiny (≤10),True,True,both_correct,True,True,both_correct,12.639183,8.855052,100.731316,55.397762
1143,2,2,22,easy (1-2 steps),medium (101-1K),False,False,both_wrong,False,False,both_wrong,15.325572,8.118943,90.68764,50.53292
1144,3,3,41,medium (3-4 steps),small (11-100),True,False,regressed,True,True,both_correct,13.99758,9.515154,112.3571,60.68359
1145,5,5,53,hard (5-6 steps),medium (101-1K),False,False,both_wrong,False,False,both_wrong,9.775853,6.530654,59.19414,40.88361
1146,4,4,49,medium (3-4 steps),small (11-100),False,False,both_wrong,False,False,both_wrong,9.9970875,8.599094,67.29434,61.812595
1147,4,4,70,medium (3-4 steps),small (11-100),True,False,regressed,True,False,regressed,11.186964,9.271779,83.27093,57.767765
1148,2,2,27,easy (1-2 steps),tiny (≤10),True,True,both_correct,True,True,both_correct,15.665244,8.165935,87.17512,50.029114
1149,2,2,25,easy (1-2 steps),small (11-100),True,True,both_correct,True,True,both_correct,12.068115,7.5463743,78.1333,45.791115
1150,2,2,23,easy (1-2 steps),small (11-100),True,True,both_correct,True,True,both_correct,13.730424,7.4945273,81.01777,44.861816
1151,3,3,25,medium (3-4 steps),small (11-100),False,False,both_wrong,True,True,both_correct,12.9180155,8.465182,111.11578,51.091072
1152,2,1,36,easy (1-2 steps),small (11-100),False,False,both_wrong,False,False,both_wrong,13.183495,5.79568,81.66802,33.536407
1153,4,4,52,medium (3-4 steps),small (11-100),True,False,regressed,True,True,both_correct,12.862839,8.931863,85.54053,54.224037
1154,3,3,28,medium (3-4 steps),small (11-100),True,True,both_correct,True,True,both_correct,13.469743,8.541505,109.18133,53.914547
1155,3,3,27,medium (3-4 steps),small (11-100),True,True,both_correct,True,True,both_correct,11.416688,8.899569,86.46306,60.208076
1156,8,8,56,very hard (7+ steps),medium (101-1K),True,True,both_correct,True,True,both_correct,11.867408,8.422917,72.12569,61.9594
1157,3,3,45,medium (3-4 steps),tiny (≤10),True,False,regressed,True,True,both_correct,12.718527,7.3790345,98.54468,47.612244
1158,3,2,53,medium (3-4 steps),large (>1K),False,False,both_wrong,False,False,both_wrong,9.844713,8.072297,76.66997,55.311176
1159,4,3,44,medium (3-4 steps),small (11-100),False,False,both_wrong,False,False,both_wrong,10.692084,6.954221,68.90726,45.80809
1160,5,2,38,hard (5-6 steps),large (>1K),False,False,both_wrong,False,False,both_wrong,12.098984,7.167376,106.68006,46.180656
1161,6,6,55,hard (5-6 steps),medium (101-1K),False,False,both_wrong,False,False,both_wrong,11.512711,8.870337,77.16786,68.94092
1162,2,2,20,easy (1-2 steps),tiny (≤10),True,True,both_correct,True,True,both_correct,13.664268,8.006965,76.24608,46.654
1163,2,2,30,easy (1-2 steps),small (11-100),True,True,both_correct,True,True,both_correct,13.263578,6.9740515,94.27761,40.992744
1164,7,6,47,very hard (7+ steps),tiny (≤10),True,True,both_correct,False,True,recovered,15.52094,12.167176,116.67326,83.801506
1165,6,6,56,hard (5-6 steps),large (>1K),False,False,both_wrong,False,False,both_wrong,10.632933,8.71075,60.466034,56.191208
1166,6,4,78,hard (5-6 steps),large (>1K),False,False,both_wrong,False,False,both_wrong,13.016162,8.695451,96.898026,69.87058
1167,2,2,17,easy (1-2 steps),medium (101-1K),True,True,both_correct,True,True,both_correct,13.930372,7.911844,89.687706,50.536545
1168,8,1,44,very hard (7+ steps),small (11-100),False,False,both_wrong,False,False,both_wrong,9.30871,7.103536,70.804924,51.364944
1169,4,4,41,medium (3-4 steps),tiny (≤10),True,False,regressed,False,False,both_wrong,12.066164,9.148664,87.15767,62.581543
1170,2,2,52,easy (1-2 steps),tiny (≤10),False,True,recovered,False,False,both_wrong,9.95038,6.694491,54.337673,39.50883
1171,4,4,44,medium (3-4 steps),large (>1K),False,False,both_wrong,False,False,both_wrong,11.0917635,7.990993,79.54413,54.894367
1172,5,5,71,hard (5-6 steps),small (11-100),True,True,both_correct,True,True,both_correct,13.229983,7.525498,85.960144,43.951763
1173,6,3,44,hard (5-6 steps),tiny (≤10),False,False,both_wrong,True,False,regressed,10.882088,7.982715,86.93462,51.915382
1174,6,6,55,hard (5-6 steps),medium (101-1K),False,False,both_wrong,False,False,both_wrong,10.462553,9.157901,56.590137,57.55177
1175,6,6,64,hard (5-6 steps),small (11-100),False,False,both_wrong,False,False,both_wrong,10.723898,8.0196085,70.83452,51.461025
1176,7,6,124,very hard (7+ steps),tiny (≤10),False,False,both_wrong,False,False,both_wrong,8.441548,5.6124463,59.888733,34.802578
1177,5,5,30,hard (5-6 steps),small (11-100),True,True,both_correct,True,True,both_correct,11.89888,9.226842,80.49263,55.636047
1178,2,2,23,easy (1-2 steps),small (11-100),True,True,both_correct,True,True,both_correct,14.120566,7.096957,88.90469,43.435413
1179,3,2,27,medium (3-4 steps),small (11-100),False,False,both_wrong,False,False,both_wrong,11.805066,8.081552,77.65025,51.491077
1180,2,2,62,easy (1-2 steps),large (>1K),True,True,both_correct,True,True,both_correct,12.911581,8.699385,96.33654,58.360725
1181,5,1,33,hard (5-6 steps),small (11-100),False,False,both_wrong,False,False,both_wrong,8.834609,7.793601,56.16112,48.79605
1182,3,3,25,medium (3-4 steps),large (>1K),False,False,both_wrong,False,False,both_wrong,12.405586,9.613814,99.91973,62.33922
1183,4,4,97,medium (3-4 steps),small (11-100),False,True,recovered,False,True,recovered,8.037925,6.2047997,55.91963,37.934406
1184,2,2,29,easy (1-2 steps),medium (101-1K),True,True,both_correct,True,True,both_correct,15.19414,9.145778,91.248535,56.300686
1185,5,5,41,hard (5-6 steps),tiny (≤10),False,True,recovered,True,True,both_correct,11.906343,8.44741,82.82249,54.678135
1186,3,3,25,medium (3-4 steps),small (11-100),True,True,both_correct,True,True,both_correct,12.811793,8.551227,107.53215,54.701603
1187,4,3,37,medium (3-4 steps),tiny (≤10),False,False,both_wrong,False,False,both_wrong,12.020421,6.5899596,91.04246,43.291977
1188,3,3,25,medium (3-4 steps),small (11-100),True,False,regressed,False,False,both_wrong,13.461671,7.772656,110.19978,47.769302
1189,3,3,36,medium (3-4 steps),tiny (≤10),True,True,both_correct,True,True,both_correct,11.687159,7.321888,88.39594,48.87388
1190,8,2,75,very hard (7+ steps),small (11-100),False,False,both_wrong,False,False,both_wrong,9.293587,9.200712,55.153046,64.596756
1191,3,3,39,medium (3-4 steps),small (11-100),True,True,both_correct,False,False,both_wrong,12.821256,9.309712,100.80017,68.56171
1192,4,4,49,medium (3-4 steps),medium (101-1K),False,False,both_wrong,False,False,both_wrong,11.538907,9.56056,83.36174,75.17949
1193,5,5,63,hard (5-6 steps),tiny (≤10),False,False,both_wrong,False,False,both_wrong,8.001359,7.406552,55.331406,47.169655
1194,2,2,48,easy (1-2 steps),large (>1K),True,True,both_correct,True,True,both_correct,14.562863,7.331079,93.1673,48.70872
1195,3,3,95,medium (3-4 steps),medium (101-1K),False,False,both_wrong,False,False,both_wrong,10.630916,8.635248,68.60444,65.27571
1196,4,4,32,medium (3-4 steps),small (11-100),True,True,both_correct,True,True,both_correct,12.901223,8.342123,94.31816,58.99223
1197,6,6,34,hard (5-6 steps),large (>1K),True,True,both_correct,True,True,both_correct,13.002731,9.464941,81.11894,59.132618
1198,5,5,67,hard (5-6 steps),medium (101-1K),False,False,both_wrong,False,False,both_wrong,12.120781,9.575585,84.33299,65.79065
1199,5,5,128,hard (5-6 steps),tiny (≤10),True,False,regressed,True,False,regressed,10.342337,7.0430484,75.05411,44.99354
1200,5,2,25,hard (5-6 steps),tiny (≤10),True,True,both_correct,True,True,both_correct,12.657564,6.245614,53.23164,40.98007
1201,4,4,34,medium (3-4 steps),small (11-100),True,True,both_correct,False,True,recovered,13.621834,10.623536,96.91823,83.50907
1202,4,4,46,medium (3-4 steps),small (11-100),False,True,recovered,False,False,both_wrong,12.288032,10.578781,82.39641,82.61663
1203,3,3,44,medium (3-4 steps),medium (101-1K),False,True,recovered,False,True,recovered,12.466445,8.711803,94.382835,58.282463
1204,4,2,54,medium (3-4 steps),medium (101-1K),True,True,both_correct,True,True,both_correct,14.243064,10.251094,100.51058,80.88762
1205,3,3,53,medium (3-4 steps),tiny (≤10),False,True,recovered,True,True,both_correct,8.552438,6.4734335,56.44315,40.02781
1206,3,3,43,medium (3-4 steps),large (>1K),True,True,both_correct,True,True,both_correct,9.716685,8.223461,78.22568,52.94232
1207,4,4,51,medium (3-4 steps),small (11-100),True,True,both_correct,False,False,both_wrong,13.865562,8.221773,106.33867,56.937973
1208,2,1,23,easy (1-2 steps),small (11-100),False,False,both_wrong,False,False,both_wrong,11.699389,7.521881,78.83039,47.004536
1209,6,6,129,hard (5-6 steps),small (11-100),False,False,both_wrong,False,True,recovered,11.44198,7.406638,71.921005,47.46073
1210,2,2,43,easy (1-2 steps),medium (101-1K),True,True,both_correct,True,True,both_correct,15.150035,7.88066,75.41025,46.322342
1211,5,4,32,hard (5-6 steps),medium (101-1K),True,True,both_correct,True,True,both_correct,13.099877,8.580224,104.4324,60.1879
1212,3,3,53,medium (3-4 steps),medium (101-1K),True,True,both_correct,False,True,recovered,14.50781,9.252652,110.154495,67.82238
1213,4,4,54,medium (3-4 steps),small (11-100),False,False,both_wrong,False,False,both_wrong,11.476946,9.319937,89.67024,68.07433
1214,2,2,30,easy (1-2 steps),tiny (≤10),True,True,both_correct,True,True,both_correct,13.354097,7.564545,82.61563,46.601818
1215,5,5,84,hard (5-6 steps),small (11-100),False,False,both_wrong,False,False,both_wrong,8.421154,9.001153,49.650963,60.55023
1216,4,4,76,medium (3-4 steps),small (11-100),False,False,both_wrong,False,False,both_wrong,10.453186,10.126333,67.07325,76.51602
1217,7,7,60,very hard (7+ steps),small (11-100),False,False,both_wrong,False,False,both_wrong,11.987394,8.240374,76.39931,54.303997
1218,3,3,87,medium (3-4 steps),medium (101-1K),False,False,both_wrong,False,False,both_wrong,10.512945,6.1174817,69.54268,37.339897
1219,3,3,31,medium (3-4 steps),small (11-100),True,True,both_correct,True,True,both_correct,14.241263,8.875097,117.28963,59.079075
1220,6,1,38,hard (5-6 steps),small (11-100),True,True,both_correct,True,True,both_correct,9.504583,9.125879,77.22988,61.499702
1221,2,2,56,easy (1-2 steps),tiny (≤10),True,True,both_correct,True,True,both_correct,14.51414,8.75674,86.49399,49.932705
1222,2,2,39,easy (1-2 steps),medium (101-1K),True,True,both_correct,True,True,both_correct,13.911023,8.069168,90.024475,53.316895
1223,4,3,34,medium (3-4 steps),tiny (≤10),False,False,both_wrong,False,False,both_wrong,11.660904,9.006799,81.666405,63.394524
1224,2,2,31,easy (1-2 steps),tiny (≤10),True,True,both_correct,True,True,both_correct,13.840388,6.8883634,85.608185,42.19946
1225,6,1,40,hard (5-6 steps),tiny (≤10),False,True,recovered,True,True,both_correct,12.718152,8.065354,95.95976,54.572266
1226,5,5,53,hard (5-6 steps),small (11-100),False,True,recovered,False,False,both_wrong,12.768068,11.1715145,88.918076,86.52295
1227,3,3,42,medium (3-4 steps),small (11-100),False,False,both_wrong,True,False,regressed,10.859555,6.807083,76.798676,41.93088
1228,2,2,26,easy (1-2 steps),small (11-100),True,True,both_correct,True,True,both_correct,12.997961,8.484613,90.35583,53.937443
1229,5,4,33,hard (5-6 steps),small (11-100),True,True,both_correct,True,True,both_correct,13.644607,9.897737,91.353966,79.72017
1230,5,5,77,hard (5-6 steps),medium (101-1K),True,True,both_correct,True,False,regressed,13.784051,9.599245,79.952415,61.77664
1231,2,2,23,easy (1-2 steps),small (11-100),False,False,both_wrong,False,False,both_wrong,8.608996,6.061496,77.215126,36.071556
1232,2,2,30,easy (1-2 steps),small (11-100),True,True,both_correct,True,True,both_correct,13.878525,7.8310905,85.82047,47.343834
1233,5,5,40,hard (5-6 steps),small (11-100),True,True,both_correct,True,True,both_correct,13.579581,10.467135,99.68184,83.70496
1234,3,1,29,medium (3-4 steps),small (11-100),True,True,both_correct,True,True,both_correct,10.588702,4.6528053,45.293064,28.13282
1235,3,2,50,medium (3-4 steps),small (11-100),False,False,both_wrong,False,False,both_wrong,10.747998,8.361823,83.696625,54.726707
1236,3,3,55,medium (3-4 steps),small (11-100),True,True,both_correct,False,False,both_wrong,14.264814,9.324034,98.15419,65.48739
1237,2,2,30,easy (1-2 steps),small (11-100),True,True,both_correct,True,True,both_correct,14.358027,8.176692,97.74866,51.756752
1238,3,3,44,medium (3-4 steps),medium (101-1K),True,True,both_correct,True,False,regressed,11.961667,9.717015,91.30284,65.698875
1239,5,5,43,hard (5-6 steps),small (11-100),False,False,both_wrong,True,False,regressed,10.863859,7.9815097,69.77096,50.90464
1240,5,5,64,hard (5-6 steps),tiny (≤10),False,True,recovered,False,False,both_wrong,14.288373,10.895401,95.35833,77.519135
1241,5,5,25,hard (5-6 steps),tiny (≤10),False,True,recovered,True,True,both_correct,11.825942,9.713213,86.0342,71.04593
1242,4,4,39,medium (3-4 steps),small (11-100),True,True,both_correct,True,True,both_correct,13.9205675,9.346595,101.881195,75.407196
1243,2,1,37,easy (1-2 steps),small (11-100),True,True,both_correct,True,True,both_correct,12.119522,8.970858,94.95063,58.847878
1244,4,4,65,medium (3-4 steps),small (11-100),False,False,both_wrong,False,False,both_wrong,8.867632,7.8381233,63.01431,50.398525
1245,6,0,50,hard (5-6 steps),small (11-100),False,False,both_wrong,False,False,both_wrong,9.604425,4.6438527,46.857494,26.699678
1246,2,2,39,easy (1-2 steps),large (>1K),True,True,both_correct,True,True,both_correct,12.673537,9.705026,93.839645,58.767838
1247,3,3,71,medium (3-4 steps),tiny (≤10),True,False,regressed,False,True,recovered,11.32302,7.603946,79.16516,48.12275
1248,2,2,92,easy (1-2 steps),medium (101-1K),False,False,both_wrong,False,False,both_wrong,11.156808,8.206221,84.96523,51.861465
1249,7,7,92,very hard (7+ steps),small (11-100),False,False,both_wrong,False,False,both_wrong,9.565805,6.032798,57.521774,37.53057
1250,2,2,37,easy (1-2 steps),small (11-100),True,True,both_correct,True,True,both_correct,15.293223,7.8549933,78.16499,49.854694
1251,5,5,56,hard (5-6 steps),small (11-100),False,False,both_wrong,False,False,both_wrong,10.2432,9.279635,75.967514,60.878098
1252,3,3,37,medium (3-4 steps),small (11-100),False,True,recovered,False,True,recovered,10.242574,7.8640823,84.00622,47.83624
1253,3,3,33,medium (3-4 steps),medium (101-1K),True,False,regressed,True,True,both_correct,14.957003,8.22674,112.02877,56.77543
1254,3,3,76,medium (3-4 steps),small (11-100),True,True,both_correct,True,True,both_correct,14.741319,8.441833,113.169785,55.521107
1255,5,4,53,hard (5-6 steps),small (11-100),True,False,regressed,False,False,both_wrong,11.98018,9.093811,87.708916,75.8642
1256,4,4,82,medium (3-4 steps),small (11-100),True,True,both_correct,True,True,both_correct,11.831724,7.5131593,87.98845,46.624897
1257,2,2,39,easy (1-2 steps),small (11-100),True,True,both_correct,True,True,both_correct,13.908626,8.223239,92.69045,49.291588
1258,3,3,34,medium (3-4 steps),small (11-100),True,True,both_correct,True,True,both_correct,11.107575,9.24502,86.82477,65.52101
1259,3,3,30,medium (3-4 steps),large (>1K),True,True,both_correct,True,True,both_correct,13.17908,8.571045,104.19895,55.120148
1260,2,2,69,easy (1-2 steps),tiny (≤10),True,True,both_correct,True,True,both_correct,14.303647,6.8950195,101.23846,45.46913
1261,5,4,48,hard (5-6 steps),medium (101-1K),False,True,recovered,False,False,both_wrong,13.1731615,12.449801,91.38018,86.14724
1262,3,3,48,medium (3-4 steps),small (11-100),False,True,recovered,True,True,both_correct,11.829169,8.401488,95.20778,53.686974
1263,4,4,95,medium (3-4 steps),medium (101-1K),False,False,both_wrong,False,False,both_wrong,12.639647,8.909681,90.8111,62.02682
1264,5,5,112,hard (5-6 steps),medium (101-1K),False,False,both_wrong,False,False,both_wrong,10.999856,9.892022,75.24844,66.09216
1265,4,4,78,medium (3-4 steps),small (11-100),False,False,both_wrong,False,True,recovered,9.433293,6.5656347,60.482212,41.754433
1266,4,4,43,medium (3-4 steps),medium (101-1K),True,True,both_correct,True,True,both_correct,15.319058,10.221286,115.92498,72.37719
1267,4,4,27,medium (3-4 steps),small (11-100),False,False,both_wrong,False,False,both_wrong,14.254176,8.83423,114.91794,56.34033
1268,2,2,37,easy (1-2 steps),small (11-100),True,True,both_correct,False,True,recovered,12.595947,7.1826587,98.20456,45.30137
1269,3,3,46,medium (3-4 steps),small (11-100),False,False,both_wrong,False,False,both_wrong,11.820548,7.5075808,66.80462,47.162994
1270,6,3,36,hard (5-6 steps),large (>1K),False,False,both_wrong,False,False,both_wrong,11.2692,8.671245,80.88775,62.77239
1271,4,4,40,medium (3-4 steps),small (11-100),True,True,both_correct,False,False,both_wrong,13.416967,10.112311,95.44946,70.16961
1272,4,4,62,medium (3-4 steps),medium (101-1K),True,True,both_correct,False,True,recovered,13.6058445,7.6925635,92.47818,59.025284
1273,2,2,35,easy (1-2 steps),small (11-100),False,True,recovered,False,False,both_wrong,9.208773,7.3931956,66.51808,48.176567
1274,3,3,41,medium (3-4 steps),small (11-100),False,False,both_wrong,False,False,both_wrong,10.476233,7.875328,74.32115,43.068554
1275,3,3,54,medium (3-4 steps),small (11-100),False,False,both_wrong,False,True,recovered,14.817507,9.29641,117.669365,63.61842
1276,3,3,46,medium (3-4 steps),small (11-100),True,True,both_correct,True,True,both_correct,10.60148,5.8893933,56.343967,32.615807
1277,3,3,27,medium (3-4 steps),small (11-100),True,False,regressed,False,True,recovered,10.554326,7.409948,84.77331,46.796818
1278,2,2,34,easy (1-2 steps),medium (101-1K),False,False,both_wrong,False,False,both_wrong,11.681971,7.2788315,100.19595,45.80808
1279,2,2,53,easy (1-2 steps),medium (101-1K),False,True,recovered,False,True,recovered,9.840423,8.565995,73.438545,56.35823
1280,2,1,39,easy (1-2 steps),tiny (≤10),True,True,both_correct,True,True,both_correct,13.43458,7.7782664,78.62081,44.939262
1281,4,4,31,medium (3-4 steps),small (11-100),True,True,both_correct,True,True,both_correct,14.45032,8.369673,103.99456,60.562614
1282,4,4,50,medium (3-4 steps),small (11-100),False,True,recovered,False,False,both_wrong,14.101508,10.960638,101.6753,79.970695
1283,5,5,31,hard (5-6 steps),small (11-100),True,True,both_correct,True,True,both_correct,14.31381,10.420929,107.57756,82.754684
1284,3,3,84,medium (3-4 steps),small (11-100),False,False,both_wrong,False,True,recovered,10.067484,8.443078,65.94424,60.44165
1285,2,2,52,easy (1-2 steps),large (>1K),False,False,both_wrong,False,False,both_wrong,10.944916,8.15625,84.57146,49.49673
1286,3,3,32,medium (3-4 steps),medium (101-1K),True,False,regressed,False,True,recovered,14.410215,9.765828,107.20551,63.04645
1287,3,3,45,medium (3-4 steps),small (11-100),False,False,both_wrong,False,False,both_wrong,9.73141,6.371904,69.34195,36.191696
1288,7,7,41,very hard (7+ steps),small (11-100),False,False,both_wrong,False,False,both_wrong,12.969469,9.819685,93.12191,68.64321
1289,4,4,69,medium (3-4 steps),medium (101-1K),True,True,both_correct,True,True,both_correct,14.06503,9.607544,103.819176,68.44534
1290,4,4,26,medium (3-4 steps),small (11-100),True,True,both_correct,True,True,both_correct,12.549646,8.93158,89.42965,64.37268
1291,2,2,30,easy (1-2 steps),small (11-100),True,True,both_correct,True,True,both_correct,14.429153,7.6780443,95.160225,48.494682
1292,3,3,31,medium (3-4 steps),small (11-100),True,True,both_correct,True,False,regressed,12.762797,8.202948,98.59108,56.472775
1293,2,2,40,easy (1-2 steps),large (>1K),True,True,both_correct,True,True,both_correct,9.730332,7.7655616,79.80411,49.111805
1294,5,5,66,hard (5-6 steps),small (11-100),False,True,recovered,True,True,both_correct,10.967261,9.317609,66.13404,71.602005
1295,5,5,52,hard (5-6 steps),tiny (≤10),False,False,both_wrong,True,True,both_correct,12.811005,10.09615,97.121765,72.18561
1296,4,4,50,medium (3-4 steps),medium (101-1K),True,True,both_correct,True,True,both_correct,12.484375,9.592649,84.5927,58.419
1297,6,6,70,hard (5-6 steps),small (11-100),False,False,both_wrong,False,False,both_wrong,14.818238,11.962186,102.737366,78.40542
1298,5,5,30,hard (5-6 steps),small (11-100),False,False,both_wrong,False,False,both_wrong,12.238085,9.680583,90.7802,63.221226
1299,3,3,40,medium (3-4 steps),small (11-100),True,True,both_correct,True,False,regressed,12.362021,7.8901443,97.52741,51.689575
1300,4,4,37,medium (3-4 steps),medium (101-1K),True,True,both_correct,True,True,both_correct,11.751589,7.869744,89.52845,52.00784
1301,6,6,57,hard (5-6 steps),small (11-100),True,True,both_correct,False,False,both_wrong,9.948674,7.9343095,67.47424,56.25772
1302,4,4,55,medium (3-4 steps),small (11-100),True,True,both_correct,True,True,both_correct,12.078223,6.9877725,83.39763,48.39431
1303,4,4,53,medium (3-4 steps),tiny (≤10),False,False,both_wrong,False,False,both_wrong,10.934893,8.550602,77.81309,55.889164
1304,2,2,47,easy (1-2 steps),medium (101-1K),True,True,both_correct,True,True,both_correct,11.49431,7.9711485,92.154236,51.58026
1305,2,2,34,easy (1-2 steps),large (>1K),False,False,both_wrong,False,False,both_wrong,13.311393,8.5657215,114.37278,56.05169
1306,4,4,100,medium (3-4 steps),tiny (≤10),False,False,both_wrong,True,False,regressed,12.354515,8.791787,93.573235,56.041664
1307,3,3,29,medium (3-4 steps),tiny (≤10),True,True,both_correct,True,True,both_correct,11.376443,8.455362,90.7634,56.979374
1308,2,2,28,easy (1-2 steps),small (11-100),True,True,both_correct,True,True,both_correct,14.936545,7.673,88.89587,43.571297
1309,3,3,40,medium (3-4 steps),large (>1K),False,False,both_wrong,False,False,both_wrong,10.504544,8.092322,65.14749,49.71683
1310,4,4,62,medium (3-4 steps),small (11-100),False,False,both_wrong,False,False,both_wrong,9.219417,7.427875,66.46476,49.696003
1311,2,2,50,easy (1-2 steps),medium (101-1K),False,False,both_wrong,False,False,both_wrong,10.387265,7.5885925,67.04844,51.4058
1312,4,4,37,medium (3-4 steps),medium (101-1K),False,True,recovered,True,False,regressed,11.77076,8.8987665,98.11248,64.566734
1313,3,3,24,medium (3-4 steps),tiny (≤10),False,False,both_wrong,False,True,recovered,12.586408,9.456901,81.253876,59.198692
1314,5,5,43,hard (5-6 steps),tiny (≤10),False,False,both_wrong,False,False,both_wrong,11.19435,8.194519,87.19181,65.278656
1315,3,3,51,medium (3-4 steps),tiny (≤10),True,True,both_correct,True,True,both_correct,12.407472,8.762943,93.46341,56.819767
1316,4,4,58,medium (3-4 steps),medium (101-1K),True,True,both_correct,True,True,both_correct,14.285196,10.165407,94.67009,77.96597
1317,8,1,29,very hard (7+ steps),tiny (≤10),False,False,both_wrong,False,False,both_wrong,12.217033,8.500869,96.256714,56.0296
1318,3,3,37,medium (3-4 steps),small (11-100),True,True,both_correct,True,True,both_correct,13.389389,9.044841,92.49935,56.255383
