sample_idx,gold,baseline_prediction,sircl_prediction,baseline_correct,sircl_correct,gain,transition,baseline_radius_mean,baseline_radius_max,baseline_early_radius_mean,baseline_late_radius_mean,baseline_radius_change,baseline_pairwise_diversity_mean,baseline_pairwise_diversity_std,baseline_path_length,baseline_span,baseline_effective_movement_ratio,baseline_smoothness,baseline_dist_to_final_mean,baseline_backtracking_rate,baseline_violation_rate,sircl_radius_mean,sircl_radius_max,sircl_early_radius_mean,sircl_late_radius_mean,sircl_radius_change,sircl_pairwise_diversity_mean,sircl_pairwise_diversity_std,sircl_path_length,sircl_span,sircl_effective_movement_ratio,sircl_smoothness,sircl_dist_to_final_mean,sircl_backtracking_rate,sircl_violation_rate
0,18.0,18.0,18.0,True,True,0,stable_correct,13.422775268554688,20.211315155029297,15.04818344116211,12.114147186279297,-2.9340362548828125,20.9797420501709,3.9980430603027344,103.01338195800781,29.26348304748535,0.2840745747089386,-0.14136841893196106,19.28348731994629,0.4000000059604645,1.0,8.669549942016602,18.29132843017578,11.7788667678833,6.118850231170654,-5.6600165367126465,14.092738151550293,6.444393157958984,60.373077392578125,22.424713134765625,0.37143564224243164,-0.010278677567839622,11.232007026672363,0.4000000059604645,1.0
1,3.0,3.0,3.0,True,True,0,stable_correct,12.301655769348145,18.951555252075195,14.14206314086914,9.597395896911621,-4.5446672439575195,20.46917724609375,6.734771251678467,81.59906005859375,21.52097511291504,0.2637404799461365,0.19270996749401093,14.786648750305176,0.4000000059604645,1.0,6.934974193572998,17.992143630981445,10.21173095703125,4.118622303009033,-6.093108654022217,11.762808799743652,7.348241806030273,42.252662658691406,19.921253204345703,0.47147923707962036,0.31681856513023376,7.955533504486084,0.20000000298023224,1.0
2,70000.0,30000.0,50000.0,False,False,0,stable_wrong,9.503640174865723,13.978876113891602,11.599055290222168,6.895776748657227,-4.703278541564941,15.550812721252441,3.955456018447876,70.48055267333984,17.99249267578125,0.25528308749198914,0.018016254529356956,12.062603950500488,0.20000000298023224,1.0,8.532878875732422,18.484935760498047,10.439327239990234,6.926856517791748,-3.5124707221984863,14.107120513916016,6.581301212310791,58.37077331542969,20.504337310791016,0.3512774705886841,0.021854501217603683,10.641724586486816,0.4000000059604645,1.0
3,540.0,540.0,540.0,True,True,0,stable_correct,12.86954402923584,20.220279693603516,15.695073127746582,9.488636016845703,-6.206437110900879,21.251319885253906,6.426190376281738,85.68366241455078,24.08690643310547,0.2811143398284912,0.10001774877309799,15.715432167053223,0.20000000298023224,1.0,7.144753932952881,17.06159019470215,10.483538627624512,4.6661458015441895,-5.817392826080322,11.94786262512207,6.845828533172607,43.81880187988281,19.212526321411133,0.43845394253730774,0.29301804304122925,8.266668319702148,0.4000000059604645,1.0
4,20.0,20.0,20.0,True,True,0,stable_correct,11.642723083496094,19.03293228149414,14.557522773742676,8.581595420837402,-5.975927352905273,19.14173126220703,5.008181095123291,80.48818969726562,24.40530776977539,0.30321601033210754,-0.0332682840526104,14.24285888671875,0.20000000298023224,1.0,7.614806175231934,19.701791763305664,10.665570259094238,4.8420257568359375,-5.823544502258301,12.812520027160645,8.031396865844727,48.49292755126953,21.418479919433594,0.4416825473308563,0.15904352068901062,8.955032348632812,0.4000000059604645,1.0
5,64.0,92.0,64.0,False,True,1,recovered,11.981080055236816,18.002315521240234,14.748530387878418,9.566985130310059,-5.181545257568359,19.291528701782227,4.984902381896973,74.52254486083984,22.781850814819336,0.30570414662361145,0.034146685153245926,14.669441223144531,0.0,1.0,8.914506912231445,20.5631160736084,10.99854564666748,7.315683841705322,-3.682861804962158,14.019095420837402,7.980686187744141,58.57958221435547,23.569019317626953,0.4023418724536896,0.07436930388212204,12.647538185119629,0.20000000298023224,1.0
6,260.0,260.0,260.0,True,True,0,stable_correct,13.4193696975708,19.95304298400879,15.13297176361084,11.553227424621582,-3.579744338989258,20.970319747924805,4.261715888977051,101.34490966796875,28.24858856201172,0.2787371277809143,-0.06430309265851974,19.129837036132812,0.20000000298023224,1.0,8.488004684448242,18.03122329711914,12.5777587890625,4.977171897888184,-7.600586891174316,14.493020057678223,6.352354049682617,60.54889678955078,20.72039794921875,0.3422093391418457,-0.10874657332897186,9.628702163696289,0.4000000059604645,1.0
7,160.0,120.0,80.0,False,False,0,stable_wrong,10.716804504394531,17.177204132080078,13.213528633117676,8.445791244506836,-4.76773738861084,17.16384506225586,4.548964023590088,70.26860809326172,22.251707077026367,0.3166663944721222,0.11765618622303009,13.89681625366211,0.0,1.0,7.662410736083984,16.664461135864258,9.545154571533203,5.706453323364258,-3.8387012481689453,12.79971981048584,5.656981945037842,52.09614562988281,19.716176986694336,0.3784574866294861,-0.05174954980611801,9.343754768371582,0.4000000059604645,1.0
8,45.0,220.0,55.0,False,False,0,stable_wrong,12.677821159362793,18.565298080444336,15.710917472839355,10.47009563446045,-5.240821838378906,19.567920684814453,5.129734039306641,84.0771484375,23.28444480895996,0.2769414186477661,0.07410259544849396,18.481449127197266,0.20000000298023224,1.0,9.409506797790527,20.56595802307129,12.032605171203613,7.344594955444336,-4.688010215759277,14.981402397155762,7.230614185333252,58.491451263427734,25.69582748413086,0.43930912017822266,-0.07124360650777817,12.555545806884766,0.0,1.0
9,460.0,460.0,460.0,True,True,0,stable_correct,13.267959594726562,19.649744033813477,16.484766006469727,10.396489143371582,-6.0882768630981445,20.746862411499023,5.39367151260376,87.90896606445312,25.41691017150879,0.2891276180744171,0.005819643847644329,18.49516487121582,0.0,1.0,9.12082576751709,15.46749496459961,10.011548042297363,8.86316967010498,-1.1483783721923828,13.975202560424805,5.019832134246826,63.16138458251953,20.360172271728516,0.3223515748977661,-0.3175034821033478,13.316383361816406,0.6000000238418579,1.0
10,366.0,366.0,366.0,True,True,0,stable_correct,12.834403991699219,19.888608932495117,15.617205619812012,10.642779350280762,-4.97442626953125,20.432130813598633,5.0619330406188965,92.25418090820312,25.918930053710938,0.28095129132270813,-0.09665526449680328,17.435710906982422,0.0,1.0,9.531601905822754,16.859758377075195,11.462738037109375,7.675083160400391,-3.7876548767089844,15.88521671295166,4.94881534576416,67.0135726928711,19.33684730529785,0.2885512113571167,-0.046594489365816116,11.479229927062988,0.4000000059604645,1.0
11,694.0,724.0,694.0,False,True,1,recovered,14.123512268066406,20.52263069152832,17.97669219970703,11.177597999572754,-6.799094200134277,22.415363311767578,5.6063337326049805,106.0279541015625,27.183862686157227,0.2563839256763458,-0.2857365906238556,19.509140014648438,0.4000000059604645,1.0,10.320761680603027,19.58467674255371,13.103798866271973,8.041768074035645,-5.062030792236328,16.78634262084961,5.459684371948242,74.4641342163086,24.79220199584961,0.33294153213500977,-0.347561240196228,13.1284818649292,0.4000000059604645,1.0
12,13.0,12.0,13.0,False,True,1,recovered,12.696433067321777,17.8784122467041,14.179664611816406,11.062614440917969,-3.1170501708984375,20.43178939819336,3.7606801986694336,99.16691589355469,22.92436408996582,0.23116947710514069,-0.1323462277650833,16.826921463012695,0.4000000059604645,1.0,7.935256004333496,16.37325668334961,9.596094131469727,6.506654262542725,-3.089439868927002,12.91006851196289,5.446370601654053,55.336849212646484,19.347808837890625,0.349636971950531,0.03613220527768135,10.216814994812012,0.6000000238418579,1.0
13,18.0,18.0,24.0,True,False,-1,regressed,11.525595664978027,17.766557693481445,14.209617614746094,9.078751564025879,-5.130866050720215,18.700851440429688,4.233359336853027,90.32144927978516,24.113916397094727,0.2669788599014282,-0.19287219643592834,14.830527305603027,0.4000000059604645,1.0,8.827099800109863,19.44695281982422,12.41964340209961,5.746107578277588,-6.6735358238220215,14.547602653503418,7.128071308135986,59.355770111083984,22.671672821044922,0.3819624185562134,0.03832382708787918,10.805892944335938,0.20000000298023224,1.0
14,60.0,60.0,60.0,True,True,0,stable_correct,13.429853439331055,18.620458602905273,15.851155281066895,11.315574645996094,-4.535580635070801,21.32556915283203,3.7183592319488525,107.24897766113281,23.916757583618164,0.22300219535827637,-0.3124461770057678,18.396032333374023,0.4000000059604645,1.0,9.561568260192871,17.028404235839844,11.247992515563965,7.708573818206787,-3.5394186973571777,15.426084518432617,5.035837173461914,76.83981323242188,21.881118774414062,0.28476276993751526,-0.3413562476634979,12.754597663879395,0.20000000298023224,1.0
15,125.0,165.0,81.0,False,False,0,stable_wrong,10.839277267456055,17.619426727294922,14.238433837890625,8.08566951751709,-6.152764320373535,18.005582809448242,4.884068489074707,80.14119720458984,21.90425682067871,0.2733207941055298,-0.07264892011880875,13.18685531616211,0.20000000298023224,1.0,9.508309364318848,20.026588439941406,11.401629447937012,8.422801971435547,-2.978827476501465,15.235919952392578,6.902740001678467,55.85261917114258,24.486663818359375,0.43841567635536194,0.1886483132839203,12.60400104522705,0.20000000298023224,1.0
16,230.0,115.0,310.0,False,False,0,stable_wrong,9.948297500610352,18.411312103271484,12.920767784118652,6.162380218505859,-6.758387565612793,16.83041763305664,5.491835594177246,79.23030090332031,22.83609390258789,0.2882242500782013,-0.05802860110998154,11.713696479797363,0.20000000298023224,1.0,8.476277351379395,19.021467208862305,10.81551456451416,5.9829535484313965,-4.832561016082764,13.716704368591309,7.611043453216553,50.8675651550293,18.988584518432617,0.37329453229904175,0.29583895206451416,11.14989185333252,0.20000000298023224,1.0
17,57500.0,62000.0,41500.0,False,False,0,stable_wrong,14.395620346069336,19.451372146606445,17.35450553894043,12.067230224609375,-5.287275314331055,22.872276306152344,4.425076007843018,109.96855163574219,25.15799331665039,0.22877442836761475,-0.22275006771087646,19.55600929260254,0.20000000298023224,1.0,8.444890975952148,16.186538696289062,10.230935096740723,7.460806369781494,-2.7701287269592285,13.936412811279297,4.998742580413818,56.67475128173828,19.69642448425293,0.3475343883037567,-0.1914733499288559,10.398917198181152,0.4000000059604645,1.0
18,7.0,7.0,7.0,True,True,0,stable_correct,12.392033576965332,16.8588924407959,13.861016273498535,10.739445686340332,-3.121570587158203,19.516260147094727,3.255722761154175,92.08948516845703,25.753293991088867,0.2796550989151001,-0.05829184502363205,16.934526443481445,0.20000000298023224,1.0,6.772487163543701,15.86565113067627,8.68230152130127,4.899563312530518,-3.782738208770752,11.146674156188965,6.040274620056152,42.908058166503906,18.174806594848633,0.42357560992240906,0.08804402500391006,8.204350471496582,0.4000000059604645,1.0
19,6.0,4.0,2.0,False,False,0,stable_wrong,9.905752182006836,18.00180435180664,12.533287048339844,7.290975570678711,-5.242311477661133,16.450481414794922,5.20833158493042,71.04931640625,21.281049728393555,0.29952505230903625,0.06797339022159576,12.268753051757812,0.4000000059604645,1.0,7.374377727508545,16.375059127807617,9.353759765625,6.213581085205078,-3.140178680419922,11.953737258911133,5.876359939575195,51.046119689941406,19.730266571044922,0.3865184485912323,-0.16179746389389038,9.714821815490723,0.0,1.0
20,15.0,23.34,24.68,False,False,0,stable_wrong,12.775251388549805,18.06633758544922,15.43734073638916,10.92459487915039,-4.5127458572387695,20.390714645385742,4.5372772216796875,98.02409362792969,24.157554626464844,0.24644507467746735,-0.16228307783603668,17.131643295288086,0.4000000059604645,1.0,11.057753562927246,18.003690719604492,14.138511657714844,8.582355499267578,-5.556156158447266,18.1557674407959,4.5300188064575195,85.04500579833984,23.541358947753906,0.27681058645248413,-0.43759647011756897,13.499688148498535,0.0,1.0
21,14.0,19.0,19.0,False,False,0,stable_wrong,12.057812690734863,17.210113525390625,14.84112548828125,9.371006965637207,-5.470118522644043,19.627492904663086,5.859004974365234,77.04330444335938,19.26533317565918,0.25005850195884705,0.2500406801700592,14.9545316696167,0.20000000298023224,1.0,7.1230363845825195,17.609317779541016,9.731441497802734,5.160738468170166,-4.570703029632568,11.718673706054688,6.854292869567871,43.48291015625,21.180648803710938,0.48710283637046814,0.17489895224571228,8.676985740661621,0.20000000298023224,1.0
22,7.0,7.0,7.0,True,True,0,stable_correct,11.647248268127441,15.893150329589844,13.315529823303223,9.10649585723877,-4.209033966064453,18.50306510925293,3.7502806186676025,96.7492904663086,21.983373641967773,0.22721999883651733,-0.14261862635612488,15.928454399108887,0.20000000298023224,1.0,7.867461204528809,17.129268646240234,11.410780906677246,4.614088535308838,-6.796692371368408,13.345544815063477,6.227169513702393,52.43186569213867,19.377042770385742,0.3695661425590515,0.04270045459270477,9.064818382263184,0.0,1.0
23,8.0,8.0,8.0,True,True,0,stable_correct,10.37427806854248,19.301992416381836,13.321219444274902,7.71271276473999,-5.608506679534912,16.282346725463867,5.806341648101807,66.47370147705078,27.009796142578125,0.40632304549217224,0.2151024341583252,14.902522087097168,0.0,1.0,7.591996192932129,19.984703063964844,11.35419750213623,4.441260814666748,-6.912936687469482,12.835328102111816,8.18686294555664,52.20909118652344,22.720006942749023,0.4351733922958374,0.029338479042053223,8.548074722290039,0.4000000059604645,1.0
24,26.0,25.0,26.0,False,True,1,recovered,12.743026733398438,21.881444931030273,16.00224494934082,11.366138458251953,-4.636106491088867,19.17409324645996,8.320171356201172,59.188602447509766,33.07914733886719,0.5588769912719727,0.43295368552207947,16.711950302124023,0.0,1.0,7.2575860023498535,18.973289489746094,9.840078353881836,5.126204967498779,-4.713873386383057,12.005034446716309,7.826047897338867,43.495384216308594,21.853363037109375,0.5024294853210449,0.3582037687301636,8.460620880126953,0.4000000059604645,1.0
25,2.0,3.0,2.7,False,False,0,stable_wrong,14.11052131652832,19.057226181030273,17.694379806518555,11.180335998535156,-6.514043807983398,22.213150024414062,5.222024440765381,104.95341491699219,25.957509994506836,0.2473241090774536,-0.11513414233922958,19.630142211914062,0.4000000059604645,1.0,11.109212875366211,16.986713409423828,14.171669960021973,7.820291042327881,-6.351378917694092,18.239418029785156,4.685572147369385,81.05632781982422,22.311134338378906,0.2752546966075897,-0.3364538252353668,13.284008979797363,0.20000000298023224,1.0
26,243.0,241.5,247.5,False,False,0,stable_wrong,13.568450927734375,19.16355323791504,15.772408485412598,12.133739471435547,-3.638669013977051,20.9821720123291,5.7959370613098145,93.04768371582031,23.081188201904297,0.24805763363838196,-0.009946132078766823,19.641748428344727,0.4000000059604645,1.0,10.805949211120605,20.41187858581543,12.75225830078125,9.502558708190918,-3.249699592590332,17.305402755737305,6.000170707702637,75.67887115478516,26.363386154174805,0.3483586013317108,-0.2041182816028595,14.57028865814209,0.20000000298023224,1.0
27,16.0,16.0,16.0,True,True,0,stable_correct,12.7532958984375,18.466997146606445,13.540767669677734,12.133870124816895,-1.4068975448608398,19.509000778198242,3.9531970024108887,92.91244506835938,27.564538955688477,0.29667219519615173,-0.038096435368061066,19.26973533630371,0.4000000059604645,1.0,7.976467132568359,16.925739288330078,10.658851623535156,6.0011749267578125,-4.657676696777344,13.316793441772461,5.880739212036133,50.504276275634766,19.9252872467041,0.39452674984931946,0.2356121987104416,9.43175983428955,0.20000000298023224,1.0
28,25.0,25.0,25.0,True,True,0,stable_correct,9.50554084777832,16.522417068481445,11.051241874694824,7.054750442504883,-3.9964914321899414,15.369335174560547,4.7969889640808105,73.84261322021484,22.52947235107422,0.3051012456417084,-0.008317832835018635,12.383265495300293,0.20000000298023224,1.0,6.695868015289307,14.899847030639648,8.618796348571777,5.029806613922119,-3.588989734649658,10.908727645874023,5.376737594604492,40.706504821777344,17.466880798339844,0.4290931224822998,0.27139753103256226,8.540217399597168,0.20000000298023224,1.0
29,104.0,93.0,94.0,False,False,0,stable_wrong,12.909077644348145,17.619434356689453,14.38253116607666,10.933924674987793,-3.448606491088867,20.449464797973633,3.9677822589874268,95.35388946533203,25.32222557067871,0.26556047797203064,-0.0768277496099472,17.32997703552246,0.20000000298023224,1.0,8.922411918640137,19.28295135498047,12.082465171813965,6.044522762298584,-6.037942409515381,14.458842277526855,7.287838459014893,57.399662017822266,21.962671279907227,0.3826271891593933,0.1339270919561386,11.40548038482666,0.4000000059604645,1.0
30,109.0,121.0,107.0,False,False,0,stable_wrong,13.92385196685791,21.41840171813965,16.883344650268555,11.333271980285645,-5.55007266998291,22.290298461914062,4.85605001449585,105.3320541381836,28.44108772277832,0.27001360058784485,-0.12196268886327744,18.693357467651367,0.20000000298023224,1.0,8.736632347106934,20.856748580932617,11.504711151123047,6.616001605987549,-4.888709545135498,14.613988876342773,7.510019779205322,60.5902214050293,25.134750366210938,0.4148317873477936,-0.11854512989521027,10.36340618133545,0.20000000298023224,1.0
31,80.0,66.67,80.0,False,True,1,recovered,13.293627738952637,16.249692916870117,15.3538179397583,11.682482719421387,-3.671335220336914,20.425579071044922,3.299938201904297,97.33485412597656,23.616558074951172,0.24263207614421844,-0.1427900344133377,19.41779136657715,0.20000000298023224,1.0,9.448080062866211,18.099760055541992,11.254122734069824,7.39108419418335,-3.8630385398864746,15.317322731018066,5.7570085525512695,61.997982025146484,22.832929611206055,0.36828505992889404,-0.050547510385513306,12.098664283752441,0.4000000059604645,1.0
32,35.0,35.0,35.0,True,True,0,stable_correct,14.136565208435059,19.01283836364746,16.499038696289062,11.170804023742676,-5.328234672546387,22.960790634155273,6.77158784866333,92.5483169555664,18.51964569091797,0.2001078575849533,0.2421807050704956,17.426782608032227,0.4000000059604645,1.0,7.800127983093262,18.238956451416016,11.265838623046875,4.832845687866211,-6.432992935180664,13.28790283203125,6.96298360824585,49.08534622192383,19.97601890563965,0.4069650173187256,0.29864591360092163,9.0286226272583,0.20000000298023224,1.0
33,70.0,70.0,70.0,True,True,0,stable_correct,13.82520866394043,17.299169540405273,13.541801452636719,13.60442066192627,0.06261920928955078,20.428953170776367,3.143502712249756,110.67688751220703,28.815134048461914,0.260353684425354,-0.14670011401176453,22.382551193237305,0.4000000059604645,1.0,8.526755332946777,22.073135375976562,11.843402862548828,6.298485279083252,-5.544917583465576,14.092754364013672,8.686317443847656,56.1491813659668,27.00182342529297,0.4808943271636963,0.0908752828836441,10.478321075439453,0.4000000059604645,1.0
34,23.0,23.0,23.0,True,True,0,stable_correct,12.958386421203613,18.6210880279541,14.52401065826416,10.811720848083496,-3.712289810180664,19.926631927490234,4.3192830085754395,106.45225524902344,27.128631591796875,0.25484317541122437,-0.13028885424137115,19.000734329223633,0.4000000059604645,1.0,9.35846996307373,19.468463897705078,13.489410400390625,5.552957534790039,-7.936452865600586,15.514886856079102,7.115703105926514,64.17481231689453,22.181514739990234,0.3456420600414276,0.09880127012729645,11.658196449279785,0.20000000298023224,1.0
35,9.0,9.0,9.0,True,True,0,stable_correct,10.232165336608887,15.698322296142578,12.00815486907959,7.606473445892334,-4.401681423187256,16.437519073486328,4.140542030334473,79.14773559570312,22.583084106445312,0.2853282392024994,-0.07093124836683273,13.660813331604004,0.20000000298023224,1.0,7.9291605949401855,19.354297637939453,11.004863739013672,5.127772808074951,-5.877090930938721,13.00109577178955,7.616023063659668,50.26792526245117,23.426288604736328,0.4660285413265228,0.019964218139648438,9.539691925048828,0.20000000298023224,1.0
36,75.0,75.0,75.0,True,True,0,stable_correct,12.1815185546875,17.764326095581055,13.830631256103516,10.270195007324219,-3.560436248779297,19.320688247680664,3.781184434890747,94.8101806640625,24.654651641845703,0.2600422501564026,-0.009883025661110878,16.50597381591797,0.4000000059604645,1.0,7.384265422821045,17.07223892211914,8.920402526855469,6.1648383140563965,-2.7555642127990723,12.202533721923828,6.233645915985107,47.17032241821289,19.79236602783203,0.41959360241889954,0.18883372843265533,9.167830467224121,0.6000000238418579,1.0
37,2.0,3.0,1.0,False,False,0,stable_wrong,12.83778190612793,16.761816024780273,14.96004581451416,10.945210456848145,-4.014835357666016,20.756649017333984,4.427572250366211,90.47818756103516,21.78997230529785,0.24083122611045837,-0.038492124527692795,16.316564559936523,0.4000000059604645,1.0,8.986701965332031,18.772165298461914,11.899349212646484,6.436710834503174,-5.4626383781433105,14.922536849975586,6.63280725479126,59.80849838256836,21.003578186035156,0.3511804938316345,-0.004400921054184437,10.847277641296387,0.20000000298023224,1.0
38,10.0,16.08,10.0,False,True,1,recovered,9.488099098205566,14.049369812011719,10.934288024902344,8.170515060424805,-2.763772964477539,15.317895889282227,3.5769503116607666,63.32146072387695,17.337921142578125,0.27380797266960144,0.12786492705345154,12.096664428710938,0.4000000059604645,1.0,7.108717441558838,14.111631393432617,8.462508201599121,6.522302627563477,-1.9402055740356445,11.87888240814209,4.9134416580200195,49.84989929199219,16.99773406982422,0.3409782946109772,0.010418343357741833,8.386211395263672,0.4000000059604645,1.0
39,18.0,27.0,36.0,False,False,0,stable_wrong,9.752792358398438,17.57106590270996,12.785456657409668,7.202545166015625,-5.582911491394043,16.23348045349121,4.993506908416748,70.55581665039062,21.038965225219727,0.2981889545917511,-0.03083137236535549,11.927452087402344,0.20000000298023224,1.0,8.47010326385498,16.26715850830078,10.636114120483398,6.994378566741943,-3.641735553741455,13.390153884887695,5.539806842803955,56.601158142089844,20.382314682006836,0.36010420322418213,-0.004627205431461334,11.522392272949219,0.20000000298023224,1.0
40,8.0,8.0,8.0,True,True,0,stable_correct,11.671892166137695,18.293291091918945,14.32800579071045,7.264027118682861,-7.063978672027588,19.797229766845703,6.056520938873291,79.3326187133789,22.342409133911133,0.2816295325756073,0.07648857682943344,13.7255277633667,0.20000000298023224,1.0,6.456879138946533,16.57745361328125,9.559792518615723,3.757025957107544,-5.802766799926758,11.005478858947754,6.807584762573242,42.24635696411133,18.39893913269043,0.4355154037475586,0.2853822708129883,7.8192596435546875,0.20000000298023224,1.0
41,200.0,400.0,200.0,False,True,1,recovered,11.69359302520752,16.84630012512207,14.607638359069824,7.792608737945557,-6.815029621124268,19.449907302856445,4.8334856033325195,90.02851104736328,21.746501922607422,0.24155128002166748,-0.019620651379227638,14.315947532653809,0.20000000298023224,1.0,7.6062493324279785,18.73047637939453,11.129124641418457,4.656890392303467,-6.47223424911499,12.838438034057617,7.540831089019775,47.75566482543945,20.73059844970703,0.43409717082977295,0.15367598831653595,8.721759796142578,0.20000000298023224,1.0
42,26.0,26.0,26.0,True,True,0,stable_correct,14.452986717224121,19.849348068237305,15.899153709411621,12.303816795349121,-3.5953369140625,23.13326644897461,6.715595245361328,102.49435424804688,23.851404190063477,0.23270943760871887,0.12855595350265503,18.36090087890625,0.6000000238418579,1.0,8.21744155883789,19.30001449584961,12.090956687927246,4.998316287994385,-7.092640399932861,13.527327537536621,8.012222290039062,48.96955490112305,20.601415634155273,0.4206984341144562,0.22872045636177063,9.557482719421387,0.20000000298023224,1.0
43,48.0,2000.0,800.0,False,False,0,stable_wrong,12.069658279418945,17.008289337158203,13.069680213928223,10.726176261901855,-2.343503952026367,18.872264862060547,4.402768611907959,108.70948028564453,21.886028289794922,0.20132584869861603,-0.2531241774559021,16.35512351989746,0.4000000059604645,1.0,8.280969619750977,15.032346725463867,9.70527458190918,7.489114761352539,-2.2161598205566406,13.352288246154785,4.720878601074219,59.968814849853516,17.622941970825195,0.29386845231056213,-0.0794900506734848,11.268324851989746,0.4000000059604645,1.0
44,20.0,30.0,30.0,False,False,0,stable_wrong,9.43840217590332,16.45543670654297,11.497174263000488,7.406553745269775,-4.090620517730713,15.366843223571777,4.418321132659912,67.35314178466797,21.173824310302734,0.3143702447414398,-0.020571302622556686,12.071510314941406,0.20000000298023224,1.0,6.472811698913574,13.049654960632324,7.271641254425049,5.9421868324279785,-1.3294544219970703,10.736922264099121,4.382579803466797,44.1959114074707,14.990761756896973,0.3391888737678528,-0.08290402591228485,8.188824653625488,0.6000000238418579,1.0
45,104.0,56.0,56.0,False,False,0,stable_wrong,12.83817195892334,19.738014221191406,15.950328826904297,10.18464183807373,-5.765686988830566,20.823925018310547,5.144821643829346,87.80818176269531,25.80208969116211,0.293846070766449,-0.07145372778177261,16.10484504699707,0.0,1.0,8.648706436157227,20.256956100463867,11.0366792678833,6.991977691650391,-4.04470157623291,14.423084259033203,7.210316181182861,58.363128662109375,24.88482666015625,0.4263792335987091,-0.06624573469161987,10.293990135192871,0.20000000298023224,1.0
46,163.0,37.0,57.0,False,False,0,stable_wrong,9.971466064453125,13.798504829406738,11.846900939941406,7.026453495025635,-4.8204474449157715,16.243453979492188,3.9303395748138428,81.5664291381836,18.970613479614258,0.23257869482040405,-0.15724213421344757,12.816703796386719,0.20000000298023224,1.0,6.429253101348877,16.374774932861328,8.637904167175293,4.710801601409912,-3.927102565765381,10.747912406921387,6.406497955322266,41.35447311401367,18.909082412719727,0.457243949174881,0.1333804428577423,7.595371723175049,0.6000000238418579,1.0
47,800.0,2000.0,4800.0,False,False,0,stable_wrong,11.918831825256348,16.479185104370117,15.140912055969238,9.484122276306152,-5.656789779663086,18.687423706054688,5.627720355987549,70.23039245605469,21.7659854888916,0.30992260575294495,0.09021397680044174,14.901843070983887,0.20000000298023224,1.0,9.675392150878906,16.19457244873047,11.818012237548828,7.729724884033203,-4.088287353515625,15.627049446105957,4.526628017425537,68.83258056640625,21.710647583007812,0.31541237235069275,-0.22957460582256317,12.220192909240723,0.4000000059604645,1.0
48,8.0,8.0,8.0,True,True,0,stable_correct,13.926997184753418,18.768417358398438,16.610275268554688,10.6459379196167,-5.964337348937988,22.866708755493164,6.557592391967773,92.15374755859375,20.7395076751709,0.2250533252954483,0.2222585380077362,16.920394897460938,0.4000000059604645,1.0,7.478199005126953,18.310667037963867,10.959874153137207,4.795589447021484,-6.164284706115723,12.538819313049316,7.3122029304504395,46.80126190185547,20.346006393432617,0.43473199009895325,0.1757342368364334,8.657095909118652,0.20000000298023224,1.0
49,30.0,30.0,30.0,True,True,0,stable_correct,14.358369827270508,18.848953247070312,16.3358154296875,12.258747100830078,-4.077068328857422,22.473491668701172,4.289549827575684,108.81725311279297,26.803709030151367,0.24631856381893158,-0.0929354801774025,20.416301727294922,0.20000000298023224,1.0,8.925216674804688,17.902578353881836,12.367011070251465,5.937742710113525,-6.4292683601379395,14.791797637939453,6.567046642303467,66.45349884033203,20.594661712646484,0.3099108636379242,-0.3693373203277588,10.714983940124512,0.4000000059604645,1.0
50,294.0,294.0,294.0,True,True,0,stable_correct,11.128949165344238,16.568222045898438,13.199263572692871,8.215267181396484,-4.983996391296387,17.840381622314453,4.2793450355529785,83.84684753417969,23.409086227416992,0.2791886329650879,0.018938204273581505,15.001185417175293,0.20000000298023224,1.0,6.719408988952637,17.71552085876465,8.870369911193848,5.296760082244873,-3.5736098289489746,10.831507682800293,7.231942176818848,41.739891052246094,21.605886459350586,0.5176315903663635,0.06853131204843521,8.777616500854492,0.20000000298023224,1.0
51,5.0,50.0,1.0,True,False,-1,regressed,10.894566535949707,15.77374267578125,12.848407745361328,8.32150936126709,-4.526898384094238,17.401697158813477,4.29115629196167,75.86904907226562,19.323997497558594,0.25470197200775146,0.21230855584144592,14.51187515258789,0.4000000059604645,1.0,7.956652641296387,17.988481521606445,10.344315528869629,5.428964138031006,-4.915351390838623,13.217123985290527,6.556243419647217,51.15565490722656,20.873802185058594,0.40804487466812134,0.07498712837696075,9.455126762390137,0.4000000059604645,1.0
52,15.0,15.0,15.0,True,True,0,stable_correct,11.590402603149414,17.741344451904297,13.600834846496582,9.536819458007812,-4.0640153884887695,18.921226501464844,4.019598960876465,88.64659881591797,23.389896392822266,0.26385554671287537,-0.047725241631269455,14.54761791229248,0.4000000059604645,1.0,8.179079055786133,17.30586051940918,9.606436729431152,6.396852016448975,-3.2095847129821777,13.643255233764648,5.935690402984619,58.18156051635742,19.181072235107422,0.32967615127563477,0.016798269003629684,10.195435523986816,0.20000000298023224,1.0
53,40.0,160.0,80.0,False,False,0,stable_wrong,12.60288143157959,17.9841365814209,15.365336418151855,10.752440452575684,-4.612895965576172,19.542194366455078,5.318573474884033,87.9686279296875,24.60727882385254,0.27972790598869324,-0.18356546759605408,18.269248962402344,0.4000000059604645,1.0,9.787033081054688,16.419736862182617,12.486527442932129,7.85987663269043,-4.626650810241699,16.054521560668945,4.154634475708008,81.50714111328125,21.18273162841797,0.25988805294036865,-0.45386582612991333,12.38537311553955,0.20000000298023224,1.0
54,40.0,36.0,40.0,False,True,1,recovered,12.69028377532959,18.980266571044922,16.50644302368164,9.490159034729004,-7.016283988952637,20.64430046081543,5.6551666259765625,82.20134735107422,25.082855224609375,0.3051392138004303,-0.027484172955155373,15.14287281036377,0.0,1.0,7.413145542144775,18.148494720458984,10.55271053314209,4.692674160003662,-5.860036373138428,12.498064994812012,6.9947428703308105,48.24308395385742,20.370738983154297,0.42225199937820435,0.07714609801769257,8.493075370788574,0.20000000298023224,1.0
55,14.0,14.0,14.0,True,True,0,stable_correct,15.125798225402832,21.024385452270508,17.688512802124023,12.621631622314453,-5.06688117980957,24.121702194213867,8.6354341506958,91.37117004394531,23.140439987182617,0.2532575726509094,0.23035359382629395,18.74061393737793,0.6000000238418579,1.0,7.294486999511719,18.389785766601562,10.637165069580078,4.443530559539795,-6.193634510040283,12.060837745666504,7.645155429840088,43.25535583496094,20.325048446655273,0.4698851406574249,0.3021273612976074,8.6270751953125,0.20000000298023224,1.0
56,3.0,3.0,3.0,True,True,0,stable_correct,13.824671745300293,18.493427276611328,15.780739784240723,10.947136878967285,-4.8336029052734375,22.126235961914062,5.519168853759766,105.02442932128906,26.305736541748047,0.2504725456237793,0.012734132818877697,17.762937545776367,0.4000000059604645,1.0,8.091730117797852,18.778316497802734,11.739514350891113,4.944599628448486,-6.794914722442627,13.685608863830566,7.27424430847168,51.65948486328125,20.21957015991211,0.39140093326568604,0.22790884971618652,9.449747085571289,0.20000000298023224,1.0
57,83.0,299.0,157.0,False,False,0,stable_wrong,9.72617244720459,15.285334587097168,12.83056926727295,6.057291030883789,-6.77327823638916,16.450469970703125,4.458616733551025,68.97594451904297,17.8337345123291,0.2585500478744507,0.07886594533920288,11.534562110900879,0.20000000298023224,1.0,8.208189964294434,17.912015914916992,10.60104751586914,6.464974880218506,-4.136072635650635,13.365303039550781,6.5377116203308105,52.474830627441406,20.390939712524414,0.3885851502418518,0.191078782081604,10.430487632751465,0.4000000059604645,1.0
58,57.0,57.0,47.0,True,False,-1,regressed,11.2909517288208,18.330463409423828,13.10976505279541,9.694853782653809,-3.4149112701416016,17.85188102722168,4.438519477844238,85.73155975341797,24.699861526489258,0.2881069779396057,-0.06607773154973984,15.663310050964355,0.4000000059604645,1.0,10.815156936645508,20.978052139282227,13.332382202148438,7.98574686050415,-5.346635341644287,17.451908111572266,7.200965881347656,76.94676971435547,24.68951988220215,0.3208649158477783,0.07501823455095291,14.678841590881348,0.4000000059604645,1.0
59,187.0,187.0,187.0,True,True,0,stable_correct,16.405044555664062,24.493871688842773,20.554044723510742,13.936203956604004,-6.617840766906738,25.180273056030273,10.112016677856445,80.4023666381836,34.36151123046875,0.4273693859577179,0.30449989438056946,19.876176834106445,0.0,1.0,8.096955299377441,19.60283660888672,12.2420654296875,4.732728481292725,-7.509336948394775,13.759249687194824,7.855496406555176,50.484214782714844,21.58176612854004,0.4274953305721283,0.23872292041778564,9.069674491882324,0.4000000059604645,1.0
60,17.0,17.0,14.0,True,False,-1,regressed,11.420328140258789,19.166366577148438,14.175322532653809,8.880903244018555,-5.294419288635254,18.178300857543945,5.361108303070068,74.70230102539062,25.33708381652832,0.3391740620136261,-0.026890823617577553,14.926548957824707,0.0,1.0,8.461871147155762,19.99032211303711,11.22524356842041,6.343588352203369,-4.881655216217041,14.017413139343262,7.480716228485107,54.22785186767578,22.96397590637207,0.42347198724746704,0.1594999134540558,10.2454195022583,0.4000000059604645,1.0
61,1430.0,1430.0,1430.0,True,True,0,stable_correct,12.967193603515625,18.448598861694336,15.109095573425293,10.230058670043945,-4.879036903381348,20.11287498474121,4.796777725219727,91.82139587402344,27.38876724243164,0.29828307032585144,0.006501302123069763,18.819133758544922,0.20000000298023224,1.0,8.11664867401123,19.08956527709961,11.82317066192627,5.142601490020752,-6.680569171905518,13.444978713989258,7.481051921844482,57.449771881103516,20.889158248901367,0.3636073172092438,-0.16270248591899872,10.02580738067627,0.20000000298023224,1.0
62,25000.0,125000.0,52500.0,False,False,0,stable_wrong,9.043933868408203,15.434514999389648,11.352337837219238,7.160402297973633,-4.1919355392456055,14.52408504486084,4.236392021179199,62.880149841308594,20.223796844482422,0.3216244876384735,-0.05759624391794205,11.934428215026855,0.20000000298023224,1.0,7.699234962463379,17.92635154724121,9.62198543548584,6.094672679901123,-3.527312755584717,12.491280555725098,6.681110858917236,49.428733825683594,21.09921646118164,0.42686134576797485,0.07603393495082855,10.091963768005371,0.4000000059604645,1.0
63,1596.0,1584.0,1664.0,False,False,0,stable_wrong,11.3976469039917,19.531761169433594,14.933516502380371,8.700451850891113,-6.233064651489258,18.79258918762207,5.189094543457031,84.62152862548828,24.86701202392578,0.2938615381717682,-0.14987435936927795,14.006447792053223,0.20000000298023224,1.0,10.266142845153809,18.63972282409668,12.434502601623535,8.427029609680176,-4.007472991943359,17.194250106811523,4.996420383453369,84.55659484863281,23.186864852905273,0.2742170989513397,-0.29421186447143555,12.34836196899414,0.4000000059604645,1.0
64,300.0,300.0,300.0,True,True,0,stable_correct,12.71929931640625,17.33255386352539,14.703956604003906,11.041504859924316,-3.66245174407959,19.98350715637207,4.500740051269531,80.52119445800781,24.730329513549805,0.3071281909942627,0.06238396093249321,16.82718849182129,0.0,1.0,5.9623260498046875,14.351679801940918,7.302748203277588,4.986150741577148,-2.3165974617004395,10.023244857788086,5.325474262237549,38.036067962646484,17.337949752807617,0.4558291733264923,0.06138833612203598,7.101434707641602,0.4000000059604645,1.0
65,36.0,36.0,36.0,True,True,0,stable_correct,12.718138694763184,21.460693359375,16.18813705444336,9.948566436767578,-6.239570617675781,20.368412017822266,5.849593162536621,93.57579040527344,28.8957462310791,0.30879509449005127,-0.1648169904947281,17.016075134277344,0.4000000059604645,1.0,9.026966094970703,17.92109489440918,11.991490364074707,6.168934345245361,-5.822556018829346,15.23027515411377,6.020940780639648,68.43309783935547,20.4185848236084,0.29837295413017273,-0.2590251863002777,10.63538932800293,0.4000000059604645,1.0
66,48.0,44.0,32.0,False,False,0,stable_wrong,11.33518123626709,17.585529327392578,13.569694519042969,9.056028366088867,-4.513666152954102,18.402936935424805,4.3287835121154785,85.8311767578125,22.202730178833008,0.2586790919303894,-0.05169603228569031,14.625495910644531,0.4000000059604645,1.0,7.881801605224609,18.59617042541504,9.827435493469238,6.620807647705078,-3.20662784576416,13.038128852844238,6.754507064819336,52.5139045715332,22.44397735595703,0.4273911416530609,-0.18794123828411102,9.719244956970215,0.20000000298023224,1.0
67,595.0,555.0,545.0,False,False,0,stable_wrong,14.743277549743652,19.06728172302246,15.533120155334473,13.733001708984375,-1.8001184463500977,22.51707649230957,3.6688480377197266,110.91567993164062,28.464357376098633,0.2566305994987488,-0.08222980052232742,22.054391860961914,0.20000000298023224,1.0,9.524213790893555,18.892948150634766,12.479107856750488,6.8716912269592285,-5.60741662979126,15.917970657348633,6.596536636352539,73.7264404296875,20.0679874420166,0.2721952497959137,-0.1763218492269516,11.394767761230469,0.4000000059604645,1.0
68,36.0,36.0,36.0,True,True,0,stable_correct,13.828895568847656,18.065614700317383,15.261665344238281,11.222784996032715,-4.038880348205566,21.348630905151367,4.961154937744141,113.81204223632812,28.387178421020508,0.24942156672477722,-0.07255428284406662,19.995168685913086,0.20000000298023224,1.0,7.836203575134277,16.593393325805664,11.522666931152344,4.60534143447876,-6.917325496673584,12.900498390197754,6.384603977203369,54.300350189208984,19.401700973510742,0.3573034107685089,0.07242480665445328,9.89096736907959,0.20000000298023224,1.0
69,60.0,60.0,60.0,True,True,0,stable_correct,14.465991020202637,21.52223014831543,17.036331176757812,11.501434326171875,-5.5348968505859375,23.723018646240234,7.464961051940918,99.84183502197266,27.183181762695312,0.27226245403289795,0.07695035636425018,17.90434455871582,0.4000000059604645,1.0,7.9879350662231445,19.179048538208008,11.817841529846191,4.70391321182251,-7.113928318023682,13.011465072631836,8.237081527709961,45.57418441772461,20.076152801513672,0.4405159056186676,0.28483492136001587,9.328730583190918,0.20000000298023224,1.0
70,7425.0,6075.0,7425.0,False,True,1,recovered,11.109624862670898,18.732397079467773,13.949339866638184,8.613469123840332,-5.335870742797852,18.206201553344727,4.8384108543396,87.16998291015625,22.972272872924805,0.26353421807289124,-0.040599510073661804,13.985785484313965,0.4000000059604645,1.0,10.763092994689941,19.03734588623047,13.415867805480957,8.122652053833008,-5.293215751647949,17.83040428161621,5.501591205596924,90.01515197753906,21.856590270996094,0.24281013011932373,-0.3493322730064392,13.262683868408203,0.6000000238418579,1.0
71,60.0,60.0,60.0,True,True,0,stable_correct,14.93925666809082,21.289213180541992,17.56028175354004,12.636713981628418,-4.923567771911621,23.734527587890625,8.30987548828125,89.171630859375,23.27106475830078,0.2609693706035614,0.2808731496334076,18.917444229125977,0.6000000238418579,1.0,7.586140155792236,17.88922691345215,10.904818534851074,4.681721210479736,-6.223097324371338,12.531209945678711,7.33626651763916,44.43046188354492,18.925209045410156,0.425951212644577,0.326953262090683,8.98275089263916,0.20000000298023224,1.0
72,221.0,221.0,221.0,True,True,0,stable_correct,14.447553634643555,19.97153663635254,15.314496040344238,14.088688850402832,-1.2258071899414062,21.529165267944336,4.335977554321289,123.17802429199219,28.763896942138672,0.23351484537124634,-0.23561763763427734,22.67937469482422,0.4000000059604645,1.0,9.617180824279785,18.57366180419922,12.28570556640625,7.338965892791748,-4.946739673614502,15.442704200744629,6.2292799949646,62.06444549560547,22.55059814453125,0.36334165930747986,-0.10541220009326935,12.209162712097168,0.20000000298023224,1.0
73,255.0,231.0,255.0,False,True,1,recovered,13.164129257202148,18.765987396240234,15.594959259033203,11.349329948425293,-4.24562931060791,21.007625579833984,4.6200056076049805,100.16339111328125,24.931289672851562,0.248906210064888,-0.0031933248974382877,17.495813369750977,0.4000000059604645,1.0,9.331116676330566,17.595558166503906,12.583548545837402,6.579056262969971,-6.004492282867432,15.461986541748047,5.462711811065674,70.05104064941406,21.34796714782715,0.3047487437725067,-0.2765420377254486,11.407798767089844,0.4000000059604645,1.0
74,88.0,79.88,81.0,False,False,0,stable_wrong,11.328832626342773,15.762349128723145,13.962065696716309,9.273232460021973,-4.688833236694336,17.960264205932617,4.074224472045898,84.04779815673828,20.61458969116211,0.2452722191810608,-0.13527026772499084,15.60976791381836,0.0,1.0,9.87260627746582,19.97979164123535,12.301358222961426,7.92237663269043,-4.378981590270996,16.307588577270508,6.051130771636963,70.32245635986328,24.96725845336914,0.3550396263599396,-0.27875417470932007,12.179581642150879,0.20000000298023224,1.0
75,60.0,10.0,4.0,False,False,0,stable_wrong,11.681530952453613,13.974517822265625,13.395076751708984,10.08547592163086,-3.309600830078125,18.385652542114258,3.6334145069122314,78.15187072753906,19.402416229248047,0.24826553463935852,0.007621005177497864,15.628777503967285,0.20000000298023224,1.0,8.866551399230957,17.757680892944336,11.051887512207031,6.620579242706299,-4.431308269500732,14.527725219726562,5.751832962036133,60.24900817871094,21.976560592651367,0.36476218700408936,-0.0968509167432785,10.831927299499512,0.20000000298023224,1.0
76,5.0,5.0,5.0,True,True,0,stable_correct,12.974486351013184,18.60943603515625,15.600783348083496,10.88696002960205,-4.713823318481445,20.640962600708008,4.102663040161133,99.2112808227539,24.635684967041016,0.24831536412239075,-0.15858545899391174,17.779150009155273,0.20000000298023224,1.0,10.002142906188965,17.950315475463867,12.555007934570312,7.506417751312256,-5.048590183258057,16.45151710510254,4.675723075866699,84.92559051513672,23.71921157836914,0.27929404377937317,-0.5753365755081177,12.448365211486816,0.4000000059604645,1.0
77,100.0,100.0,200.0,True,False,-1,regressed,13.048243522644043,17.19819450378418,14.024779319763184,12.69200611114502,-1.332773208618164,19.363187789916992,3.3904309272766113,93.60995483398438,27.3956356048584,0.2926572859287262,-0.006045910529792309,21.111703872680664,0.4000000059604645,1.0,8.079854011535645,16.22637176513672,11.541991233825684,4.808121681213379,-6.733869552612305,13.44344711303711,6.118038654327393,48.8494873046875,18.60297966003418,0.38082242012023926,0.21044500172138214,9.2623929977417,0.0,1.0
78,6.0,9.99,3.09,False,False,0,stable_wrong,11.2139892578125,16.75309944152832,12.70179271697998,9.759556770324707,-2.9422359466552734,17.80641746520996,3.8643670082092285,87.96753692626953,22.660419464111328,0.257599800825119,-0.02152109704911709,15.12746810913086,0.4000000059604645,1.0,9.33479118347168,18.587854385375977,11.438395500183105,8.082947731018066,-3.355447769165039,15.104351043701172,5.88926887512207,73.95293426513672,22.41160774230957,0.30305230617523193,-0.4096605181694031,12.487704277038574,0.20000000298023224,1.0
79,70.0,70.0,70.0,True,True,0,stable_correct,14.04830265045166,21.890705108642578,17.49256134033203,11.128440856933594,-6.3641204833984375,22.377471923828125,9.105203628540039,76.72000122070312,25.56376075744629,0.3332085609436035,0.30317994952201843,16.85395622253418,0.0,1.0,7.30190896987915,19.297128677368164,10.850329399108887,4.4521002769470215,-6.398229122161865,12.500807762145996,7.910129547119141,46.34870910644531,22.057893753051758,0.4759117066860199,0.29002270102500916,8.401238441467285,0.20000000298023224,1.0
80,10.0,10.0,10.0,True,True,0,stable_correct,13.084675788879395,19.05294418334961,15.737383842468262,11.248988151550293,-4.488395690917969,20.427555084228516,4.759274959564209,91.864990234375,27.394378662109375,0.29820260405540466,-0.06467295438051224,18.572969436645508,0.20000000298023224,1.0,8.703717231750488,18.355018615722656,11.973225593566895,5.978148937225342,-5.995076656341553,14.283470153808594,6.502989292144775,58.60171127319336,21.82350730895996,0.37240391969680786,0.05925193428993225,10.972712516784668,0.4000000059604645,1.0
81,17.0,17.0,17.0,True,True,0,stable_correct,13.021390914916992,17.99881935119629,15.002068519592285,11.30663013458252,-3.6954383850097656,20.190881729125977,4.174504280090332,102.91653442382812,25.864980697631836,0.2513199746608734,-0.11857149749994278,18.64016342163086,0.6000000238418579,1.0,8.643028259277344,17.11421775817871,10.74837589263916,7.468267917633057,-3.2801079750061035,14.09648323059082,5.645900249481201,61.7589225769043,21.16034507751465,0.34262815117836,-0.1871052086353302,11.160419464111328,0.4000000059604645,1.0
82,623.0,623.0,623.0,True,True,0,stable_correct,14.454015731811523,19.23413848876953,14.985095977783203,14.445717811584473,-0.5393781661987305,21.03559684753418,3.5847270488739014,116.70581817626953,29.990739822387695,0.25697726011276245,-0.16610440611839294,24.758825302124023,0.4000000059604645,1.0,9.548744201660156,19.881423950195312,11.888931274414062,7.3206658363342285,-4.568265438079834,15.726922035217285,6.585073471069336,65.9150390625,23.834474563598633,0.3615938723087311,-0.14155228435993195,11.848237037658691,0.4000000059604645,1.0
83,600.0,600.0,600.0,True,True,0,stable_correct,14.697477340698242,21.241628646850586,18.440908432006836,11.3959321975708,-7.044976234436035,23.754335403442383,8.299592971801758,88.18805694580078,22.3868350982666,0.25385338068008423,0.274055153131485,17.8398494720459,0.4000000059604645,1.0,7.719554424285889,18.31515121459961,10.960792541503906,4.70571756362915,-6.255074977874756,12.61528205871582,7.769309997558594,44.7789421081543,19.143362045288086,0.427508145570755,0.2750193178653717,9.066472053527832,0.4000000059604645,1.0
84,15.0,15.0,15.0,True,True,0,stable_correct,13.473060607910156,19.272113800048828,14.491509437561035,12.220211029052734,-2.271298408508301,20.724380493164062,3.730215549468994,103.23918151855469,29.217849731445312,0.283011257648468,-0.11396292597055435,19.861526489257812,0.4000000059604645,1.0,8.607588768005371,19.08437728881836,10.993359565734863,6.681188106536865,-4.312171459197998,14.377958297729492,6.5519914627075195,58.87405014038086,21.9724063873291,0.3732103705406189,0.02509034238755703,10.634954452514648,0.6000000238418579,1.0
85,44.0,44.0,44.0,True,True,0,stable_correct,11.272802352905273,18.768903732299805,14.233195304870605,8.438904762268066,-5.794290542602539,18.146350860595703,6.010280609130859,66.60254669189453,23.85403823852539,0.3581550419330597,0.20115618407726288,13.753623008728027,0.0,1.0,8.17185115814209,18.287748336791992,10.854839324951172,6.384500980377197,-4.470338344573975,13.186331748962402,6.614777088165283,60.977020263671875,21.610774993896484,0.35440850257873535,-0.0393504872918129,10.831419944763184,0.4000000059604645,1.0
86,22.0,22.0,22.0,True,True,0,stable_correct,13.210005760192871,18.942102432250977,14.497380256652832,11.625164985656738,-2.8722152709960938,20.157855987548828,3.9930543899536133,104.91642761230469,27.103477478027344,0.2583339810371399,-0.09296160936355591,20.0666446685791,0.20000000298023224,1.0,8.010637283325195,16.248470306396484,10.861244201660156,5.180440425872803,-5.6808037757873535,13.310911178588867,5.554688453674316,55.863853454589844,18.308298110961914,0.327730655670166,-0.11661050468683243,9.709162712097168,0.20000000298023224,1.0
87,9360.0,7374.0,798.0,False,False,0,stable_wrong,10.66059684753418,17.49573516845703,12.903958320617676,9.007075309753418,-3.896883010864258,16.887224197387695,4.77070951461792,65.60079193115234,23.26178741455078,0.3545961380004883,0.04507528990507126,14.005204200744629,0.0,1.0,6.812781810760498,16.891759872436523,8.703862190246582,5.462699890136719,-3.2411623001098633,10.965646743774414,6.838247776031494,43.16733932495117,20.12609100341797,0.4662342369556427,-0.12865515053272247,8.808882713317871,0.6000000238418579,1.0
88,8000.0,8000.0,8000.0,True,True,0,stable_correct,8.658296585083008,20.133211135864258,11.557984352111816,6.745107650756836,-4.8128767013549805,13.313424110412598,9.019566535949707,35.799747467041016,26.590421676635742,0.7427544593811035,0.5919763445854187,9.005887031555176,0.0,1.0,4.93147611618042,14.231927871704102,6.9900078773498535,3.360142469406128,-3.6298654079437256,7.925432205200195,6.378894805908203,27.67377281188965,16.81541633605957,0.6076300740242004,0.3996783494949341,5.711416244506836,0.20000000298023224,1.0
89,24.0,24.0,24.0,True,True,0,stable_correct,10.56232738494873,17.590553283691406,13.18227767944336,8.036763191223145,-5.145514488220215,16.91509246826172,4.870960712432861,75.9691162109375,24.47475242614746,0.32216712832450867,-0.06648077815771103,14.059971809387207,0.20000000298023224,1.0,8.617182731628418,19.725000381469727,11.71203327178955,5.237561225891113,-6.4744720458984375,14.542642593383789,7.470804691314697,60.02873611450195,22.916223526000977,0.38175421953201294,-0.13818423449993134,10.021340370178223,0.20000000298023224,1.0
90,225.0,225.0,225.0,True,True,0,stable_correct,13.432072639465332,20.24384880065918,16.462099075317383,11.275004386901855,-5.187094688415527,20.55512237548828,5.082474708557129,95.87722778320312,28.45864486694336,0.2968238294124603,-0.03922705724835396,20.563364028930664,0.20000000298023224,1.0,8.781620025634766,15.297216415405273,10.090408325195312,7.337057113647461,-2.7533512115478516,13.97410774230957,4.430236339569092,64.28095245361328,19.297672271728516,0.3002082407474518,-0.34939026832580566,11.48373794555664,0.4000000059604645,1.0
91,28.0,28.0,28.0,True,True,0,stable_correct,14.088627815246582,20.405250549316406,14.81120777130127,14.490814208984375,-0.32039356231689453,20.423460006713867,4.737305164337158,102.5218276977539,30.76348304748535,0.30006763339042664,-0.009340223856270313,24.476205825805664,0.4000000059604645,1.0,8.490877151489258,17.794513702392578,11.249953269958496,6.089396953582764,-5.160556316375732,13.911883354187012,6.189398765563965,62.42356872558594,21.42655372619629,0.34324461221694946,-0.12439266592264175,10.498313903808594,0.6000000238418579,1.0
92,4.0,6.0,7.0,False,False,0,stable_wrong,9.122888565063477,15.205042839050293,11.370994567871094,6.341348171234131,-5.029646396636963,15.113890647888184,4.124022483825684,67.7769546508789,19.171052932739258,0.2828550338745117,0.027789348736405373,11.279544830322266,0.20000000298023224,1.0,7.550145149230957,17.797561645507812,9.938275337219238,5.332054138183594,-4.6062211990356445,12.446551322937012,6.84713077545166,47.81893539428711,20.08139991760254,0.4199466109275818,0.12792927026748657,9.196459770202637,0.20000000298023224,1.0
93,36.0,36.0,34.8,True,False,-1,regressed,12.023903846740723,16.482585906982422,13.303727149963379,10.201733589172363,-3.1019935607910156,18.780338287353516,3.6868340969085693,89.22927856445312,23.069564819335938,0.258542537689209,-0.09571702033281326,16.853179931640625,0.4000000059604645,1.0,7.3094401359558105,16.216163635253906,9.074694633483887,5.855714321136475,-3.218980312347412,12.054976463317871,5.901679039001465,47.6278076171875,19.886690139770508,0.4175436794757843,0.13177359104156494,8.760978698730469,0.6000000238418579,1.0
94,348.0,228.0,288.0,False,False,0,stable_wrong,13.850379943847656,20.734655380249023,16.347618103027344,11.700926780700684,-4.64669132232666,21.822050094604492,4.9046549797058105,91.17047882080078,28.99861717224121,0.31807026267051697,0.0005018420633859932,18.680301666259766,0.0,1.0,9.188905715942383,18.166683197021484,11.610884666442871,7.108098983764648,-4.502785682678223,14.703934669494629,5.998068332672119,60.58447265625,21.125289916992188,0.34869149327278137,0.11365406215190887,12.343246459960938,0.20000000298023224,1.0
95,40.0,40.0,40.0,True,True,0,stable_correct,14.235844612121582,20.591148376464844,16.462505340576172,12.133578300476074,-4.328927040100098,22.643890380859375,4.363574504852295,101.29792022705078,29.00311279296875,0.286314994096756,-0.12049052864313126,19.12310028076172,0.20000000298023224,1.0,9.835428237915039,18.7634334564209,12.907353401184082,6.772450923919678,-6.134902477264404,16.452741622924805,5.520229816436768,84.47285461425781,23.157617568969727,0.27414271235466003,-0.5728591084480286,11.597686767578125,0.4000000059604645,1.0
96,3.0,3.0,3.0,True,True,0,stable_correct,13.835923194885254,19.223037719726562,15.48289966583252,11.35509967803955,-4.127799987792969,22.298450469970703,6.713674545288086,93.74700927734375,21.85771942138672,0.23315644264221191,0.22778387367725372,17.268644332885742,0.6000000238418579,1.0,7.169111728668213,18.781198501586914,10.82198429107666,4.190127849578857,-6.631856441497803,12.220096588134766,7.771514892578125,44.38962173461914,21.06442642211914,0.47453492879867554,0.2581329941749573,8.085177421569824,0.20000000298023224,1.0
97,12.0,12.0,12.0,True,True,0,stable_correct,10.118433952331543,16.028392791748047,12.387682914733887,7.341825485229492,-5.0458574295043945,16.522422790527344,4.234528541564941,70.85882568359375,20.759899139404297,0.2929754853248596,0.08343208581209183,12.787062644958496,0.20000000298023224,1.0,6.851853370666504,16.726655960083008,8.845667839050293,4.829944133758545,-4.015723705291748,11.426851272583008,6.31043815612793,45.1732292175293,19.167016983032227,0.42430034279823303,0.10229247808456421,8.326475143432617,0.4000000059604645,1.0
98,5.0,10.0,40.0,False,False,0,stable_wrong,10.405370712280273,16.535491943359375,12.46914005279541,8.424954414367676,-4.044185638427734,16.534860610961914,4.130335330963135,81.88202667236328,23.874225616455078,0.2915685772895813,-0.07759612798690796,13.681303977966309,0.4000000059604645,1.0,7.250637531280518,18.271408081054688,9.830694198608398,4.955205917358398,-4.87548828125,11.577560424804688,7.862021446228027,40.90945053100586,19.635650634765625,0.4799783527851105,0.3784624934196472,9.558219909667969,0.20000000298023224,1.0
99,58.0,38.0,58.0,False,True,1,recovered,10.971053123474121,18.40691566467285,13.202431678771973,9.258013725280762,-3.944417953491211,17.014982223510742,4.970395088195801,73.7079086303711,26.288131713867188,0.35665279626846313,0.06363333761692047,16.075286865234375,0.20000000298023224,1.0,9.040501594543457,15.628340721130371,10.935226440429688,7.668870449066162,-3.2663559913635254,14.754283905029297,4.6851654052734375,70.10700988769531,19.634469985961914,0.28006428480148315,-0.2911965847015381,11.503552436828613,0.4000000059604645,1.0
100,175.0,195.0,935.0,False,False,0,stable_wrong,11.793396949768066,17.369117736816406,14.268669128417969,8.738667488098145,-5.530001640319824,19.37928581237793,4.1974310874938965,85.48193359375,22.115543365478516,0.25871598720550537,-0.06775082647800446,14.834729194641113,0.20000000298023224,1.0,10.445165634155273,23.123613357543945,13.171910285949707,8.208879470825195,-4.963030815124512,17.388492584228516,7.8836822509765625,70.14996337890625,27.39655113220215,0.3905426263809204,-0.039798807352781296,12.608065605163574,0.4000000059604645,1.0
101,6.0,8.75,8.4,False,False,0,stable_wrong,12.340217590332031,19.941524505615234,14.907422065734863,9.815056800842285,-5.092365264892578,19.853437423706055,5.043441295623779,85.37330627441406,26.102304458618164,0.30574315786361694,-0.0703854188323021,15.911221504211426,0.0,1.0,8.007574081420898,19.99135971069336,10.741053581237793,5.740390777587891,-5.000662803649902,13.144357681274414,7.89146614074707,51.01772689819336,23.29425048828125,0.45659130811691284,0.09943647682666779,9.83351993560791,0.20000000298023224,1.0
102,26.0,15.0,24.0,False,False,0,stable_wrong,9.911307334899902,16.955936431884766,12.692280769348145,6.6416449546813965,-6.050635814666748,16.624021530151367,4.76147985458374,71.16087341308594,20.543193817138672,0.2886866331100464,0.08999233692884445,11.94162654876709,0.20000000298023224,1.0,7.697673320770264,17.476219177246094,9.85448932647705,5.776159763336182,-4.078329563140869,12.426092147827148,6.388450622558594,50.95586395263672,21.518383026123047,0.4222945272922516,0.016936257481575012,9.940590858459473,0.4000000059604645,1.0
103,140.0,140.0,140.0,True,True,0,stable_correct,14.277364730834961,17.98733139038086,14.302931785583496,13.289012908935547,-1.0139188766479492,22.201404571533203,5.939726829528809,108.7369613647461,25.372087478637695,0.2333345264196396,0.08875371515750885,19.147037506103516,0.4000000059604645,1.0,6.6460795402526855,16.894813537597656,9.199017524719238,4.568752288818359,-4.630265235900879,10.97313404083252,6.99386739730835,38.21501922607422,19.03563117980957,0.4981191158294678,0.26854321360588074,7.633494853973389,0.20000000298023224,1.0
104,500.0,500.0,500.0,True,True,0,stable_correct,13.96895694732666,18.64638328552246,15.733294486999512,11.54118824005127,-4.192106246948242,22.101421356201172,4.1828389167785645,100.47976684570312,27.07237434387207,0.26943111419677734,-0.08989366143941879,18.955663681030273,0.0,1.0,8.90941333770752,17.87261390686035,11.50439739227295,6.357141017913818,-5.147256374359131,14.826340675354004,5.647758960723877,65.66778564453125,21.971210479736328,0.33458125591278076,-0.30597132444381714,10.491466522216797,0.4000000059604645,1.0
105,20.0,20.0,20.0,True,True,0,stable_correct,14.432185173034668,21.72120475769043,17.354108810424805,11.216751098632812,-6.137357711791992,23.871898651123047,7.728475093841553,93.91958618164062,24.17502784729004,0.25740134716033936,0.2008625566959381,17.475473403930664,0.4000000059604645,1.0,7.521324634552002,18.196449279785156,11.22425365447998,4.472914218902588,-6.751339435577393,12.619222640991211,7.491866588592529,45.24837875366211,19.645366668701172,0.4341672956943512,0.28501322865486145,8.597112655639648,0.20000000298023224,1.0
106,72.0,180.0,108.0,False,False,0,stable_wrong,8.893880844116211,14.330653190612793,10.637676239013672,7.1640191078186035,-3.4736571311950684,14.766236305236816,4.009438991546631,58.600502014160156,17.155893325805664,0.2927601635456085,0.17368541657924652,10.631500244140625,0.4000000059604645,1.0,7.923043251037598,19.528518676757812,10.218451499938965,6.744771957397461,-3.473679542541504,13.259631156921387,7.444034099578857,50.46290588378906,24.054052352905273,0.47666800022125244,-0.0754222720861435,9.521677017211914,0.4000000059604645,1.0
107,3.0,0.0,1.0,False,False,0,stable_wrong,9.30416202545166,15.350290298461914,11.520943641662598,7.455787658691406,-4.065155982971191,15.138032913208008,4.153435707092285,66.28485870361328,18.45374298095703,0.27840057015419006,0.07625135034322739,12.001978874206543,0.4000000059604645,1.0,8.445630073547363,17.847604751586914,10.061121940612793,7.176948547363281,-2.8841733932495117,13.799251556396484,6.027273654937744,49.50057601928711,22.957439422607422,0.4637812674045563,0.14319410920143127,10.393433570861816,0.20000000298023224,1.0
108,50.0,50.0,50.0,True,True,0,stable_correct,12.510685920715332,17.358016967773438,15.201979637145996,9.348649024963379,-5.853330612182617,20.062040328979492,4.139840602874756,90.90074157714844,24.68893051147461,0.27160316705703735,-0.06562751531600952,16.572757720947266,0.20000000298023224,1.0,8.711008071899414,17.554515838623047,11.248626708984375,6.707801818847656,-4.540824890136719,14.034600257873535,5.836719036102295,55.696617126464844,21.538585662841797,0.3867126405239105,0.1573975533246994,11.347740173339844,0.4000000059604645,1.0
109,28.0,28.0,28.0,True,True,0,stable_correct,11.279404640197754,18.421316146850586,13.610877990722656,9.19847583770752,-4.412402153015137,18.13447380065918,4.686861991882324,85.52210998535156,23.770896911621094,0.27795031666755676,-0.13860897719860077,15.094078063964844,0.4000000059604645,1.0,9.313203811645508,17.778461456298828,12.252293586730957,6.5018792152404785,-5.7504143714904785,15.273354530334473,5.868669509887695,66.95687103271484,21.775598526000977,0.3252182900905609,-0.31867319345474243,11.35952377319336,0.20000000298023224,1.0
110,45.0,45.0,45.0,True,True,0,stable_correct,14.991385459899902,18.432964324951172,17.228994369506836,13.10975170135498,-4.1192426681518555,23.430686950683594,4.162184238433838,104.7667465209961,26.310773849487305,0.2511366903781891,-0.09749703109264374,20.730546951293945,0.4000000059604645,1.0,9.596190452575684,17.98067283630371,12.715788841247559,6.894052028656006,-5.821736812591553,15.798319816589355,5.554174423217773,70.48713684082031,22.428754806518555,0.3181964159011841,-0.21117734909057617,11.8037691116333,0.4000000059604645,1.0
111,16.0,16.0,8.0,True,False,-1,regressed,11.894844055175781,16.81960105895996,13.331059455871582,9.885222434997559,-3.4458370208740234,18.841045379638672,3.6125476360321045,92.03621673583984,24.891162872314453,0.2704496383666992,-0.10046865046024323,16.268712997436523,0.20000000298023224,1.0,8.391573905944824,19.4168758392334,10.797370910644531,6.678986072540283,-4.118384838104248,13.588746070861816,7.47382116317749,50.69348907470703,22.47031021118164,0.4432583153247833,0.06474971026182175,10.473732948303223,0.20000000298023224,1.0
112,24.0,24.0,24.0,True,True,0,stable_correct,10.192967414855957,16.726320266723633,13.214874267578125,5.748414516448975,-7.46645975112915,17.630918502807617,5.537342071533203,69.61106872558594,18.41143035888672,0.2644899785518646,0.1406611055135727,11.692054748535156,0.20000000298023224,1.0,7.099234580993652,17.45476722717285,10.012166976928711,4.549310684204102,-5.462856292724609,12.260805130004883,6.8081746101379395,49.4334602355957,19.16400146484375,0.38767266273498535,0.05109988525509834,8.383133888244629,0.4000000059604645,1.0
113,25.0,25.0,25.0,True,True,0,stable_correct,14.637178421020508,22.735151290893555,18.387773513793945,11.166407585144043,-7.221365928649902,23.49261474609375,8.940011024475098,89.59703826904297,24.296859741210938,0.2711792588233948,0.2552408277988434,18.44904327392578,0.20000000298023224,1.0,8.092267036437988,20.123004913330078,12.239741325378418,4.591104984283447,-7.648636341094971,13.485486030578613,8.455772399902344,48.025245666503906,21.472002029418945,0.4470982253551483,0.25607019662857056,9.247553825378418,0.20000000298023224,1.0
114,6.0,60.0,60.0,True,True,0,stable_correct,14.278106689453125,21.69355583190918,18.032194137573242,11.245354652404785,-6.786839485168457,22.468942642211914,8.2544584274292,80.24498748779297,26.154434204101562,0.3259323239326477,0.2593626379966736,18.054664611816406,0.0,1.0,8.037184715270996,19.795310974121094,11.799878120422363,5.200827121734619,-6.599050998687744,13.388943672180176,7.979313373565674,48.145599365234375,22.42021369934082,0.4656752347946167,0.283046156167984,9.40263557434082,0.20000000298023224,1.0
115,90.0,120.0,120.0,False,False,0,stable_wrong,11.596695899963379,16.876937866210938,12.845527648925781,10.606461524963379,-2.2390661239624023,17.742395401000977,4.539252758026123,68.47210693359375,23.352354049682617,0.3410491645336151,0.10376445949077606,16.383216857910156,0.20000000298023224,1.0,9.598007202148438,21.294958114624023,11.476420402526855,8.533527374267578,-2.9428930282592773,15.196078300476074,7.779665470123291,54.54552459716797,27.26546859741211,0.4998662769794464,0.1355256736278534,13.153956413269043,0.20000000298023224,1.0
116,42.0,42.0,42.86,True,False,-1,regressed,15.209246635437012,22.51404571533203,18.419456481933594,12.66118335723877,-5.758273124694824,24.21564483642578,5.5255022048950195,112.9356689453125,30.293712615966797,0.2682386636734009,-0.0692550390958786,20.493696212768555,0.4000000059604645,1.0,9.101693153381348,22.125873565673828,11.500319480895996,6.957194805145264,-4.543124675750732,14.535691261291504,9.01900577545166,54.13422775268555,24.468870162963867,0.45200368762016296,0.23935596644878387,11.999167442321777,0.4000000059604645,1.0
117,360.0,360.0,360.0,True,True,0,stable_correct,13.757072448730469,21.094633102416992,16.8557071685791,10.123215675354004,-6.732491493225098,22.844654083251953,6.844422817230225,95.23015594482422,25.94517707824707,0.2724470794200897,0.07533176988363266,16.598329544067383,0.20000000298023224,1.0,7.830048084259033,18.13707160949707,11.713282585144043,4.7178521156311035,-6.9954304695129395,13.027695655822754,7.344511032104492,46.27733612060547,19.311786651611328,0.41730549931526184,0.3505405783653259,9.09687328338623,0.20000000298023224,1.0
118,4.0,20.0,4.0,False,True,1,recovered,12.254217147827148,21.135950088500977,15.488497734069824,9.5399808883667,-5.948516845703125,19.681316375732422,5.804990291595459,91.07147216796875,28.679262161254883,0.3149093985557556,-0.04410184547305107,16.411706924438477,0.4000000059604645,1.0,7.735264301300049,18.15367317199707,11.906803131103516,4.107611179351807,-7.799191951751709,13.054788589477539,7.247050762176514,53.49858093261719,20.895227432250977,0.3905753493309021,0.06594271957874298,9.216690063476562,0.20000000298023224,1.0
119,95200.0,106000.0,112000.0,False,False,0,stable_wrong,10.238439559936523,17.448904037475586,11.333878517150879,9.519770622253418,-1.814107894897461,15.8007173538208,4.4665446281433105,79.10646057128906,25.067283630371094,0.31688034534454346,-0.01586071588099003,15.279187202453613,0.4000000059604645,1.0,8.409941673278809,19.129413604736328,10.332266807556152,7.461337566375732,-2.87092924118042,13.748363494873047,6.94757604598999,61.950313568115234,23.01314353942871,0.3714774250984192,-0.28339019417762756,10.918208122253418,0.4000000059604645,1.0
120,240.0,240.0,240.0,True,True,0,stable_correct,13.79539966583252,20.872638702392578,17.446767807006836,9.984724998474121,-7.462042808532715,22.934301376342773,7.09343147277832,90.42965698242188,23.81572723388672,0.2633619010448456,0.14708396792411804,16.452817916870117,0.0,1.0,8.020570755004883,18.676172256469727,11.581626892089844,4.915752410888672,-6.665874481201172,13.293583869934082,7.59987211227417,47.116729736328125,20.10749626159668,0.42675915360450745,0.2049378901720047,9.134044647216797,0.20000000298023224,1.0
121,27.0,27.0,27.0,True,True,0,stable_correct,11.520718574523926,19.22935676574707,14.570178985595703,9.17465877532959,-5.395520210266113,18.403539657592773,5.035998344421387,90.2686767578125,24.7584171295166,0.2742747366428375,-0.10464806854724884,15.647384643554688,0.4000000059604645,1.0,8.490967750549316,16.842111587524414,10.779212951660156,6.374605178833008,-4.404607772827148,14.083270072937012,5.536196708679199,54.50285339355469,20.137630462646484,0.3694784641265869,0.009553086943924427,10.194647789001465,0.20000000298023224,1.0
122,48.0,29.0,31.0,False,False,0,stable_wrong,9.306929588317871,15.97532844543457,12.264512062072754,7.216553211212158,-5.047958850860596,15.055360794067383,4.547455310821533,64.1611557006836,21.56119155883789,0.3360474407672882,-0.006052687764167786,12.021445274353027,0.20000000298023224,1.0,7.210202217102051,15.246387481689453,8.510831832885742,6.139570713043213,-2.3712611198425293,11.541327476501465,5.27604866027832,45.02305221557617,18.833850860595703,0.41831573843955994,0.14102806150913239,9.472050666809082,0.4000000059604645,1.0
123,50.0,50.0,50.0,True,True,0,stable_correct,12.866799354553223,19.642383575439453,16.73613166809082,9.06971263885498,-7.66641902923584,21.228649139404297,5.121950626373291,92.4426040649414,23.84070587158203,0.25789737701416016,-0.060008078813552856,15.73715877532959,0.0,1.0,8.595280647277832,15.415565490722656,9.536946296691895,8.235228538513184,-1.301717758178711,13.406667709350586,4.924278736114502,58.88028335571289,19.152650833129883,0.3252812325954437,-0.14410054683685303,11.952110290527344,0.4000000059604645,1.0
124,10.0,10.0,50.0,True,False,-1,regressed,11.540519714355469,18.030197143554688,13.833752632141113,8.839747428894043,-4.99400520324707,18.579160690307617,4.656861782073975,87.09447479248047,24.877836227416992,0.28564196825027466,-0.018864456564188004,15.322219848632812,0.20000000298023224,1.0,8.194355010986328,19.795398712158203,11.905112266540527,4.906277179718018,-6.99883508682251,13.97331428527832,7.7105255126953125,52.57102966308594,21.568567276000977,0.41027477383613586,0.21115438640117645,9.542814254760742,0.20000000298023224,1.0
125,10.0,4.0,5.0,False,False,0,stable_wrong,9.80622673034668,15.335779190063477,13.263744354248047,6.366672515869141,-6.897071838378906,16.36387825012207,4.345958232879639,75.34203338623047,20.38722038269043,0.27059558033943176,-0.04856351017951965,12.055495262145996,0.20000000298023224,1.0,6.632895469665527,16.99440574645996,9.159899711608887,4.319520473480225,-4.840379238128662,11.069710731506348,6.89940071105957,40.238311767578125,19.006174087524414,0.47234025597572327,0.35540124773979187,7.999472141265869,0.20000000298023224,1.0
126,82.0,82.0,82.0,True,True,0,stable_correct,15.872929573059082,21.176048278808594,18.685340881347656,13.408809661865234,-5.276531219482422,25.412355422973633,8.292484283447266,95.94741821289062,24.466768264770508,0.25500184297561646,0.19927506148815155,19.555747985839844,0.4000000059604645,1.0,7.653589725494385,18.269123077392578,11.11821460723877,4.861525058746338,-6.256689548492432,12.69339370727539,7.375951766967773,45.75410842895508,20.22894287109375,0.4421229958534241,0.3033120930194855,9.026654243469238,0.20000000298023224,1.0
127,120.0,120.0,120.0,True,True,0,stable_correct,15.947136878967285,21.672657012939453,19.459707260131836,13.13298511505127,-6.326722145080566,25.45000648498535,9.099562644958496,92.8145980834961,24.855703353881836,0.2677994966506958,0.21887271106243134,19.414588928222656,0.20000000298023224,1.0,7.485561847686768,18.887165069580078,11.233508110046387,4.229127407073975,-7.004380702972412,12.909150123596191,7.6196370124816895,46.98128128051758,20.488758087158203,0.4361047148704529,0.2895776629447937,8.458270072937012,0.20000000298023224,1.0
128,880.0,1250.0,950.0,False,False,0,stable_wrong,11.998005867004395,16.37683868408203,13.533897399902344,10.51658821105957,-3.0173091888427734,18.553302764892578,4.4605913162231445,79.84619140625,19.2860107421875,0.24153952300548553,0.12265036255121231,16.881324768066406,0.4000000059604645,1.0,10.452169418334961,19.007123947143555,13.40133285522461,8.221715927124023,-5.179616928100586,16.96000099182129,5.512158393859863,80.90896606445312,23.242650985717773,0.2872691750526428,-0.37555012106895447,13.4944486618042,0.20000000298023224,1.0
129,10000.0,2000.0,10000.0,False,True,1,recovered,8.68560791015625,14.616974830627441,11.541958808898926,6.160118579864502,-5.381840229034424,14.442593574523926,4.22320032119751,58.514991760253906,17.561845779418945,0.3001255691051483,0.07790187746286392,10.34994125366211,0.0,1.0,8.625195503234863,18.176637649536133,12.278395652770996,6.104286193847656,-6.17410945892334,14.530834197998047,6.2330241203308105,64.39578247070312,21.904531478881836,0.340154767036438,-0.2756909728050232,10.247757911682129,0.20000000298023224,1.0
130,30.0,30.0,30.0,True,True,0,stable_correct,15.211052894592285,20.232275009155273,17.064401626586914,13.112820625305176,-3.9515810012817383,24.378406524658203,7.226093769073486,104.256591796875,21.280147552490234,0.2041132152080536,0.17996211349964142,19.477174758911133,0.6000000238418579,1.0,8.261024475097656,18.69679069519043,12.392033576965332,4.632725238800049,-7.759308338165283,13.85022258758545,7.192050933837891,53.44291687011719,21.586261749267578,0.4039124846458435,0.21005555987358093,9.795726776123047,0.20000000298023224,1.0
131,940.0,940.0,940.0,True,True,0,stable_correct,16.26762580871582,20.79633140563965,17.49110984802246,14.381192207336426,-3.109917640686035,25.481632232666016,8.211615562438965,105.65565490722656,17.867895126342773,0.16911442577838898,0.18750658631324768,21.077035903930664,0.6000000238418579,1.0,7.950149059295654,18.53335952758789,11.473347663879395,4.993610858917236,-6.479736804962158,13.197847366333008,7.356415271759033,47.87397384643555,20.401119232177734,0.4261421859264374,0.2965162694454193,9.462019920349121,0.20000000298023224,1.0
132,60.0,60.0,60.0,True,True,0,stable_correct,12.275069236755371,17.024105072021484,13.551678657531738,11.729172706604004,-1.8225059509277344,18.737979888916016,3.823195457458496,87.5073471069336,25.56725311279297,0.2921726405620575,-0.017480194568634033,18.531381607055664,0.4000000059604645,1.0,8.662161827087402,16.557226181030273,10.792736053466797,6.874386310577393,-3.9183497428894043,13.910228729248047,5.698949337005615,56.717079162597656,20.41623878479004,0.35996633768081665,0.07992420345544815,11.107372283935547,0.4000000059604645,1.0
133,13.0,13.0,13.0,True,True,0,stable_correct,13.123244285583496,16.953964233398438,13.877650260925293,11.549232482910156,-2.3284177780151367,20.573604583740234,3.471635341644287,96.27561950683594,26.420495986938477,0.2744256258010864,-0.07928023487329483,18.32902717590332,0.20000000298023224,1.0,8.800662994384766,17.96135902404785,11.966739654541016,5.833268642425537,-6.1334710121154785,14.295778274536133,6.65534782409668,60.149658203125,19.593563079833984,0.3257468640804291,0.1250292956829071,11.352873802185059,0.4000000059604645,1.0
134,720.0,720.0,720.0,True,True,0,stable_correct,14.255783081054688,20.7052001953125,16.59254264831543,11.854515075683594,-4.738027572631836,22.937602996826172,7.6488776206970215,90.54869079589844,20.775070190429688,0.22943533957004547,0.29026633501052856,17.824478149414062,0.6000000238418579,1.0,7.839486122131348,19.036466598510742,10.98604965209961,5.002970218658447,-5.983079433441162,13.181427001953125,7.59049654006958,47.23090362548828,20.381065368652344,0.43151968717575073,0.3059120178222656,9.360367774963379,0.20000000298023224,1.0
135,40.0,40.0,50.0,True,False,-1,regressed,12.656378746032715,18.420696258544922,14.71009349822998,10.533064842224121,-4.177028656005859,19.312196731567383,4.556703090667725,101.0561752319336,27.16020965576172,0.2687634825706482,-0.10646172612905502,18.906282424926758,0.4000000059604645,1.0,8.000459671020508,18.481090545654297,12.451748847961426,4.058304786682129,-8.393444061279297,13.707710266113281,7.071253776550293,60.63335418701172,20.7270565032959,0.3418424725532532,-0.1915038526058197,9.544537544250488,0.0,1.0
136,6.0,6.0,6.0,True,True,0,stable_correct,12.552961349487305,18.578828811645508,14.947854042053223,9.6746244430542,-5.273229598999023,20.695322036743164,7.181634902954102,75.02410125732422,19.4134521484375,0.2587628662586212,0.3310246467590332,15.000789642333984,0.4000000059604645,1.0,7.243765830993652,17.823572158813477,10.952022552490234,4.358374118804932,-6.593648433685303,12.02407169342041,7.384016513824463,43.58666229248047,19.593782424926758,0.44953620433807373,0.3308511972427368,8.613263130187988,0.20000000298023224,1.0
137,29.0,31.0,29.0,False,True,1,recovered,15.172101974487305,18.77802276611328,17.200164794921875,13.081485748291016,-4.118679046630859,23.479381561279297,4.073976516723633,112.60060119628906,25.853464126586914,0.22960324585437775,-0.19621123373508453,21.915313720703125,0.4000000059604645,1.0,11.24678897857666,17.988832473754883,12.314765930175781,9.663199424743652,-2.651566505432129,18.201595306396484,4.684650421142578,83.00562286376953,24.312442779541016,0.2929011583328247,-0.3221564292907715,14.27404499053955,0.20000000298023224,1.0
138,105.0,5.0,75.0,False,False,0,stable_wrong,12.436692237854004,16.96796417236328,14.227631568908691,10.68083667755127,-3.546794891357422,19.708070755004883,3.8509521484375,89.53701782226562,22.82764434814453,0.2549520432949066,-0.16719047725200653,16.894033432006836,0.20000000298023224,1.0,9.871360778808594,19.62380027770996,12.87174129486084,7.897654056549072,-4.974087238311768,16.03055763244629,6.37521505355835,62.280601501464844,25.923187255859375,0.4162321388721466,-0.09696467965841293,12.057068824768066,0.0,1.0
139,70.0,70.0,70.0,True,True,0,stable_correct,15.62453556060791,23.06267547607422,19.082164764404297,12.943633079528809,-6.138531684875488,24.468143463134766,9.00145149230957,80.95524597167969,30.293500900268555,0.37420058250427246,0.2847105860710144,18.995393753051758,0.0,1.0,7.408979892730713,18.324426651000977,11.348591804504395,4.514247894287109,-6.834343910217285,12.322068214416504,7.645165920257568,42.47533416748047,20.42585563659668,0.4808874726295471,0.27697402238845825,8.331022262573242,0.20000000298023224,1.0
140,20.0,20.0,20.0,True,True,0,stable_correct,14.0355806350708,20.868030548095703,15.786415100097656,12.559247016906738,-3.227168083190918,21.912769317626953,4.761440753936768,104.64962768554688,30.25083351135254,0.2890677750110626,-0.11911255121231079,20.023759841918945,0.4000000059604645,1.0,8.05385971069336,16.266094207763672,11.17953872680664,5.525717258453369,-5.6538214683532715,12.96037769317627,6.202755451202393,52.932281494140625,19.08344841003418,0.3605256974697113,0.0982707217335701,10.270773887634277,0.4000000059604645,1.0
141,400.0,467.0,334.0,False,False,0,stable_wrong,10.495264053344727,17.324443817138672,13.417769432067871,7.184974193572998,-6.232795238494873,17.355871200561523,4.636285781860352,80.42154693603516,22.527904510498047,0.2801227569580078,-0.09287310391664505,13.215594291687012,0.20000000298023224,1.0,7.639583587646484,20.37042808532715,10.145956993103027,6.118804454803467,-4.0271525382995605,12.959717750549316,8.158686637878418,48.53445816040039,24.220500946044922,0.4990372061729431,-0.10693953186273575,8.345722198486328,0.4000000059604645,1.0
142,140.0,140.0,140.0,True,True,0,stable_correct,11.091280937194824,16.79228401184082,13.264647483825684,7.883467197418213,-5.381180286407471,17.923891067504883,4.713781356811523,88.13472747802734,24.155609130859375,0.2740759551525116,-0.01871558651328087,14.36486530303955,0.4000000059604645,1.0,6.852900981903076,17.790145874023438,9.600974082946777,4.301244258880615,-5.299729824066162,11.641414642333984,7.151308059692383,43.308284759521484,19.279115676879883,0.44516000151634216,0.2292453795671463,8.10778522491455,0.20000000298023224,1.0
143,16.0,15.4,16.5,False,False,0,stable_wrong,12.676875114440918,21.634714126586914,15.358187675476074,10.504130363464355,-4.854057312011719,20.41448402404785,5.62306022644043,87.64964294433594,28.57003402709961,0.32595720887184143,-0.003514188574627042,16.604215621948242,0.20000000298023224,1.0,9.792739868164062,22.8402156829834,13.072815895080566,6.830275058746338,-6.2425408363342285,15.70809555053711,8.99958610534668,66.35926055908203,25.362472534179688,0.3821994364261627,0.028113773092627525,13.011309623718262,0.0,1.0
144,20.0,23.0,24.0,False,False,0,stable_wrong,12.374343872070312,18.813854217529297,15.404473304748535,10.058050155639648,-5.346423149108887,20.07213020324707,4.4668803215026855,90.5855484008789,24.57774543762207,0.27132081985473633,-0.20499923825263977,16.008983612060547,0.0,1.0,9.45213794708252,20.07414436340332,12.735394477844238,7.2171502113342285,-5.51824426651001,15.631912231445312,7.036046504974365,60.127113342285156,24.72167205810547,0.4111568033695221,-0.06025683879852295,10.975298881530762,0.20000000298023224,1.0
145,4000.0,4000.0,4000.0,True,True,0,stable_correct,13.522466659545898,20.143585205078125,15.277800559997559,10.959712028503418,-4.318088531494141,21.778181076049805,4.560815334320068,98.32330322265625,27.676706314086914,0.28148674964904785,-0.06914366781711578,17.661500930786133,0.20000000298023224,1.0,8.432406425476074,15.840522766113281,10.241771697998047,6.950575351715088,-3.291196346282959,13.409563064575195,5.488961696624756,55.30976486206055,17.971237182617188,0.32491979002952576,-0.13351580500602722,10.974602699279785,0.20000000298023224,1.0
146,2125.0,2125.0,2125.0,True,True,0,stable_correct,13.986027717590332,21.415081024169922,15.192352294921875,12.850826263427734,-2.3415260314941406,21.177387237548828,5.2103495597839355,106.32987976074219,29.79125213623047,0.28017762303352356,-0.12516726553440094,22.11737632751465,0.4000000059604645,1.0,8.918656349182129,15.880303382873535,10.544936180114746,7.160786151885986,-3.3841500282287598,14.22458267211914,5.059018611907959,57.173770904541016,17.67067527770996,0.30906960368156433,-0.0250498466193676,11.585862159729004,0.20000000298023224,1.0
147,75.0,75.0,90.0,True,False,-1,regressed,10.514716148376465,17.734954833984375,13.33685302734375,7.771335601806641,-5.565517425537109,17.142642974853516,4.754049301147461,73.84576416015625,21.501026153564453,0.29116126894950867,0.03269656375050545,13.496977806091309,0.20000000298023224,1.0,7.738455295562744,14.756475448608398,9.597210884094238,6.0489501953125,-3.5482606887817383,12.547372817993164,4.732875347137451,49.36151885986328,18.332698822021484,0.37139657139778137,-0.11375081539154053,9.7134370803833,0.0,1.0
148,30.0,30.0,14.0,True,False,-1,regressed,10.427063941955566,17.1873836517334,11.262967109680176,9.514700889587402,-1.7482662200927734,16.282817840576172,4.5512919425964355,70.48614501953125,24.429040908813477,0.34657934308052063,0.013125916942954063,15.08686351776123,0.20000000298023224,1.0,6.067847728729248,13.521906852722168,7.402677059173584,4.926663398742676,-2.476013660430908,9.72396183013916,5.132707595825195,33.75018310546875,17.121068954467773,0.5072881579399109,0.09708216786384583,7.593294143676758,0.0,1.0
149,16.0,16.0,16.0,True,True,0,stable_correct,15.147161483764648,22.647228240966797,18.9520263671875,12.45630168914795,-6.495724678039551,23.877735137939453,8.590476036071777,79.91804504394531,29.578983306884766,0.3701164424419403,0.3070281147956848,17.94902992248535,0.0,1.0,7.488011360168457,18.69354248046875,10.754002571105957,4.472889423370361,-6.281113147735596,12.536445617675781,7.710723876953125,47.04071807861328,20.362995147705078,0.4328801929950714,0.15965940058231354,8.641999244689941,0.20000000298023224,1.0
150,4.0,7.19,1.88,False,False,0,stable_wrong,10.922517776489258,18.560203552246094,14.096501350402832,8.26503849029541,-5.831462860107422,17.70246124267578,5.213849067687988,72.95184326171875,24.2216854095459,0.33202293515205383,-0.08653929084539413,13.643160820007324,0.0,1.0,9.085755348205566,17.96440887451172,10.893940925598145,7.5637946128845215,-3.330146312713623,14.867352485656738,6.061838626861572,59.42987060546875,19.228036880493164,0.3235416114330292,0.1453041434288025,11.75186824798584,0.4000000059604645,1.0
151,5.0,6.5,2.25,False,False,0,stable_wrong,11.739300727844238,16.49106216430664,14.311665534973145,9.940174102783203,-4.371491432189941,18.70377540588379,4.172769546508789,79.3289794921875,22.5056095123291,0.28369972109794617,0.03447137773036957,15.470215797424316,0.20000000298023224,1.0,7.827614784240723,16.12812614440918,9.728514671325684,6.608280658721924,-3.1202340126037598,12.9749116897583,5.1025919914245605,53.326019287109375,20.24003791809082,0.3795527517795563,-0.10230843722820282,9.594915390014648,0.20000000298023224,1.0
152,4.0,4.0,4.0,True,True,0,stable_correct,11.315673828125,18.29982566833496,13.430895805358887,8.702977180480957,-4.72791862487793,17.743724822998047,4.643418312072754,89.0526123046875,26.40986442565918,0.2965647280216217,-0.02456480823457241,16.264047622680664,0.20000000298023224,1.0,8.266829490661621,15.874886512756348,10.765946388244629,5.940637111663818,-4.8253092765808105,13.237095832824707,5.8441057205200195,54.16373062133789,18.910324096679688,0.34913259744644165,-0.024437833577394485,10.302821159362793,0.4000000059604645,1.0
153,48.0,35.0,42.0,False,False,0,stable_wrong,11.312942504882812,18.906511306762695,15.091076850891113,8.327717781066895,-6.763359069824219,18.557641983032227,5.28562593460083,79.83251190185547,24.94167709350586,0.31242504715919495,-0.18656325340270996,13.708792686462402,0.0,1.0,7.05200719833374,16.678674697875977,8.963443756103516,5.364852428436279,-3.5985913276672363,11.734335899353027,6.504558086395264,42.85615921020508,19.690168380737305,0.45944780111312866,0.19479867815971375,8.310757637023926,0.20000000298023224,1.0
154,272.0,112.0,112.0,False,False,0,stable_wrong,13.099011421203613,19.082469940185547,16.204011917114258,10.57944393157959,-5.624567985534668,20.628093719482422,5.1354498863220215,97.79865264892578,25.35693359375,0.2592769265174866,-0.14656135439872742,18.32605743408203,0.4000000059604645,1.0,9.248448371887207,17.93130874633789,12.98461627960205,6.239768981933594,-6.744847297668457,15.407065391540527,6.155703067779541,66.10669708251953,20.75099754333496,0.3139016032218933,-0.11364251375198364,11.01913833618164,0.4000000059604645,1.0
155,280.0,90.0,30.0,False,False,0,stable_wrong,14.089345932006836,17.98165512084961,17.201499938964844,11.812701225280762,-5.388798713684082,22.254026412963867,4.765152454376221,100.11869812011719,21.27090835571289,0.21245689690113068,-0.07202575355768204,19.28296661376953,0.20000000298023224,1.0,8.91345500946045,18.256542205810547,11.876842498779297,6.882837772369385,-4.994004726409912,14.428267478942871,6.191681385040283,53.81542205810547,23.10677146911621,0.42937082052230835,0.09340252727270126,11.081236839294434,0.0,1.0
156,1400.0,1000.0,1200.0,False,False,0,stable_wrong,11.629124641418457,16.142982482910156,13.145602226257324,10.076416015625,-3.069186210632324,18.068313598632812,3.7454960346221924,82.0423355102539,22.687801361083984,0.2765377461910248,0.0015949457883834839,16.32469367980957,0.4000000059604645,1.0,7.113166332244873,17.411048889160156,9.300917625427246,5.410787582397461,-3.890130043029785,11.761052131652832,6.540217876434326,44.66034698486328,20.96369743347168,0.46940290927886963,-0.03539300337433815,8.587969779968262,0.20000000298023224,1.0
157,80.0,280.0,2720.0,False,False,0,stable_wrong,11.699861526489258,19.87409210205078,16.304662704467773,8.102124214172363,-8.20253849029541,19.259620666503906,5.914406776428223,84.91658020019531,26.358810424804688,0.3104082942008972,-0.16015514731407166,14.273266792297363,0.0,1.0,9.547242164611816,17.588754653930664,10.844159126281738,8.439791679382324,-2.404367446899414,15.107569694519043,5.173148155212402,66.5389404296875,22.38698959350586,0.33644944429397583,-0.16126124560832977,13.207271575927734,0.4000000059604645,1.0
158,34.0,34.0,34.0,True,True,0,stable_correct,13.070777893066406,18.533288955688477,14.640229225158691,11.178601264953613,-3.461627960205078,19.76171875,4.763064384460449,111.84894561767578,28.24430274963379,0.2525218427181244,-0.22955822944641113,19.580045700073242,0.20000000298023224,1.0,8.501212120056152,18.806032180786133,11.91115951538086,5.120641231536865,-6.790518283843994,14.431464195251465,6.736187934875488,58.7937126159668,21.436161041259766,0.3645995557308197,-0.20544323325157166,9.631601333618164,0.20000000298023224,1.0
159,15.0,15.0,3.0,True,False,-1,regressed,11.52900505065918,16.64740753173828,13.927101135253906,8.980240821838379,-4.946860313415527,18.58054542541504,4.664628982543945,78.4908447265625,23.532495498657227,0.299811989068985,0.055192600935697556,14.537991523742676,0.20000000298023224,1.0,7.347316265106201,18.81269645690918,10.921717643737793,4.41652250289917,-6.505195140838623,12.301706314086914,7.802051067352295,45.87706756591797,20.353740692138672,0.4436582624912262,0.3012126386165619,8.812256813049316,0.20000000298023224,1.0
160,16.0,16.0,16.0,True,True,0,stable_correct,14.354059219360352,21.6297607421875,17.89644432067871,10.81595230102539,-7.08049201965332,23.399951934814453,7.887755393981934,83.21570587158203,25.702716827392578,0.3088685870170593,0.21922627091407776,16.793428421020508,0.0,1.0,8.726149559020996,18.96403694152832,12.11636734008789,6.041511058807373,-6.074856281280518,14.115527153015137,7.622141361236572,49.79594421386719,20.384017944335938,0.4093509614467621,0.3993441164493561,10.57504653930664,0.20000000298023224,1.0
161,32.0,27.0,39.0,False,False,0,stable_wrong,11.526044845581055,15.933834075927734,13.450282096862793,9.907214164733887,-3.5430679321289062,17.477262496948242,4.6315155029296875,73.34061431884766,19.96510124206543,0.2722243666648865,0.12784923613071442,17.14839744567871,0.20000000298023224,1.0,8.617053985595703,17.504770278930664,10.811530113220215,6.889532566070557,-3.921997547149658,13.78873062133789,5.685524940490723,52.361305236816406,21.856077194213867,0.41740894317626953,0.08139514178037643,11.280006408691406,0.20000000298023224,1.0
162,92.0,43.2,88.96,False,False,0,stable_wrong,11.991372108459473,17.245447158813477,14.0350923538208,10.459465026855469,-3.575627326965332,18.87940788269043,4.25225830078125,78.44775390625,25.08475112915039,0.31976377964019775,-0.13825011253356934,15.864836692810059,0.0,1.0,8.560942649841309,20.041440963745117,10.7007417678833,6.731531620025635,-3.969210147857666,14.544455528259277,7.353592395782471,64.38744354248047,21.643522262573242,0.3361450731754303,-0.21324267983436584,10.40994930267334,0.4000000059604645,1.0
163,50.0,40.0,44.0,False,False,0,stable_wrong,8.893322944641113,17.547021865844727,11.90235424041748,6.584739685058594,-5.317614555358887,14.53663158416748,5.645432472229004,55.94227981567383,21.673540115356445,0.38742682337760925,0.11033833026885986,10.793846130371094,0.20000000298023224,1.0,7.496585369110107,16.292776107788086,9.088199615478516,6.1658616065979,-2.9223380088806152,12.471016883850098,5.696956157684326,46.40093994140625,18.924596786499023,0.40784943103790283,0.04250160604715347,9.053945541381836,0.20000000298023224,1.0
164,15.0,165.0,15.0,False,True,1,recovered,12.625265121459961,16.67741584777832,15.226020812988281,10.049053192138672,-5.176967620849609,20.388044357299805,4.336759567260742,91.97885131835938,21.5218448638916,0.23398688435554504,0.05539005249738693,16.24994468688965,0.4000000059604645,1.0,8.005522727966309,18.10395622253418,10.768614768981934,4.592881202697754,-6.17573356628418,13.699573516845703,6.618093490600586,55.11486053466797,20.400304794311523,0.3701416254043579,-0.05592029169201851,9.234527587890625,0.4000000059604645,1.0
165,77.0,621.0,156.0,False,False,0,stable_wrong,10.187016487121582,15.717686653137207,11.486493110656738,8.647677421569824,-2.838815689086914,16.11279296875,4.098238945007324,88.96991729736328,21.24297523498535,0.23876582086086273,-0.3141311705112457,13.6646089553833,0.20000000298023224,1.0,6.430184364318848,17.903728485107422,8.849129676818848,4.523284435272217,-4.325845241546631,10.776847839355469,7.596891403198242,40.01730728149414,20.220966339111328,0.5053055286407471,0.018811993300914764,7.277667999267578,0.4000000059604645,1.0
166,5.0,5.0,5.0,True,True,0,stable_correct,13.65723705291748,19.763151168823242,15.599936485290527,10.370635032653809,-5.229301452636719,22.29486083984375,6.425820350646973,97.85336303710938,23.87200164794922,0.24395687878131866,0.12675702571868896,16.80863380432129,0.4000000059604645,1.0,6.854861736297607,17.758947372436523,10.55556583404541,3.682368278503418,-6.873197555541992,11.688299179077148,7.330347537994385,43.06690216064453,19.299007415771484,0.4481169283390045,0.2781064808368683,7.834788799285889,0.20000000298023224,1.0
167,16.0,16.0,16.0,True,True,0,stable_correct,10.287590980529785,17.398012161254883,13.173213005065918,7.347681522369385,-5.825531482696533,16.981159210205078,4.504322052001953,76.59153747558594,21.562789916992188,0.28152966499328613,-0.07040438055992126,12.885415077209473,0.20000000298023224,1.0,8.26120662689209,15.537961959838867,9.793346405029297,7.129611492156982,-2.6637349128723145,13.396955490112305,4.690162181854248,57.17640686035156,17.832855224609375,0.3118918538093567,-0.1725877970457077,10.738525390625,0.4000000059604645,1.0
168,18.0,18.0,18.0,True,True,0,stable_correct,13.626379013061523,22.463212966918945,17.063472747802734,9.984517097473145,-7.07895565032959,22.388776779174805,7.9522881507873535,86.14447784423828,26.13979148864746,0.30344128608703613,0.18432490527629852,16.839963912963867,0.4000000059604645,1.0,7.752254009246826,18.688505172729492,11.23827075958252,5.138655185699463,-6.099615573883057,12.828652381896973,7.493724346160889,47.29825973510742,21.721805572509766,0.4592517018318176,0.21761925518512726,9.130782127380371,0.4000000059604645,1.0
169,120.0,120.0,120.0,True,True,0,stable_correct,13.939423561096191,20.851715087890625,16.45936393737793,12.47539234161377,-3.98397159576416,20.984590530395508,5.292413711547852,98.95037841796875,29.169532775878906,0.29478949308395386,-0.01213943399488926,22.22528839111328,0.20000000298023224,1.0,8.52665901184082,19.22023582458496,10.982975959777832,6.705316066741943,-4.277659893035889,13.878138542175293,6.968212127685547,58.84223556518555,23.17109489440918,0.3937833905220032,-0.24038748443126678,10.943655967712402,0.0,1.0
170,150.0,150.0,150.0,True,True,0,stable_correct,14.913007736206055,21.511367797851562,17.668848037719727,12.272224426269531,-5.396623611450195,23.422632217407227,4.569546222686768,106.48835754394531,30.155277252197266,0.2831791043281555,-0.11180248111486435,20.8655948638916,0.0,1.0,8.544379234313965,17.15093231201172,11.341647148132324,6.003009796142578,-5.338637351989746,13.813064575195312,6.13866662979126,60.895164489746094,19.421079635620117,0.31892645359039307,-0.13626183569431305,10.909647941589355,0.4000000059604645,1.0
171,1210.0,1070.0,1220.0,False,False,0,stable_wrong,14.944254875183105,23.18161392211914,19.109060287475586,12.168587684631348,-6.940472602844238,23.05829429626465,7.562298774719238,96.75677490234375,31.12204360961914,0.321652352809906,-0.0578058585524559,21.537534713745117,0.0,1.0,10.379005432128906,17.41664695739746,11.721850395202637,9.527040481567383,-2.194809913635254,16.375242233276367,5.266225337982178,69.34793090820312,20.84742546081543,0.3006207346916199,-0.32034677267074585,13.822636604309082,0.4000000059604645,1.0
172,51.0,63.0,89.0,False,False,0,stable_wrong,12.410539627075195,18.564918518066406,13.554743766784668,12.036458015441895,-1.5182857513427734,18.916887283325195,4.400048732757568,89.91336822509766,26.08775520324707,0.290143221616745,-0.019800972193479538,18.944318771362305,0.4000000059604645,1.0,6.568715572357178,16.062284469604492,8.267730712890625,5.4332966804504395,-2.8344340324401855,10.979348182678223,6.1505208015441895,38.85557556152344,18.790815353393555,0.4836066663265228,0.1497248113155365,7.71415376663208,0.20000000298023224,1.0
173,18000.0,18000.0,9000.0,True,False,-1,regressed,9.718350410461426,14.20625114440918,11.462947845458984,8.13587474822998,-3.327073097229004,15.466384887695312,3.509483814239502,64.7754135131836,20.370885848999023,0.3144848346710205,-0.042011111974716187,12.623889923095703,0.0,1.0,8.157376289367676,19.43062973022461,10.872851371765137,6.024271488189697,-4.8485798835754395,13.51042366027832,7.33173131942749,53.71013641357422,22.478914260864258,0.41852274537086487,0.14971120655536652,10.029214859008789,0.4000000059604645,1.0
174,95.0,110.0,100.0,False,False,0,stable_wrong,10.058416366577148,16.405641555786133,13.222987174987793,7.5354485511779785,-5.6875386238098145,16.182146072387695,5.038173675537109,64.1935043334961,18.83551597595215,0.2934177815914154,0.16069987416267395,12.889968872070312,0.0,1.0,7.507918357849121,14.249237060546875,8.722594261169434,6.209068298339844,-2.51352596282959,12.036783218383789,4.676902770996094,50.69260025024414,16.251874923706055,0.3205966055393219,-0.03195800259709358,9.999846458435059,0.4000000059604645,1.0
175,15.0,8.4,0.5,False,False,0,stable_wrong,6.836705207824707,14.139970779418945,9.481009483337402,4.670993328094482,-4.81001615524292,11.245776176452637,5.1688642501831055,38.9166374206543,16.854164123535156,0.43308377265930176,0.2859981060028076,7.749603271484375,0.0,1.0,7.603984355926514,18.72749137878418,9.861980438232422,5.459573268890381,-4.402407169342041,12.616830825805664,7.1542558670043945,48.330238342285156,22.169628143310547,0.45871132612228394,0.1264454573392868,9.03509521484375,0.20000000298023224,1.0
176,100.0,100.0,100.0,True,True,0,stable_correct,14.829511642456055,20.716934204101562,17.57320785522461,12.490094184875488,-5.083113670349121,23.395774841308594,9.02674674987793,86.12902069091797,21.90727424621582,0.2543541491031647,0.3031938374042511,18.61417579650879,0.4000000059604645,1.0,7.523345470428467,18.07118034362793,10.694629669189453,5.168107986450195,-5.526521682739258,12.248066902160645,7.3074564933776855,46.23478317260742,20.623512268066406,0.44606053829193115,0.3239520192146301,9.555317878723145,0.4000000059604645,1.0
177,350.0,1500.0,750.0,False,False,0,stable_wrong,9.3594331741333,15.896599769592285,12.126708984375,7.458653926849365,-4.668055057525635,14.912489891052246,5.33457612991333,55.51123809814453,20.25930404663086,0.36495861411094666,0.16670873761177063,11.81360149383545,0.0,1.0,8.686068534851074,18.052799224853516,12.020553588867188,6.083363056182861,-5.937190532684326,14.209367752075195,6.121267318725586,69.49616241455078,22.566884994506836,0.3247213065624237,-0.40852051973342896,11.059120178222656,0.0,1.0
178,122.0,122.0,122.0,True,True,0,stable_correct,13.321167945861816,16.648462295532227,14.191036224365234,12.535954475402832,-1.6550817489624023,20.396991729736328,3.6479241847991943,92.04786682128906,26.307106018066406,0.2857981026172638,-0.01522395946085453,19.300840377807617,0.20000000298023224,1.0,8.77874755859375,17.68699836730957,10.72879695892334,7.438455581665039,-3.290341377258301,14.126747131347656,5.986645221710205,61.15989303588867,21.10308265686035,0.3450477421283722,-0.004323041532188654,11.604640007019043,0.6000000238418579,1.0
179,130.0,130.0,130.0,True,True,0,stable_correct,15.260516166687012,19.566415786743164,16.635473251342773,12.639373779296875,-3.9960994720458984,24.613933563232422,6.306729793548584,114.2118148803711,25.470251083374023,0.2230089008808136,-0.010181218385696411,19.218416213989258,0.4000000059604645,1.0,8.331382751464844,19.532840728759766,12.09197998046875,5.150167465209961,-6.941812515258789,14.094863891601562,7.323925018310547,54.478424072265625,22.790863037109375,0.4183465838432312,0.22280962765216827,9.565007209777832,0.4000000059604645,1.0
180,20.0,20.0,20.0,True,True,0,stable_correct,15.351625442504883,21.049901962280273,17.835636138916016,13.460761070251465,-4.374875068664551,24.053955078125,9.095494270324707,90.9195556640625,20.87999725341797,0.22965353727340698,0.30019456148147583,19.45079803466797,0.6000000238418579,1.0,8.233807563781738,19.30742645263672,12.05086898803711,5.148266315460205,-6.902602672576904,13.841595649719238,7.65090799331665,50.87877655029297,20.817678451538086,0.409162312746048,0.3399433195590973,9.736790657043457,0.20000000298023224,1.0
181,160.0,160.0,160.0,True,True,0,stable_correct,15.150934219360352,21.18934440612793,16.76917839050293,13.65381908416748,-3.115359306335449,23.782991409301758,4.187384605407715,120.9282455444336,30.043275833129883,0.24843886494636536,-0.19103087484836578,21.061800003051758,0.4000000059604645,1.0,8.987665176391602,21.470184326171875,13.08652114868164,5.475752353668213,-7.610768795013428,15.410001754760742,8.067605018615723,65.17345428466797,23.55031394958496,0.3613482415676117,-0.09028121083974838,10.15966510772705,0.20000000298023224,1.0
182,23.0,19.0,17.0,False,False,0,stable_wrong,14.227168083190918,18.415416717529297,15.853262901306152,12.408576011657715,-3.4446868896484375,22.237741470336914,3.5834155082702637,108.08573913574219,27.17005729675293,0.2513750493526459,-0.07355552911758423,20.076784133911133,0.20000000298023224,1.0,8.580033302307129,18.460094451904297,11.351017951965332,6.0338568687438965,-5.3171610832214355,14.138618469238281,6.658914089202881,61.85459899902344,21.277666091918945,0.3439948856830597,-0.14013643562793732,10.77301025390625,0.4000000059604645,1.0
183,2.0,156.0,17.0,False,False,0,stable_wrong,9.259248733520508,16.686614990234375,12.42763614654541,6.682449817657471,-5.7451863288879395,15.313562393188477,5.169967174530029,59.511390686035156,19.845399856567383,0.33347228169441223,0.11576195061206818,11.055500984191895,0.0,1.0,7.318988800048828,17.003591537475586,9.487506866455078,6.042551040649414,-3.444955825805664,12.152024269104004,6.367763042449951,45.722381591796875,19.901084899902344,0.4352591633796692,-0.0417155921459198,8.892224311828613,0.20000000298023224,1.0
184,25.0,50.0,33.0,False,False,0,stable_wrong,9.62553882598877,17.693178176879883,12.152665138244629,7.634086608886719,-4.51857852935791,15.241910934448242,5.135257244110107,66.42500305175781,24.363967895507812,0.3667891025543213,0.13565973937511444,13.382262229919434,0.4000000059604645,1.0,7.015921115875244,18.552505493164062,9.661250114440918,5.034162998199463,-4.627087116241455,11.52097225189209,7.620504379272461,42.290794372558594,21.566429138183594,0.509955644607544,0.16255095601081848,8.410269737243652,0.20000000298023224,1.0
185,30.0,30.0,30.0,True,True,0,stable_correct,13.105523109436035,20.639678955078125,16.301340103149414,10.009320259094238,-6.292019844055176,21.365468978881836,8.004487991333008,76.62916564941406,22.119230270385742,0.2886528968811035,0.33559826016426086,15.743287086486816,0.20000000298023224,1.0,7.494174957275391,18.642417907714844,11.2003755569458,4.58185338973999,-6.6185221672058105,12.745662689208984,7.4690632820129395,47.297569274902344,21.288877487182617,0.45010510087013245,0.33252471685409546,8.714353561401367,0.20000000298023224,1.0
186,5.0,3.0,6.0,False,False,0,stable_wrong,10.11649227142334,16.022462844848633,12.239604949951172,8.17722225189209,-4.062382698059082,16.26983642578125,4.50132942199707,66.94340515136719,19.363914489746094,0.2892579734325409,0.05995107814669609,13.062843322753906,0.0,1.0,8.177647590637207,18.185827255249023,11.163490295410156,5.845314025878906,-5.31817626953125,13.455663681030273,6.802679061889648,50.01364517211914,22.026662826538086,0.44041305780410767,0.11445152759552002,9.59575366973877,0.0,1.0
187,106.0,106.0,106.0,True,True,0,stable_correct,12.252059936523438,18.340248107910156,13.548103332519531,10.256874084472656,-3.291229248046875,19.09701919555664,4.185654640197754,92.46963500976562,27.315038681030273,0.2953946888446808,-0.04626956209540367,17.682926177978516,0.20000000298023224,1.0,9.218629837036133,20.682497024536133,13.015316009521484,6.02092981338501,-6.994386196136475,15.079331398010254,7.736208915710449,66.25294494628906,24.45949363708496,0.3691834807395935,-0.13849158585071564,11.543937683105469,0.20000000298023224,1.0
188,50.0,22.0,22.0,False,False,0,stable_wrong,10.669240951538086,15.000201225280762,13.077265739440918,8.35621166229248,-4.7210540771484375,17.312519073486328,3.4388427734375,79.28194427490234,20.764373779296875,0.2619054615497589,-0.12732097506523132,13.607544898986816,0.20000000298023224,1.0,7.9129438400268555,17.41115379333496,10.496027946472168,6.042911529541016,-4.453116416931152,13.309837341308594,5.940368175506592,53.577613830566406,20.250093460083008,0.37795811891555786,0.04569832235574722,9.685084342956543,0.4000000059604645,1.0
189,34.0,32.75,32.83,False,False,0,stable_wrong,13.271797180175781,16.25702667236328,14.592188835144043,12.730620384216309,-1.8615684509277344,20.319082260131836,4.47017765045166,85.40116119384766,22.712453842163086,0.26595017313957214,0.013523587957024574,18.761199951171875,0.20000000298023224,1.0,9.386667251586914,17.553342819213867,11.107303619384766,8.096497535705566,-3.010806083679199,15.586666107177734,5.420698165893555,67.90673065185547,21.798725128173828,0.3210097849369049,-0.1312789022922516,11.66263484954834,0.4000000059604645,1.0
190,360.0,360.0,360.0,True,True,0,stable_correct,15.389527320861816,22.303743362426758,19.1690673828125,11.864043235778809,-7.305024147033691,25.198047637939453,8.39695930480957,95.78044128417969,27.669729232788086,0.28888705372810364,0.11657844483852386,18.221406936645508,0.20000000298023224,1.0,7.7390875816345215,18.52545738220215,11.062824249267578,5.101737976074219,-5.961086273193359,12.797371864318848,7.538807392120361,48.282161712646484,19.982114791870117,0.4138612151145935,0.25222092866897583,9.361867904663086,0.20000000298023224,1.0
191,5.0,5.0,5.0,True,True,0,stable_correct,14.40179443359375,19.785491943359375,17.285200119018555,11.685851097106934,-5.599349021911621,23.509727478027344,6.383614540100098,95.83110046386719,22.2697811126709,0.23238573968410492,0.1645599901676178,18.008813858032227,0.4000000059604645,1.0,7.350220203399658,16.819486618041992,9.867921829223633,5.362928867340088,-4.504992961883545,12.260344505310059,6.184588432312012,44.389644622802734,19.72693634033203,0.4444040060043335,0.2630869448184967,8.494208335876465,0.20000000298023224,1.0
192,91.0,91.0,105.0,True,False,-1,regressed,14.860092163085938,18.14771270751953,16.848426818847656,13.01810073852539,-3.8303260803222656,23.0147647857666,3.7191002368927,109.96451568603516,27.809160232543945,0.2528921365737915,-0.10455255210399628,21.57420539855957,0.20000000298023224,1.0,11.6768798828125,19.7750244140625,15.125567436218262,7.853091716766357,-7.272475719451904,19.400775909423828,5.954535484313965,88.30616760253906,24.982627868652344,0.28290921449661255,-0.3856934905052185,13.511975288391113,0.20000000298023224,1.0
193,24.0,12.0,12.0,False,False,0,stable_wrong,10.889158248901367,19.158344268798828,13.9829740524292,8.340449333190918,-5.642524719238281,17.52729034423828,5.481843948364258,70.70008087158203,25.240800857543945,0.3570123314857483,0.0811520367860794,13.96139144897461,0.0,1.0,7.3723063468933105,16.514909744262695,9.304082870483398,5.931619644165039,-3.3724632263183594,12.200778007507324,5.9359283447265625,48.55278396606445,18.640071868896484,0.3839135468006134,-0.0039389850571751595,9.107583999633789,0.4000000059604645,1.0
194,10.0,10.0,10.0,True,True,0,stable_correct,10.954548835754395,19.09433937072754,14.179533958435059,7.054605484008789,-7.1249284744262695,18.304088592529297,5.809557914733887,78.03670501708984,25.136531829833984,0.3221116364002228,0.048125602304935455,13.20009708404541,0.20000000298023224,1.0,7.7055134773254395,16.495574951171875,11.222498893737793,4.483279705047607,-6.7392191886901855,12.799732208251953,6.1600341796875,53.33748245239258,18.597753524780273,0.3486807644367218,0.08456578105688095,9.653624534606934,0.20000000298023224,1.0
195,12.0,12.0,12.0,True,True,0,stable_correct,11.654129028320312,16.173830032348633,11.975852966308594,10.734886169433594,-1.240966796875,18.550020217895508,5.1481547355651855,82.62413024902344,22.1761474609375,0.2683979570865631,0.10771097987890244,15.216986656188965,0.4000000059604645,1.0,6.610588550567627,18.206846237182617,9.264812469482422,4.343785762786865,-4.921026706695557,11.13209342956543,7.618005752563477,43.53240203857422,20.62702178955078,0.4738314747810364,0.11021162569522858,7.919538974761963,0.20000000298023224,1.0
196,120.0,120.0,120.0,True,True,0,stable_correct,13.544809341430664,19.802736282348633,15.857348442077637,10.370200157165527,-5.487148284912109,22.496530532836914,7.1116766929626465,91.01695251464844,20.665115356445312,0.2270468771457672,0.19937483966350555,16.29042625427246,0.4000000059604645,1.0,7.754611015319824,18.275102615356445,11.724044799804688,4.6483588218688965,-7.075685977935791,13.04193115234375,7.17741584777832,48.95869064331055,21.219709396362305,0.43342068791389465,0.2977212071418762,9.042190551757812,0.4000000059604645,1.0
197,6277.0,5558.0,5704.0,False,False,0,stable_wrong,12.71429443359375,17.82073974609375,13.756243705749512,9.970196723937988,-3.7860469818115234,20.45301055908203,4.799439907073975,106.20555877685547,23.32232666015625,0.21959610283374786,-0.14786353707313538,16.4292049407959,0.20000000298023224,1.0,8.020386695861816,19.95595359802246,10.559744834899902,5.946051120758057,-4.613693714141846,13.23350715637207,7.936435699462891,50.7478141784668,21.847991943359375,0.43052083253860474,0.13620030879974365,9.871066093444824,0.4000000059604645,1.0
198,320.0,360.0,240.0,False,False,0,stable_wrong,12.990678787231445,19.238618850708008,16.54706382751465,9.899369239807129,-6.6476945877075195,20.794788360595703,5.445070743560791,90.92251586914062,23.94152069091797,0.26331785321235657,-0.030011732131242752,17.23511505126953,0.0,1.0,9.413735389709473,16.391584396362305,12.273476600646973,6.52277946472168,-5.750697135925293,15.450345993041992,5.055453777313232,69.33972930908203,20.0196590423584,0.28871846199035645,-0.2310115545988083,11.691497802734375,0.4000000059604645,1.0
199,7500.0,1500.0,5500.0,False,False,0,stable_wrong,10.349934577941895,20.673059463500977,13.550457000732422,7.518959045410156,-6.031497955322266,17.176494598388672,6.206879138946533,71.96971893310547,26.18256378173828,0.36379972100257874,0.010173732414841652,12.55831527709961,0.20000000298023224,1.0,7.499943256378174,15.801170349121094,8.994146347045898,6.376136779785156,-2.618009567260742,12.30807113647461,4.973247528076172,54.52207565307617,19.486934661865234,0.357413649559021,-0.2567983567714691,9.622771263122559,0.6000000238418579,1.0
200,55.0,55.0,55.0,True,True,0,stable_correct,15.686944961547852,19.489971160888672,17.251737594604492,13.86312198638916,-3.388615608215332,24.976001739501953,7.2431721687316895,102.94037628173828,20.11834144592285,0.19543683528900146,0.17340496182441711,19.793561935424805,0.6000000238418579,1.0,8.558504104614258,19.387928009033203,12.150246620178223,5.610910415649414,-6.539336204528809,14.396615982055664,7.241290092468262,51.808860778808594,22.223344802856445,0.4289487302303314,0.3034602999687195,9.713410377502441,0.20000000298023224,1.0
201,114200.0,273750.0,2737500.0,False,False,0,stable_wrong,7.580792427062988,13.671371459960938,10.170083045959473,5.560135364532471,-4.609947681427002,12.523164749145508,4.381899356842041,48.393192291259766,16.4866886138916,0.3406819701194763,0.06699566543102264,8.928512573242188,0.0,1.0,9.246661186218262,18.257707595825195,11.810871124267578,7.182505130767822,-4.628365993499756,15.303135871887207,5.80662727355957,68.93475341796875,20.714963912963867,0.3005010187625885,-0.21064941585063934,11.496341705322266,0.6000000238418579,1.0
202,100.0,100.0,100.0,True,True,0,stable_correct,14.097468376159668,20.38471031188965,16.357139587402344,11.664466857910156,-4.6926727294921875,22.626996994018555,7.8014678955078125,88.15991973876953,19.013418197631836,0.215669646859169,0.3250266909599304,17.576791763305664,0.6000000238418579,1.0,8.13700008392334,18.429176330566406,11.930798530578613,5.0437726974487305,-6.887025833129883,13.35250473022461,7.67056131362915,48.549983978271484,19.48607063293457,0.40136101841926575,0.20429325103759766,9.512015342712402,0.20000000298023224,1.0
203,31.0,35.0,31.0,False,True,1,recovered,12.272942543029785,19.155193328857422,16.232030868530273,8.488125801086426,-7.743905067443848,20.151901245117188,5.911246299743652,84.38343048095703,22.510818481445312,0.266768217086792,0.07169823348522186,15.26400089263916,0.0,1.0,8.669852256774902,18.077415466308594,11.794059753417969,6.378319263458252,-5.415740489959717,14.283634185791016,6.144973278045654,60.7432861328125,22.82088851928711,0.37569400668144226,-0.4287853240966797,10.020126342773438,0.4000000059604645,1.0
204,98.0,88.0,98.0,False,True,1,recovered,13.471291542053223,17.443580627441406,16.197675704956055,11.376487731933594,-4.821187973022461,21.375377655029297,3.4951610565185547,100.16848754882812,24.53862190246582,0.24497346580028534,-0.1438000202178955,18.243566513061523,0.20000000298023224,1.0,8.958603858947754,17.691268920898438,11.275638580322266,7.916483402252197,-3.3591551780700684,14.502811431884766,5.451760292053223,63.38076400756836,23.41557502746582,0.3694429397583008,-0.15406467020511627,12.034523010253906,0.20000000298023224,1.0
205,98.0,92.0,97.0,False,False,0,stable_wrong,10.831611633300781,17.4427490234375,14.568005561828613,8.02918529510498,-6.538820266723633,17.71280860900879,5.144328594207764,78.3602523803711,16.897842407226562,0.2156430333852768,-0.16208618879318237,13.058615684509277,0.20000000298023224,1.0,8.06877613067627,15.957849502563477,10.432929039001465,6.289697170257568,-4.1432318687438965,13.167709350585938,5.773181438446045,54.72435760498047,19.575946807861328,0.3577190935611725,-0.13646653294563293,9.943115234375,0.4000000059604645,1.0
206,860.0,860.0,860.0,True,True,0,stable_correct,14.07740592956543,20.673505783081055,17.501056671142578,11.642685890197754,-5.858370780944824,21.925312042236328,5.367549419403076,94.6530532836914,30.99244499206543,0.3274320662021637,-0.06999020278453827,19.738588333129883,0.20000000298023224,1.0,8.83888053894043,18.345170974731445,10.99792194366455,6.840272426605225,-4.157649517059326,14.656173706054688,6.286830902099609,63.718055725097656,20.224117279052734,0.31740009784698486,-0.29190465807914734,10.93591594696045,0.20000000298023224,1.0
207,2600.0,2600.0,2000.0,True,False,-1,regressed,12.734464645385742,17.00355339050293,14.913529396057129,10.982902526855469,-3.93062686920166,20.054033279418945,3.9302854537963867,96.77738952636719,24.024272918701172,0.24824261665344238,-0.15309083461761475,17.572509765625,0.20000000298023224,1.0,8.322489738464355,16.917213439941406,10.073219299316406,7.26813268661499,-2.805086612701416,13.649372100830078,5.631380081176758,57.31708908081055,20.40622329711914,0.356023371219635,-0.10020426660776138,10.632567405700684,0.6000000238418579,1.0
208,76.0,76.0,76.0,True,True,0,stable_correct,14.295854568481445,19.614093780517578,15.30721664428711,13.196197509765625,-2.1110191345214844,21.88126564025879,3.649229049682617,108.28465270996094,29.769638061523438,0.27492019534111023,-0.05617832392454147,21.205129623413086,0.20000000298023224,1.0,8.104386329650879,15.586956024169922,10.317368507385254,5.7340264320373535,-4.5833420753479,13.211019515991211,5.407302379608154,54.99937057495117,18.375978469848633,0.3341125249862671,-0.18806377053260803,10.002991676330566,0.20000000298023224,1.0
209,145.0,22.5,40.0,False,False,0,stable_wrong,8.330367088317871,15.716377258300781,9.894776344299316,7.09471321105957,-2.800063133239746,13.473665237426758,4.729243278503418,53.38505172729492,20.265199661254883,0.37960436940193176,0.1583615392446518,10.702239990234375,0.20000000298023224,1.0,7.990176677703857,14.600296974182129,9.053372383117676,7.390815258026123,-1.6625571250915527,12.73379898071289,4.620260238647461,53.62013244628906,17.114337921142578,0.3191774785518646,0.060297273099422455,10.758646965026855,0.6000000238418579,1.0
210,10.0,4.0,3.5,False,False,0,stable_wrong,10.743399620056152,17.430580139160156,13.314600944519043,8.697836875915527,-4.616764068603516,17.229106903076172,4.684854507446289,68.689697265625,22.81678581237793,0.33217188715934753,-0.029702290892601013,13.679789543151855,0.0,1.0,8.895076751708984,17.432111740112305,11.365801811218262,7.053994655609131,-4.311807155609131,14.349411010742188,5.510110855102539,56.86473083496094,22.513463973999023,0.39591261744499207,-0.04210083559155464,11.366580963134766,0.0,1.0
211,4.0,7.0,4.0,False,True,1,recovered,8.68835163116455,16.780014038085938,11.97183609008789,5.846580982208252,-6.125255107879639,14.584763526916504,5.416118144989014,57.46958923339844,18.88964080810547,0.3286893367767334,0.1405780017375946,10.263992309570312,0.0,1.0,5.510316371917725,14.348089218139648,7.674973964691162,4.151248931884766,-3.5237250328063965,9.23552417755127,5.7711591720581055,35.757999420166016,17.276145935058594,0.4831407368183136,0.08343721926212311,6.4154887199401855,0.20000000298023224,1.0
212,5.0,6.0,3.0,False,False,0,stable_wrong,11.051241874694824,20.6898250579834,14.215039253234863,7.3005547523498535,-6.91448450088501,18.5719051361084,6.118461608886719,81.40180969238281,25.572141647338867,0.31414708495140076,0.012407856993377209,13.388566017150879,0.20000000298023224,1.0,8.377613067626953,21.967065811157227,11.9210205078125,5.286426544189453,-6.634593963623047,13.88973617553711,9.265840530395508,49.335391998291016,23.601058959960938,0.47837987542152405,0.29693686962127686,9.907661437988281,0.20000000298023224,1.0
213,250.0,250.0,250.0,True,True,0,stable_correct,13.41710376739502,16.8968505859375,14.195515632629395,11.478772163391113,-2.7167434692382812,20.965425491333008,3.777125120162964,98.9339599609375,24.96619987487793,0.25235217809677124,0.002510771155357361,18.82366371154785,0.20000000298023224,1.0,8.010995864868164,16.459239959716797,11.088890075683594,5.079120635986328,-6.009769439697266,13.248601913452148,5.90425968170166,51.75392150878906,18.52435302734375,0.35793137550354004,0.21359236538410187,9.912677764892578,0.20000000298023224,1.0
214,8.0,8.0,4.0,True,False,-1,regressed,10.899367332458496,23.59870147705078,14.042149543762207,9.194510459899902,-4.847639083862305,16.74694061279297,9.900321960449219,44.65644836425781,32.32560348510742,0.7238731384277344,0.6628546118736267,12.526374816894531,0.0,1.0,4.463542461395264,12.7260160446167,5.960249423980713,3.5093538761138916,-2.4508955478668213,7.3537187576293945,5.519435882568359,25.929296493530273,15.233556747436523,0.5875036716461182,0.1359199583530426,5.132623195648193,0.20000000298023224,1.0
215,44.0,45.0,44.0,False,True,1,recovered,11.815447807312012,17.387136459350586,12.950321197509766,9.17714786529541,-3.7731733322143555,18.848323822021484,5.631195068359375,94.24930572509766,24.32657241821289,0.2581087648868561,-0.05674942210316658,15.488493919372559,0.6000000238418579,1.0,7.808777332305908,18.279417037963867,11.4275541305542,4.942340850830078,-6.485213279724121,12.891010284423828,7.327728748321533,48.973915100097656,20.150056838989258,0.41144469380378723,0.34470662474632263,9.535115242004395,0.4000000059604645,1.0
216,220.0,220.0,200.0,True,False,-1,regressed,12.213412284851074,21.161890029907227,15.180577278137207,10.239547729492188,-4.9410295486450195,19.548355102539062,5.815399646759033,89.0770263671875,28.69734001159668,0.3221631944179535,-0.16633987426757812,16.396257400512695,0.20000000298023224,1.0,8.786443710327148,16.3549861907959,11.01721477508545,6.875025272369385,-4.1421895027160645,14.1541109085083,4.831454277038574,65.60781860351562,21.097164154052734,0.32156479358673096,-0.28517621755599976,11.493096351623535,0.20000000298023224,1.0
217,15.0,15.0,15.0,True,True,0,stable_correct,13.9576997756958,19.27092170715332,16.079763412475586,11.521180152893066,-4.5585832595825195,22.84145164489746,7.407480716705322,85.63035583496094,20.934276580810547,0.24447260797023773,0.24220924079418182,16.74078941345215,0.4000000059604645,1.0,8.50231647491455,18.476930618286133,11.692944526672363,5.720367431640625,-5.972577095031738,14.059673309326172,7.306492328643799,49.7342414855957,19.758953094482422,0.39729073643684387,0.3190380930900574,9.842503547668457,0.20000000298023224,1.0
218,45.0,42.0,33.0,False,False,0,stable_wrong,10.392949104309082,14.390909194946289,11.97834300994873,9.350666999816895,-2.627676010131836,16.36474609375,3.305896759033203,69.56864166259766,20.762290954589844,0.2984432280063629,-0.018687456846237183,14.05876636505127,0.0,1.0,7.608120918273926,16.66534423828125,10.547186851501465,5.462579727172852,-5.084607124328613,12.333830833435059,6.554410457611084,44.98326873779297,20.82246971130371,0.46289366483688354,0.23385591804981232,9.074585914611816,0.0,1.0
219,54.0,70.5,71.0,False,False,0,stable_wrong,12.883771896362305,15.986679077148438,14.546646118164062,11.85528564453125,-2.6913604736328125,20.38720703125,3.64304780960083,93.71147155761719,22.420318603515625,0.2392483949661255,-0.07828356325626373,17.464941024780273,0.20000000298023224,1.0,8.134773254394531,19.147668838500977,10.242609977722168,6.608471393585205,-3.634138584136963,13.470094680786133,7.082086563110352,49.924034118652344,23.157987594604492,0.4638645052909851,0.0880415141582489,9.741032600402832,0.0,1.0
220,70.0,70.0,70.0,True,True,0,stable_correct,14.77343463897705,19.750391006469727,16.1962947845459,13.241873741149902,-2.954421043395996,22.600461959838867,3.821098566055298,124.22879791259766,29.218490600585938,0.23519901931285858,-0.24676355719566345,21.8192081451416,0.4000000059604645,1.0,8.804155349731445,17.734203338623047,12.334419250488281,6.24879789352417,-6.085621356964111,14.336674690246582,6.284630298614502,56.860923767089844,21.0906982421875,0.37091726064682007,-0.07330849021673203,10.90435791015625,0.0,1.0
221,90.0,90.0,90.0,True,True,0,stable_correct,14.19570255279541,21.257644653320312,16.55144500732422,12.056262016296387,-4.495182991027832,22.178848266601562,4.903289794921875,107.52096557617188,29.93508529663086,0.2784115970134735,-0.05710713937878609,20.27128028869629,0.20000000298023224,1.0,7.917419910430908,17.759967803955078,11.599589347839355,4.738247394561768,-6.861341953277588,13.4205904006958,6.42978048324585,60.738243103027344,20.28868865966797,0.33403483033180237,-0.2170911580324173,9.369595527648926,0.4000000059604645,1.0
222,140.0,140.0,140.0,True,True,0,stable_correct,15.749871253967285,22.954811096191406,19.83429527282715,12.745417594909668,-7.0888776779174805,24.786176681518555,9.247662544250488,83.50064849853516,29.983121871948242,0.35907652974128723,0.2504313886165619,18.55812644958496,0.0,1.0,7.393428325653076,18.046682357788086,11.023829460144043,4.496260643005371,-6.527568817138672,12.491710662841797,7.1778788566589355,45.509037017822266,20.040918350219727,0.4403722882270813,0.27606168389320374,8.454882621765137,0.20000000298023224,1.0
223,20000.0,20000.0,20000.0,True,True,0,stable_correct,16.159727096557617,21.514240264892578,19.51984214782715,13.327354431152344,-6.192487716674805,25.82252311706543,8.544878959655762,96.60631561279297,24.98194122314453,0.2585953176021576,0.20986218750476837,19.889616012573242,0.20000000298023224,1.0,8.060595512390137,18.362361907958984,11.0464448928833,5.440310955047607,-5.606133937835693,13.34409236907959,7.0422797203063965,50.91077423095703,20.0495548248291,0.3938175141811371,0.12773339450359344,9.690725326538086,0.20000000298023224,1.0
224,180.0,180.0,180.0,True,True,0,stable_correct,13.24514102935791,16.046104431152344,13.834040641784668,12.194321632385254,-1.639719009399414,19.661895751953125,3.6434237957000732,111.6983871459961,26.321041107177734,0.2356438785791397,-0.19866517186164856,20.650400161743164,0.4000000059604645,1.0,7.808657169342041,18.05956268310547,11.857524871826172,4.509092330932617,-7.348432540893555,12.821200370788574,7.460862636566162,48.01545333862305,21.395282745361328,0.44559159874916077,-0.2721196115016937,8.750348091125488,0.20000000298023224,1.0
225,9.0,12.0,9.0,False,True,1,recovered,12.94515323638916,18.24859046936035,14.900402069091797,10.89391040802002,-4.006491661071777,20.22914695739746,4.051980018615723,93.23098754882812,27.40873908996582,0.2939874231815338,0.031914278864860535,18.161897659301758,0.20000000298023224,1.0,6.568758964538574,16.226892471313477,8.912873268127441,4.069586753845215,-4.843286514282227,11.093232154846191,6.310920715332031,40.15082931518555,18.56733512878418,0.4624396562576294,0.2121354043483734,7.495617389678955,0.20000000298023224,1.0
226,33.0,43.75,35.71,False,False,0,stable_wrong,10.387469291687012,17.269655227661133,12.813640594482422,8.624881744384766,-4.188758850097656,16.66495704650879,4.380764961242676,76.78304290771484,23.57029914855957,0.3069727122783661,-0.133599653840065,13.659446716308594,0.20000000298023224,1.0,9.306051254272461,18.700658798217773,11.857738494873047,7.8054046630859375,-4.052333831787109,15.017147064208984,6.168295860290527,62.22319030761719,22.668441772460938,0.36430856585502625,0.022046979516744614,12.39117431640625,0.4000000059604645,1.0
227,9.0,10.0,9.5,False,False,0,stable_wrong,9.683029174804688,16.590408325195312,11.759777069091797,7.797264099121094,-3.962512969970703,15.818419456481934,4.800684452056885,64.9645767211914,21.916332244873047,0.3373582065105438,-0.10052566230297089,11.843552589416504,0.20000000298023224,1.0,7.194573402404785,17.938852310180664,8.826845169067383,5.887959957122803,-2.93888521194458,12.102389335632324,6.995506286621094,46.77383804321289,20.30615997314453,0.43413498997688293,0.186001718044281,8.816009521484375,0.4000000059604645,1.0
228,1.0,5.0,10.0,False,True,1,recovered,13.38664722442627,18.760560989379883,17.002153396606445,10.314254760742188,-6.687898635864258,21.42949676513672,5.471157073974609,85.78254699707031,23.015174865722656,0.2682967185974121,0.14097607135772705,17.01701545715332,0.20000000298023224,1.0,10.534698486328125,17.968767166137695,12.939713478088379,8.208423614501953,-4.731289863586426,17.158926010131836,5.409560680389404,79.75552368164062,21.01032257080078,0.2634340822696686,-0.2309260070323944,13.35573959350586,0.20000000298023224,1.0
229,21.0,21.0,21.0,True,True,0,stable_correct,13.599977493286133,19.059598922729492,15.788360595703125,11.523947715759277,-4.264412879943848,21.534149169921875,4.135341167449951,100.6700210571289,27.26089859008789,0.2707946002483368,-0.14994025230407715,18.470935821533203,0.20000000298023224,1.0,9.01842212677002,18.845703125,12.077887535095215,6.015880584716797,-6.062006950378418,14.883930206298828,6.393601417541504,67.53050231933594,23.0391845703125,0.3411670923233032,-0.2729373574256897,11.065667152404785,0.4000000059604645,1.0
230,276000.0,252000.0,336000.0,False,False,0,stable_wrong,11.042135238647461,14.663100242614746,12.739082336425781,9.710007667541504,-3.0290746688842773,17.19202423095703,5.140597820281982,74.66049194335938,16.419204711914062,0.21991825103759766,0.05066843703389168,14.94775676727295,0.20000000298023224,1.0,9.470915794372559,16.485671997070312,11.5335111618042,7.319955825805664,-4.213555335998535,15.605497360229492,4.281464099884033,75.7121810913086,20.544322967529297,0.27134767174720764,-0.285526305437088,11.627518653869629,0.20000000298023224,1.0
231,50.0,50.0,50.0,True,True,0,stable_correct,14.708817481994629,19.858928680419922,17.2349910736084,12.210704803466797,-5.024286270141602,23.594518661499023,7.671831130981445,87.35791778564453,20.733596801757812,0.2373407781124115,0.30048254132270813,18.180116653442383,0.4000000059604645,1.0,7.5221405029296875,17.22319984436035,10.97297191619873,4.841499328613281,-6.131472587585449,12.279970169067383,7.092807292938232,45.158668518066406,18.46042823791504,0.40879034996032715,0.3151913285255432,9.262389183044434,0.20000000298023224,1.0
232,75.0,75.0,75.0,True,True,0,stable_correct,13.093412399291992,19.6613826751709,16.340057373046875,10.053869247436523,-6.286188125610352,21.63343620300293,6.887470245361328,82.75846862792969,21.51960563659668,0.26002904772758484,0.22205457091331482,15.780455589294434,0.20000000298023224,1.0,8.047645568847656,19.865209579467773,11.472689628601074,4.940507888793945,-6.532181739807129,13.735895156860352,7.803919792175293,50.31576919555664,22.138376235961914,0.4399888217449188,0.31136155128479004,9.19848346710205,0.20000000298023224,1.0
233,12.0,12.0,12.0,True,True,0,stable_correct,10.96452808380127,16.875564575195312,13.12438678741455,8.996424674987793,-4.127962112426758,17.667016983032227,4.951725959777832,66.68669891357422,22.431074142456055,0.3363650441169739,0.10228612273931503,13.330763816833496,0.0,1.0,7.353435039520264,16.12211036682129,9.915345191955566,4.9432759284973145,-4.972069263458252,12.19788932800293,5.982020378112793,45.97418975830078,18.838205337524414,0.4097561240196228,-0.006116989068686962,8.434317588806152,0.20000000298023224,1.0
234,21.0,7.0,14.0,False,False,0,stable_wrong,13.539800643920898,19.31125831604004,15.169940948486328,12.010037422180176,-3.1599035263061523,21.22841453552246,4.080587387084961,102.87703704833984,27.903770446777344,0.2712341845035553,-0.04934350401163101,19.008581161499023,0.4000000059604645,1.0,7.262678623199463,15.330560684204102,8.749878883361816,5.655135631561279,-3.094743251800537,12.011629104614258,5.361652851104736,48.68539810180664,16.807466506958008,0.3452260196208954,0.06522618234157562,9.105603218078613,0.4000000059604645,1.0
235,10.0,10.0,10.0,True,True,0,stable_correct,15.331323623657227,22.767057418823242,18.882966995239258,12.704388618469238,-6.1785783767700195,24.18718910217285,9.563089370727539,81.43062591552734,27.227346420288086,0.3343624770641327,0.30874842405319214,18.35955238342285,0.0,1.0,7.619785785675049,18.157102584838867,11.108687400817871,4.547091960906982,-6.561595439910889,12.784324645996094,7.423172950744629,49.12940979003906,19.1314697265625,0.38940972089767456,0.22735877335071564,9.030205726623535,0.20000000298023224,1.0
236,31.0,30.0,30.0,False,False,0,stable_wrong,9.585532188415527,15.244465827941895,12.637711524963379,6.048155307769775,-6.5895562171936035,15.974910736083984,4.35666561126709,70.0078353881836,18.079313278198242,0.2582469880580902,0.061376988887786865,11.898520469665527,0.4000000059604645,1.0,6.3684868812561035,16.717382431030273,9.235013008117676,4.08648157119751,-5.148531436920166,10.799450874328613,6.954484939575195,39.012351989746094,19.005931854248047,0.4871772825717926,0.1754896640777588,7.119529724121094,0.20000000298023224,1.0
237,90.0,90.0,90.0,True,True,0,stable_correct,14.796381950378418,22.10601234436035,18.13323211669922,11.812029838562012,-6.321202278137207,23.923046112060547,7.846067428588867,93.9517593383789,27.1069393157959,0.2885197699069977,0.14305806159973145,18.46550941467285,0.20000000298023224,1.0,7.731449604034424,18.53583335876465,11.285943031311035,4.7597737312316895,-6.526169300079346,12.74740219116211,7.760040760040283,46.87871551513672,19.98853302001953,0.4263882339000702,0.2657814025878906,9.17134952545166,0.20000000298023224,1.0
238,68.0,68.0,68.0,True,True,0,stable_correct,13.051201820373535,16.35064697265625,13.919259071350098,12.333134651184082,-1.5861244201660156,19.714111328125,3.5264406204223633,97.65515899658203,25.887996673583984,0.2650960385799408,0.00611741840839386,19.81013298034668,0.4000000059604645,1.0,8.139077186584473,15.97640323638916,9.514286994934082,7.031965732574463,-2.482321262359619,12.922584533691406,5.261056423187256,50.98210525512695,20.295331954956055,0.39808735251426697,0.15687042474746704,11.046833038330078,0.4000000059604645,1.0
239,280.0,280.0,280.0,True,True,0,stable_correct,14.933053016662598,19.827489852905273,16.7853946685791,13.262019157409668,-3.5233755111694336,23.221410751342773,4.174844741821289,104.66111755371094,30.068601608276367,0.287294864654541,-0.121790312230587,21.132036209106445,0.0,1.0,10.421636581420898,20.8167724609375,14.016552925109863,6.7182488441467285,-7.298304080963135,17.40811538696289,6.564114093780518,84.92984771728516,25.476716995239258,0.29997366666793823,-0.43800801038742065,12.622397422790527,0.20000000298023224,1.0
240,21.0,21.0,21.0,True,True,0,stable_correct,12.999869346618652,18.489681243896484,14.435015678405762,11.780342102050781,-2.6546735763549805,19.96337890625,4.015915870666504,92.56766510009766,26.843231201171875,0.28998497128486633,-0.0039211781695485115,19.17017364501953,0.20000000298023224,1.0,8.381975173950195,18.772762298583984,11.708186149597168,5.613606929779053,-6.094579219818115,13.736311912536621,6.950920581817627,59.353355407714844,21.62129783630371,0.36428096890449524,-0.025186186656355858,10.596329689025879,0.4000000059604645,1.0
241,6.0,6.0,9.0,True,False,-1,regressed,11.196789741516113,18.100059509277344,15.061720848083496,6.919613361358643,-8.142107009887695,18.742938995361328,5.557992458343506,74.46395111083984,22.1884822845459,0.29797616600990295,-0.0032232999801635742,12.955574035644531,0.0,1.0,6.408920764923096,15.909502029418945,8.202873229980469,4.847263813018799,-3.35560941696167,10.52757453918457,6.264563083648682,39.541961669921875,19.103612899780273,0.4831225275993347,0.0565979965031147,7.885028839111328,0.4000000059604645,1.0
242,3.0,5.0,5.0,False,False,0,stable_wrong,11.327759742736816,21.129467010498047,14.889846801757812,8.137055397033691,-6.752791404724121,18.545307159423828,6.344125270843506,76.38397979736328,26.008989334106445,0.34050318598747253,0.024565119296312332,14.260647773742676,0.20000000298023224,1.0,9.009262084960938,18.784812927246094,11.311684608459473,7.5658278465271,-3.745856761932373,14.251141548156738,6.972835540771484,59.05765914916992,22.375383377075195,0.3788735270500183,-0.015212809666991234,12.051128387451172,0.6000000238418579,1.0
243,250.0,250.0,550.0,True,False,-1,regressed,14.193657875061035,17.635473251342773,15.582923889160156,12.591835021972656,-2.9910888671875,22.275890350341797,3.717979907989502,104.83085632324219,24.24437713623047,0.2312713861465454,-0.07946906238794327,19.66422462463379,0.20000000298023224,1.0,7.786391735076904,18.702865600585938,12.203288078308105,3.8635566234588623,-8.339731216430664,13.532028198242188,7.196516990661621,56.29573440551758,20.822694778442383,0.3698804974555969,-0.05926874279975891,8.77741813659668,0.4000000059604645,1.0
244,20.0,10.0,3.0,False,False,0,stable_wrong,11.900311470031738,16.507766723632812,13.823318481445312,10.590546607971191,-3.232771873474121,18.474010467529297,4.318680763244629,75.17852783203125,22.839496612548828,0.3038034439086914,0.04896028712391853,16.380741119384766,0.0,1.0,8.293580055236816,17.751482009887695,10.247857093811035,6.970789432525635,-3.2770676612854004,13.404322624206543,6.515768051147461,52.229957580566406,20.180194854736328,0.38637202978134155,0.09763909131288528,10.86108684539795,0.20000000298023224,1.0
245,7.0,18.0,8.0,False,False,0,stable_wrong,11.539399147033691,19.27431297302246,16.01633644104004,7.4781012535095215,-8.53823471069336,19.15565299987793,6.583218097686768,77.71149444580078,23.13814926147461,0.2977442443370819,0.06544315814971924,13.314003944396973,0.0,1.0,6.488778591156006,14.51477336883545,8.83584976196289,4.559638977050781,-4.276210784912109,10.679737091064453,5.339969635009766,42.28053283691406,16.547958374023438,0.3913848102092743,0.12998421490192413,8.071725845336914,0.20000000298023224,1.0
246,27000.0,2700.0,27000.0,True,True,0,stable_correct,9.687271118164062,17.04414176940918,12.675267219543457,7.007997035980225,-5.667270183563232,16.125843048095703,4.865832328796387,67.5794448852539,20.50470733642578,0.30341634154319763,-0.016257118433713913,11.631001472473145,0.20000000298023224,1.0,8.65591049194336,20.256864547729492,10.426105499267578,6.743480205535889,-3.6826252937316895,14.309737205505371,7.713647365570068,58.50697708129883,22.12187385559082,0.37810659408569336,0.05685732513666153,10.945808410644531,0.4000000059604645,1.0
247,32.0,28.0,30.67,False,False,0,stable_wrong,10.171760559082031,19.63005828857422,12.990153312683105,6.946094512939453,-6.044058799743652,16.82659912109375,5.989771366119385,83.28304290771484,25.624916076660156,0.30768468976020813,-0.1679309606552124,12.910468101501465,0.20000000298023224,1.0,7.782443046569824,21.27150535583496,11.506298065185547,4.877625942230225,-6.628672122955322,13.021994590759277,8.978071212768555,47.26264953613281,24.369646072387695,0.5156216621398926,0.024139827117323875,8.40903377532959,0.20000000298023224,1.0
248,300.0,300.0,300.0,True,True,0,stable_correct,14.800561904907227,21.565143585205078,18.020301818847656,12.117900848388672,-5.902400970458984,23.442800521850586,9.437850952148438,79.34577178955078,25.541282653808594,0.3218984603881836,0.30462756752967834,17.739965438842773,0.20000000298023224,1.0,7.932341575622559,19.149654388427734,11.654406547546387,4.77140474319458,-6.883001804351807,13.090019226074219,8.024166107177734,48.540061950683594,20.2794246673584,0.4177873730659485,0.2780279517173767,9.545336723327637,0.20000000298023224,1.0
249,5600.0,2600.0,4800.0,False,False,0,stable_wrong,12.192415237426758,18.972627639770508,15.237652778625488,9.619824409484863,-5.617828369140625,19.60906410217285,5.111520767211914,81.2695541381836,24.728429794311523,0.3042766749858856,-0.05956181883811951,15.605198860168457,0.0,1.0,8.66512393951416,20.860782623291016,11.145225524902344,7.030203342437744,-4.1150221824646,14.176826477050781,7.9801435470581055,51.00820541381836,25.988862991333008,0.5095036029815674,0.11026112735271454,10.432304382324219,0.20000000298023224,1.0
250,17.0,23.0,27.0,False,False,0,stable_wrong,11.724141120910645,18.705652236938477,14.213211059570312,10.384055137634277,-3.829155921936035,18.154369354248047,5.460198879241943,71.02316284179688,26.54606056213379,0.3737662434577942,0.06770447641611099,16.45932388305664,0.20000000298023224,1.0,9.364773750305176,16.790014266967773,11.255976676940918,8.24472427368164,-3.0112524032592773,14.708174705505371,4.962362766265869,65.24939727783203,21.486915588378906,0.32930442690849304,-0.07731253653764725,13.327027320861816,0.4000000059604645,1.0
251,70.0,70.0,70.0,True,True,0,stable_correct,14.82152271270752,19.49964141845703,16.299299240112305,12.54592514038086,-3.7533740997314453,23.562271118164062,7.259527206420898,98.01580810546875,18.978347778320312,0.19362537562847137,0.23549847304821014,18.935083389282227,0.6000000238418579,1.0,7.824128150939941,18.831560134887695,10.955498695373535,5.53993034362793,-5.4155683517456055,12.694144248962402,7.559103012084961,48.70124816894531,21.423583984375,0.4398980438709259,0.3931465148925781,10.062203407287598,0.6000000238418579,1.0
252,73.0,92.0,82.0,False,False,0,stable_wrong,9.696953773498535,18.271398544311523,12.292583465576172,7.399901866912842,-4.89268159866333,16.031373977661133,5.2674078941345215,68.41095733642578,21.917102813720703,0.32037416100502014,0.029344642534852028,12.01894474029541,0.20000000298023224,1.0,6.910006046295166,13.170540809631348,7.752255916595459,6.555722713470459,-1.196533203125,11.703789710998535,3.9920005798339844,49.59442901611328,15.980822563171387,0.32223019003868103,-0.08821462094783783,8.357584953308105,0.4000000059604645,1.0
253,18.0,18.0,21.0,True,False,-1,regressed,14.323524475097656,23.538923263549805,18.548391342163086,11.11160945892334,-7.436781883239746,23.359798431396484,8.610262870788574,86.4774398803711,26.666990280151367,0.30836933851242065,0.22831006348133087,17.250879287719727,0.20000000298023224,1.0,8.577643394470215,18.78434181213379,12.611590385437012,5.386528015136719,-7.225062370300293,14.313042640686035,6.77578067779541,65.13882446289062,21.58010482788086,0.33129405975341797,-0.1410050243139267,11.067352294921875,0.4000000059604645,1.0
254,84.0,84.0,84.0,True,True,0,stable_correct,13.422531127929688,18.90604591369629,14.657431602478027,11.848747253417969,-2.8086843490600586,21.84192657470703,6.571280479431152,103.79458618164062,24.97605323791504,0.2406296283006668,-0.071579709649086,16.720056533813477,0.4000000059604645,1.0,10.168057441711426,20.11220932006836,13.634303092956543,6.9198126792907715,-6.7144904136657715,16.671340942382812,7.2125349044799805,66.56439971923828,22.41795539855957,0.3367859721183777,0.21997591853141785,12.55951976776123,0.4000000059604645,1.0
255,192.0,16.0,160.0,False,False,0,stable_wrong,12.566057205200195,17.205659866333008,14.63341236114502,10.980839729309082,-3.6525726318359375,19.32011604309082,3.5683681964874268,92.50662231445312,25.998048782348633,0.28103986382484436,-0.07544110715389252,18.602540969848633,0.4000000059604645,1.0,8.950112342834473,18.113208770751953,11.662635803222656,6.500259876251221,-5.1623759269714355,14.583545684814453,6.362109184265137,60.95868682861328,21.59859848022461,0.3543153405189514,0.02515452541410923,11.509377479553223,0.20000000298023224,1.0
256,45.0,7.6,56.0,False,False,0,stable_wrong,10.44969367980957,14.098448753356934,12.564682006835938,9.132266998291016,-3.432415008544922,16.60881805419922,3.6532340049743652,78.57615661621094,16.018993377685547,0.20386582612991333,-0.08865593373775482,14.288952827453613,0.800000011920929,1.0,8.992558479309082,17.70258331298828,11.348212242126465,7.575754642486572,-3.7724575996398926,14.503951072692871,5.547774314880371,60.19996643066406,22.48951530456543,0.3735801875591278,-0.27194786071777344,11.53518009185791,0.0,1.0
257,5600.0,28000.0,1600.0,False,False,0,stable_wrong,11.72248649597168,16.573408126831055,13.340058326721191,9.416132926940918,-3.9239253997802734,18.352039337158203,4.005844593048096,97.79113006591797,24.62790870666504,0.2518419623374939,-0.16347132623195648,16.57684326171875,0.4000000059604645,1.0,7.491421699523926,15.288310050964355,9.42090892791748,5.732591152191162,-3.6883177757263184,12.354048728942871,4.918541431427002,52.20322036743164,18.571706771850586,0.35575786232948303,0.006074702832847834,9.307753562927246,0.4000000059604645,1.0
258,6.0,6.0,6.0,True,True,0,stable_correct,14.084973335266113,19.998205184936523,16.59461212158203,12.06271743774414,-4.531894683837891,22.082050323486328,6.558072566986084,81.63301849365234,28.03130531311035,0.34338194131851196,0.13075518608093262,18.128339767456055,0.0,1.0,8.376082420349121,19.074792861938477,11.782876014709473,5.487640380859375,-6.295235633850098,13.858369827270508,7.603687286376953,50.56314468383789,20.089143753051758,0.3973080515861511,0.27714571356773376,9.932336807250977,0.20000000298023224,1.0
259,168.0,106.0,124.0,False,False,0,stable_wrong,11.968660354614258,18.512115478515625,15.022934913635254,9.362725257873535,-5.660209655761719,19.6993350982666,4.133049488067627,95.03182220458984,23.73733901977539,0.24978305399417877,-0.2938266098499298,15.003634452819824,0.20000000298023224,1.0,8.037311553955078,18.45590591430664,10.160449981689453,6.006277561187744,-4.154172420501709,13.225093841552734,6.757497310638428,55.00896453857422,21.764787673950195,0.3956589102745056,-0.12102516740560532,10.494976997375488,0.20000000298023224,1.0
260,11.0,11.0,12.0,True,False,-1,regressed,13.655840873718262,20.13638687133789,15.826329231262207,11.541398048400879,-4.284931182861328,21.451885223388672,4.364355564117432,99.2406005859375,28.853626251220703,0.29074418544769287,-0.0349985733628273,19.2288875579834,0.20000000298023224,1.0,8.637029647827148,19.29813575744629,10.987907409667969,6.639350891113281,-4.3485565185546875,13.921941757202148,7.11482572555542,49.19931411743164,22.556909561157227,0.4584801495075226,0.3180883824825287,10.99362564086914,0.0,1.0
261,62.0,6300.0,6390.0,False,False,0,stable_wrong,13.511911392211914,18.888042449951172,14.291053771972656,10.94072437286377,-3.3503293991088867,21.678434371948242,6.236900329589844,99.31922149658203,21.936567306518555,0.2208693027496338,0.13802705705165863,16.8941593170166,0.20000000298023224,1.0,7.637763977050781,16.700838088989258,9.395201683044434,5.741302967071533,-3.6538987159729004,12.793004035949707,5.8789753913879395,51.84809112548828,17.535011291503906,0.3381997346878052,0.15081854164600372,9.602566719055176,0.4000000059604645,1.0
262,270.0,270.0,270.0,True,True,0,stable_correct,15.194302558898926,23.358522415161133,18.989641189575195,11.861817359924316,-7.127823829650879,24.059715270996094,9.281180381774902,79.98934936523438,31.431007385253906,0.39293989539146423,0.1260245442390442,17.566408157348633,0.0,1.0,7.241455078125,18.76263427734375,11.164233207702637,3.855308771133423,-7.308924674987793,12.156641960144043,7.986124515533447,43.444847106933594,19.867237091064453,0.4572978913784027,0.28072023391723633,8.28419017791748,0.20000000298023224,1.0
263,8.0,8.0,8.0,True,True,0,stable_correct,12.901664733886719,19.303054809570312,15.764925956726074,10.880027770996094,-4.8848981857299805,20.67026138305664,5.250585556030273,96.60462188720703,26.744239807128906,0.27684223651885986,-0.2013404816389084,17.372331619262695,0.20000000298023224,1.0,9.147379875183105,17.100971221923828,11.448944091796875,6.992140293121338,-4.456803798675537,15.056173324584961,5.172634124755859,63.12322998046875,20.480104446411133,0.3244464099407196,-0.12881365418434143,11.187302589416504,0.4000000059604645,1.0
264,400.0,400.0,400.0,True,True,0,stable_correct,13.652196884155273,15.415909767150879,13.684192657470703,13.531333923339844,-0.15285873413085938,20.374778747558594,3.6201157569885254,94.3397216796875,26.61929702758789,0.28216424584388733,-0.01948832906782627,21.047433853149414,0.20000000298023224,1.0,7.8501996994018555,16.033382415771484,9.249859809875488,6.445163726806641,-2.8046960830688477,12.766050338745117,5.654243469238281,50.42228698730469,18.8748722076416,0.374335914850235,0.10184787213802338,9.964777946472168,0.4000000059604645,1.0
265,9500.0,32500.0,40500.0,False,False,0,stable_wrong,11.748358726501465,15.523979187011719,13.760348320007324,9.845510482788086,-3.9148378372192383,19.56119155883789,3.653275966644287,91.05967712402344,19.327838897705078,0.21225464344024658,-0.2054523229598999,14.27910327911377,0.4000000059604645,1.0,9.042821884155273,17.723838806152344,11.355293273925781,7.393774032592773,-3.961519241333008,14.586434364318848,6.110467433929443,55.69882583618164,22.291996002197266,0.4002237915992737,0.1853581666946411,11.516081809997559,0.20000000298023224,1.0
266,118000.0,285000.0,198000.0,False,False,0,stable_wrong,11.492719650268555,15.80119514465332,12.58568286895752,11.883320808410645,-0.702362060546875,18.606338500976562,4.316971302032471,89.11167907714844,19.410337448120117,0.21782034635543823,-0.11927206814289093,15.260149955749512,0.6000000238418579,1.0,9.762456893920898,19.59470558166504,13.642918586730957,6.832004070281982,-6.810914516448975,16.25562858581543,6.644863128662109,67.62508392333984,23.511272430419922,0.34767088294029236,-0.19563084840774536,11.641520500183105,0.20000000298023224,1.0
267,91.0,71.0,71.0,False,False,0,stable_wrong,12.35581111907959,19.331722259521484,15.080317497253418,10.019758224487305,-5.060559272766113,19.56548309326172,4.999508857727051,86.85828399658203,26.49214744567871,0.3050042688846588,-0.048440031707286835,16.654409408569336,0.20000000298023224,1.0,9.120327949523926,19.544034957885742,11.495631217956543,7.408290863037109,-4.087340354919434,14.965816497802734,6.462104320526123,61.44386291503906,23.759157180786133,0.3866807222366333,0.019323820248246193,11.490580558776855,0.4000000059604645,1.0
268,1375.0,1375.0,3625.0,True,False,-1,regressed,15.113761901855469,20.561138153076172,15.407997131347656,14.262939453125,-1.1450576782226562,23.790014266967773,4.338565826416016,130.4384307861328,27.2565975189209,0.2089613974094391,-0.2885569930076599,20.49173927307129,0.4000000059604645,1.0,9.888870239257812,17.650808334350586,11.975499153137207,7.760392665863037,-4.21510648727417,15.791708946228027,5.6637420654296875,65.44683837890625,20.69929313659668,0.3162764310836792,-0.1538456380367279,12.664459228515625,0.20000000298023224,1.0
269,4.0,4.0,4.0,True,True,0,stable_correct,11.634526252746582,18.03505516052246,14.233894348144531,8.65847110748291,-5.575423240661621,19.450897216796875,6.5413079261779785,74.29319763183594,19.437047958374023,0.2616262137889862,0.25014743208885193,13.810958862304688,0.4000000059604645,1.0,7.8321309089660645,17.211421966552734,11.131450653076172,5.36578893661499,-5.765661716461182,12.70694351196289,6.90712833404541,45.33131790161133,18.696760177612305,0.41244685649871826,0.3733398914337158,9.53475284576416,0.20000000298023224,1.0
270,762.0,862.0,762.0,False,True,1,recovered,13.37632942199707,23.235998153686523,17.713590621948242,10.047898292541504,-7.665692329406738,21.30807876586914,7.85640287399292,79.27184295654297,31.287582397460938,0.3946872055530548,0.020411480218172073,16.484041213989258,0.0,1.0,9.293562889099121,16.354597091674805,10.64990520477295,8.103324890136719,-2.5465803146362305,14.832752227783203,5.5769267082214355,57.5711669921875,17.660545349121094,0.3067602515220642,0.11021658033132553,12.029526710510254,0.20000000298023224,1.0
271,20.0,20.0,20.0,True,True,0,stable_correct,11.81401252746582,16.87215805053711,13.885788917541504,9.853225708007812,-4.032563209533691,18.889341354370117,4.273648262023926,91.3479995727539,21.997344970703125,0.2408081740140915,-0.09007098525762558,15.256488800048828,0.6000000238418579,1.0,7.6423468589782715,16.103862762451172,9.350048065185547,5.8421478271484375,-3.5079002380371094,12.761996269226074,5.401637077331543,52.75965881347656,18.76769256591797,0.35572052001953125,-0.1893080174922943,9.013790130615234,0.4000000059604645,1.0
272,5.0,4.2,4.35,False,False,0,stable_wrong,13.31618595123291,17.21579933166504,14.08629322052002,12.002856254577637,-2.083436965942383,21.411548614501953,3.978080987930298,109.73060607910156,23.806983947753906,0.21695846319198608,-0.17509210109710693,17.526504516601562,0.6000000238418579,1.0,8.626581192016602,19.299758911132812,10.56584644317627,6.915968418121338,-3.6498780250549316,14.430416107177734,6.871786594390869,67.10873413085938,21.967741012573242,0.32734549045562744,-0.2239968329668045,10.4603853225708,0.6000000238418579,1.0
273,315.0,300.0,450.0,False,False,0,stable_wrong,12.831337928771973,18.601951599121094,16.84515953063965,9.55104923248291,-7.294110298156738,20.735475540161133,5.237314224243164,98.05990600585938,24.55925178527832,0.2504515051841736,-0.2551647126674652,16.795133590698242,0.4000000059604645,1.0,10.661688804626465,16.812713623046875,12.994263648986816,8.521525382995605,-4.472738265991211,16.521562576293945,5.2408294677734375,74.5518798828125,21.74132537841797,0.29162678122520447,0.09257178008556366,14.824650764465332,0.4000000059604645,1.0
274,3200.0,3200.0,3200.0,True,True,0,stable_correct,14.514809608459473,19.886720657348633,15.459311485290527,13.806246757507324,-1.6530647277832031,22.879390716552734,3.697221279144287,120.64886474609375,27.2725887298584,0.2260492742061615,-0.26771101355552673,19.848236083984375,0.4000000059604645,1.0,9.133094787597656,18.698755264282227,11.88641357421875,6.753241062164307,-5.133172512054443,14.862571716308594,6.381905555725098,58.291969299316406,22.56782341003418,0.3871515095233917,-0.03062090277671814,11.232898712158203,0.20000000298023224,1.0
275,138.0,244.0,196.0,False,False,0,stable_wrong,11.628668785095215,17.959482192993164,13.960638999938965,10.153460502624512,-3.807178497314453,18.222593307495117,4.766111373901367,79.6015853881836,22.8549861907959,0.28711721301078796,-0.01280483603477478,16.311643600463867,0.20000000298023224,1.0,8.800671577453613,17.53471565246582,10.409984588623047,7.88855504989624,-2.5214295387268066,14.261296272277832,5.881207466125488,56.246788024902344,21.41893768310547,0.38080286979675293,0.09723211824893951,11.449820518493652,0.6000000238418579,1.0
276,9.0,7.0,9.0,False,True,1,recovered,13.28462028503418,18.633132934570312,15.5162992477417,11.098483085632324,-4.417816162109375,21.510181427001953,3.2919933795928955,106.21399688720703,24.8215274810791,0.23369356989860535,-0.3088264465332031,17.25587272644043,0.20000000298023224,1.0,11.039731979370117,20.50386619567871,13.588603973388672,8.342726707458496,-5.245877265930176,18.178266525268555,5.997288703918457,99.13612365722656,25.33330726623535,0.2555406391620636,-0.6817414164543152,13.698223114013672,0.4000000059604645,1.0
277,4.0,4.0,4.0,True,True,0,stable_correct,15.784321784973145,20.1160831451416,18.209047317504883,13.607269287109375,-4.601778030395508,24.8531551361084,3.942094087600708,117.94094848632812,28.581321716308594,0.24233587086200714,-0.12360944598913193,21.79895782470703,0.20000000298023224,1.0,10.486358642578125,19.27549171447754,13.9045991897583,7.171588897705078,-6.733010292053223,17.539566040039062,5.891640663146973,79.0130386352539,23.492433547973633,0.2973234951496124,-0.20880226790905,12.633736610412598,0.20000000298023224,1.0
278,40.0,40.0,40.0,True,True,0,stable_correct,11.74000358581543,18.278886795043945,14.596076965332031,9.365496635437012,-5.2305803298950195,18.64150619506836,4.620036602020264,84.53997802734375,24.88552474975586,0.29436397552490234,-0.0700300931930542,16.124956130981445,0.20000000298023224,1.0,7.058738708496094,18.658857345581055,9.602105140686035,5.037423610687256,-4.564681529998779,11.483307838439941,7.6653852462768555,43.65314865112305,22.437402725219727,0.5139927864074707,0.04860396310687065,8.599140167236328,0.4000000059604645,1.0
279,6.0,3.0,3.0,False,False,0,stable_wrong,9.73905086517334,18.900495529174805,12.138562202453613,8.16034984588623,-3.978212356567383,14.926039695739746,6.203036785125732,53.96611022949219,28.38797378540039,0.526033341884613,0.24345135688781738,14.230921745300293,0.0,1.0,5.160679817199707,14.21000862121582,6.8328166007995605,3.5777359008789062,-3.2550806999206543,8.547086715698242,6.084519863128662,30.45676612854004,16.047800064086914,0.526904284954071,0.30090197920799255,6.011850833892822,0.20000000298023224,1.0
280,7.0,7.0,7.0,True,True,0,stable_correct,12.375068664550781,18.2072811126709,14.031697273254395,10.457627296447754,-3.5740699768066406,19.273752212524414,4.059778213500977,103.01251220703125,25.134414672851562,0.24399380385875702,-0.2230178415775299,17.520227432250977,0.20000000298023224,1.0,9.062149047851562,18.114967346191406,12.342534065246582,5.895328521728516,-6.447205543518066,15.054692268371582,6.065615177154541,62.24399948120117,21.4653377532959,0.34485793113708496,-0.22487816214561462,10.755035400390625,0.20000000298023224,1.0
281,2450.0,2450.0,2050.0,True,False,-1,regressed,11.631926536560059,15.695599555969238,13.947283744812012,10.162251472473145,-3.785032272338867,18.649864196777344,4.197698593139648,82.05873107910156,19.234596252441406,0.23440036177635193,-0.05510257929563522,15.17102336883545,0.4000000059604645,1.0,9.896720886230469,20.223276138305664,12.43697452545166,7.411468505859375,-5.025506019592285,16.231950759887695,7.047760963439941,63.367523193359375,24.15676498413086,0.38121679425239563,0.017503036186099052,12.183087348937988,0.20000000298023224,1.0
282,195.0,225.0,180.0,False,False,0,stable_wrong,11.723654747009277,17.32647705078125,14.352858543395996,8.867627143859863,-5.485231399536133,18.921846389770508,5.086332321166992,73.34366607666016,21.92300033569336,0.2989078760147095,0.14053401350975037,14.54863452911377,0.0,1.0,10.064862251281738,17.704166412353516,11.359440803527832,8.438851356506348,-2.9205894470214844,16.147872924804688,5.671108722686768,74.01121520996094,19.87660026550293,0.268561989068985,-0.15132562816143036,13.323159217834473,0.4000000059604645,1.0
283,68.0,68.0,68.0,True,True,0,stable_correct,12.609087944030762,16.533985137939453,14.135258674621582,11.109542846679688,-3.0257158279418945,19.835233688354492,3.61379075050354,90.37322235107422,23.843841552734375,0.26383745670318604,0.02590199187397957,17.301860809326172,0.20000000298023224,1.0,7.377644062042236,16.196765899658203,8.749815940856934,6.785696506500244,-1.9641194343566895,12.169062614440918,5.657793045043945,51.08510208129883,19.288846969604492,0.3775826394557953,0.06819262355566025,9.536409378051758,0.4000000059604645,1.0
284,360.0,360.0,360.0,True,True,0,stable_correct,11.95476245880127,17.76247215270996,13.902305603027344,10.518773078918457,-3.3835325241088867,18.44424819946289,4.6660919189453125,72.18853759765625,24.962371826171875,0.34579411149024963,0.1881551593542099,16.727256774902344,0.20000000298023224,1.0,8.344549179077148,16.043760299682617,10.064406394958496,7.559995174407959,-2.504411220550537,13.307008743286133,5.4485273361206055,51.778831481933594,19.586103439331055,0.3782646954059601,0.040795035660266876,11.082169532775879,0.20000000298023224,1.0
285,21.0,21.0,21.0,True,True,0,stable_correct,14.736814498901367,21.758304595947266,18.50603675842285,11.527175903320312,-6.978860855102539,23.91952896118164,8.244882583618164,91.78485107421875,26.534032821655273,0.28908947110176086,0.06014659255743027,17.933761596679688,0.20000000298023224,1.0,7.5745134353637695,17.97992515563965,10.8878812789917,4.867381572723389,-6.0204997062683105,12.391594886779785,7.3845953941345215,45.273155212402344,20.041227340698242,0.44267353415489197,0.3384268879890442,9.087669372558594,0.20000000298023224,1.0
286,90.0,90.0,90.0,True,True,0,stable_correct,15.74948787689209,20.673786163330078,17.878143310546875,13.595576286315918,-4.282567024230957,24.78300666809082,4.200505256652832,125.02611541748047,25.864559173583984,0.20687325298786163,-0.21563486754894257,21.954118728637695,0.4000000059604645,1.0,9.902440071105957,19.74233627319336,13.853706359863281,6.190271377563477,-7.663434982299805,16.555273056030273,6.4992523193359375,74.99386596679688,24.285980224609375,0.32383954524993896,-0.32548609375953674,11.736536979675293,0.20000000298023224,1.0
287,8.0,4.0,8.0,False,True,1,recovered,14.161802291870117,19.546268463134766,17.636781692504883,11.453852653503418,-6.182929039001465,22.075273513793945,5.592286109924316,106.21424102783203,26.668865203857422,0.2510855793952942,-0.14033247530460358,20.442899703979492,0.20000000298023224,1.0,10.476977348327637,18.536685943603516,13.92516040802002,7.590678691864014,-6.334481716156006,17.257522583007812,5.592207908630371,74.90278625488281,23.142549514770508,0.30896779894828796,-0.13770249485969543,12.894282341003418,0.4000000059604645,1.0
288,3.0,3.0,4.0,True,False,-1,regressed,14.026904106140137,20.097734451293945,16.690231323242188,10.64031982421875,-6.0499114990234375,23.17232322692871,6.822782039642334,94.36332702636719,23.381662368774414,0.247783362865448,0.13199681043624878,16.93898582458496,0.20000000298023224,1.0,8.38115406036377,19.705923080444336,12.21456527709961,5.288304805755615,-6.926260471343994,13.897867202758789,7.915781021118164,51.978572845458984,21.67466926574707,0.4169923961162567,0.17131102085113525,9.894843101501465,0.20000000298023224,1.0
289,16.0,16.0,16.0,True,True,0,stable_correct,13.010894775390625,21.4569149017334,17.427900314331055,9.00585651397705,-8.422043800354004,21.04172706604004,8.499747276306152,73.94279479980469,24.967193603515625,0.33765554428100586,0.3153899610042572,15.30428409576416,0.0,1.0,8.78194522857666,19.02303695678711,11.446812629699707,6.690462112426758,-4.756350517272949,14.825172424316406,6.668111324310303,58.4913330078125,21.48051643371582,0.3672427237033844,0.13128666579723358,10.455805778503418,0.4000000059604645,1.0
290,390.0,390.0,390.0,True,True,0,stable_correct,14.92156982421875,17.81247901916504,16.703706741333008,12.749008178710938,-3.9546985626220703,23.03331184387207,3.858017683029175,114.9709243774414,28.215557098388672,0.24541471898555756,-0.11786411702632904,21.67475128173828,0.20000000298023224,1.0,9.41062068939209,18.12302589416504,12.873103141784668,6.408772945404053,-6.464330196380615,14.634384155273438,7.640300750732422,59.77816390991211,20.800628662109375,0.3479636609554291,0.03939712047576904,12.550025939941406,0.4000000059604645,1.0
291,2.0,2.0,2.0,True,True,0,stable_correct,11.416112899780273,17.879297256469727,14.011481285095215,8.88878345489502,-5.122697830200195,18.578449249267578,4.598412036895752,76.84407043457031,22.97674560546875,0.29900479316711426,-0.059915341436862946,14.156144142150879,0.20000000298023224,1.0,8.90623950958252,16.933902740478516,11.26787281036377,7.058794021606445,-4.209078788757324,14.337777137756348,5.1884074211120605,61.693359375,21.983179092407227,0.3563297390937805,-0.0031017183791846037,11.789128303527832,0.4000000059604645,1.0
292,75.0,105.0,45.0,False,False,0,stable_wrong,9.59583854675293,15.942468643188477,11.085558891296387,8.145330429077148,-2.9402284622192383,15.613816261291504,4.130134105682373,67.33277893066406,20.222232818603516,0.3003326654434204,0.1162729486823082,12.143919944763184,0.4000000059604645,1.0,7.2714691162109375,17.628990173339844,8.885855674743652,5.789757251739502,-3.0960984230041504,12.018209457397461,6.68237829208374,46.805145263671875,20.208837509155273,0.43176528811454773,0.05490318685770035,9.121254920959473,0.4000000059604645,1.0
293,83.0,93.0,84.0,False,False,0,stable_wrong,12.336380958557129,17.003929138183594,14.0928373336792,10.86935043334961,-3.22348690032959,19.434720993041992,4.094388961791992,87.46367645263672,23.842958450317383,0.2726041078567505,-0.02455410361289978,17.01767921447754,0.20000000298023224,1.0,9.894806861877441,16.93975257873535,11.788485527038574,8.130448341369629,-3.6580371856689453,16.203800201416016,4.634036064147949,73.2005386352539,20.728567123413086,0.2831750512123108,-0.1530803143978119,12.411235809326172,0.4000000059604645,1.0
294,3.0,3.0,3.0,True,True,0,stable_correct,13.0557861328125,18.438316345214844,13.969413757324219,11.906460762023926,-2.062952995300293,20.317066192626953,3.6602916717529297,97.49141693115234,27.63290023803711,0.2834393084049225,-0.10675808042287827,18.727807998657227,0.4000000059604645,1.0,8.375726699829102,18.961864471435547,12.0389404296875,5.120212554931641,-6.918727874755859,13.69871997833252,7.233979225158691,57.97748565673828,22.32135581970215,0.38500040769577026,0.06718148291110992,11.014595985412598,0.6000000238418579,1.0
295,370.0,410.0,340.0,False,False,0,stable_wrong,12.408780097961426,16.110864639282227,13.675018310546875,10.857775688171387,-2.8172426223754883,18.893890380859375,4.240456581115723,78.74449920654297,19.338977813720703,0.24559147655963898,0.14664849638938904,18.002079010009766,0.4000000059604645,1.0,9.886474609375,16.925031661987305,11.031913757324219,8.771306037902832,-2.2606077194213867,16.074703216552734,4.349328517913818,70.94639587402344,22.04077911376953,0.31066805124282837,-0.24512290954589844,12.961906433105469,0.20000000298023224,1.0
296,3.0,6.0,2.1,False,False,0,stable_wrong,11.833261489868164,16.780384063720703,14.304987907409668,8.44814395904541,-5.856843948364258,19.443517684936523,4.816287994384766,79.56642150878906,21.35029411315918,0.26833295822143555,0.09812365472316742,14.373283386230469,0.20000000298023224,1.0,8.286225318908691,17.220134735107422,10.074707984924316,6.0749969482421875,-3.999711036682129,13.509573936462402,6.278343200683594,54.671165466308594,18.329748153686523,0.3352726697921753,0.0948309674859047,10.243783950805664,0.4000000059604645,1.0
297,55.0,55.0,55.0,True,True,0,stable_correct,11.869318008422852,20.939882278442383,13.78466796875,10.307324409484863,-3.4773435592651367,18.667423248291016,5.8692097663879395,90.69450378417969,28.191936492919922,0.3108450472354889,-0.17054851353168488,17.296361923217773,0.4000000059604645,1.0,8.947693824768066,18.379066467285156,12.374188423156738,6.564327716827393,-5.809860706329346,14.671089172363281,6.976608753204346,60.2267951965332,22.70520782470703,0.37699511647224426,-0.004628845956176519,10.853075981140137,0.4000000059604645,1.0
298,500.0,650.0,850.0,False,False,0,stable_wrong,8.206767082214355,14.270829200744629,11.10159969329834,5.679622173309326,-5.421977519989014,13.719839096069336,4.446091651916504,54.04668045043945,16.160158157348633,0.2990037202835083,0.14334365725517273,9.634167671203613,0.0,1.0,5.533627986907959,13.949360847473145,7.163590908050537,4.347224712371826,-2.816366195678711,9.119612693786621,5.488256454467773,31.85500717163086,17.00183868408203,0.5337257981300354,0.11005313694477081,6.516087055206299,0.0,1.0
299,31800.0,11500.0,27900.0,False,False,0,stable_wrong,10.379620552062988,18.948806762695312,14.81904125213623,7.002743244171143,-7.816298007965088,16.9680118560791,6.5928497314453125,71.06371307373047,23.426563262939453,0.3296557664871216,-0.012930423021316528,13.078120231628418,0.0,1.0,9.8380126953125,21.407011032104492,12.98440933227539,7.7466349601745605,-5.23777437210083,16.608009338378906,7.507037162780762,66.06717681884766,25.805322647094727,0.39059218764305115,-0.08198098838329315,11.320899963378906,0.4000000059604645,1.0
300,78.0,78.0,78.0,True,True,0,stable_correct,12.053925514221191,17.877517700195312,15.434181213378906,8.23311710357666,-7.201064109802246,19.998586654663086,4.93720006942749,89.00872802734375,21.824241638183594,0.24519215524196625,0.014039361849427223,14.769760131835938,0.4000000059604645,1.0,8.212390899658203,20.107919692993164,11.71030044555664,5.668314456939697,-6.041985988616943,13.403209686279297,7.940448760986328,52.759708404541016,23.196575164794922,0.4396645724773407,0.2697107195854187,10.738587379455566,0.4000000059604645,1.0
301,8.0,64.0,1144.0,False,False,0,stable_wrong,11.040106773376465,16.734731674194336,13.246554374694824,8.261743545532227,-4.984810829162598,17.652015686035156,4.749870777130127,74.3424072265625,22.7376708984375,0.305850625038147,0.10168196260929108,14.696158409118652,0.20000000298023224,1.0,7.680629253387451,19.053726196289062,10.225525856018066,6.113592624664307,-4.11193323135376,12.735466957092285,7.398203372955322,46.83729553222656,23.124759674072266,0.49372532963752747,0.0885118693113327,9.141956329345703,0.20000000298023224,1.0
302,15.0,15.0,15.0,True,True,0,stable_correct,13.638303756713867,19.0730037689209,15.563735008239746,11.504501342773438,-4.059233665466309,21.11085319519043,4.110515117645264,97.49059295654297,28.117860794067383,0.28841614723205566,-0.03737739846110344,19.730802536010742,0.20000000298023224,1.0,8.507165908813477,18.725467681884766,11.924616813659668,5.582101345062256,-6.342515468597412,13.814409255981445,7.002257823944092,59.301212310791016,22.410648345947266,0.37791213393211365,-0.006928288843482733,11.027457237243652,0.20000000298023224,1.0
303,1300.0,1800.0,1800.0,False,False,0,stable_wrong,9.261587142944336,16.01192283630371,12.393714904785156,5.76904296875,-6.624671936035156,15.73887825012207,4.676733493804932,67.51264953613281,18.89376449584961,0.2798551917076111,0.08861635625362396,11.0154390335083,0.20000000298023224,1.0,7.518970966339111,18.561288833618164,10.455405235290527,5.196767807006836,-5.258637428283691,12.511261940002441,7.221118927001953,49.0313606262207,20.73077392578125,0.42280641198158264,0.060987651348114014,9.042412757873535,0.20000000298023224,1.0
304,3200.0,3200.0,3200.0,True,True,0,stable_correct,13.842893600463867,19.626787185668945,16.054880142211914,12.546847343444824,-3.50803279876709,21.257211685180664,5.1138715744018555,94.52601623535156,27.642953872680664,0.29243752360343933,-0.014501897618174553,20.306764602661133,0.20000000298023224,1.0,9.102170944213867,18.18143081665039,12.459880828857422,6.653329849243164,-5.806550979614258,14.790472984313965,6.546065807342529,65.38035583496094,21.577972412109375,0.33003756403923035,-0.19223904609680176,11.520156860351562,0.4000000059604645,1.0
305,4.0,4.0,4.0,True,True,0,stable_correct,13.223793029785156,19.607759475708008,15.722576141357422,10.105888366699219,-5.616687774658203,21.716793060302734,7.324345588684082,83.51266479492188,21.75669288635254,0.26051968336105347,0.23636488616466522,16.214494705200195,0.4000000059604645,1.0,8.351511001586914,18.12179946899414,12.301526069641113,5.3379058837890625,-6.963620185852051,13.923325538635254,6.963909149169922,51.507179260253906,20.866840362548828,0.4051249027252197,0.3437061011791229,9.883705139160156,0.20000000298023224,1.0
306,10.0,10.0,10.0,True,True,0,stable_correct,12.708905220031738,19.118589401245117,15.857895851135254,9.935632705688477,-5.922263145446777,20.930559158325195,4.746488094329834,93.12528991699219,24.124292373657227,0.25905200839042664,-0.17670229077339172,15.661677360534668,0.0,1.0,9.197051048278809,19.536788940429688,12.426666259765625,5.760379791259766,-6.666286468505859,15.243833541870117,7.064348220825195,63.73158264160156,23.0543212890625,0.36174091696739197,0.016706133261322975,11.408272743225098,0.20000000298023224,1.0
307,16.0,8.0,2.0,False,False,0,stable_wrong,10.180219650268555,18.574670791625977,12.774433135986328,8.16171646118164,-4.6127166748046875,15.644280433654785,6.526523590087891,51.56120300292969,26.160547256469727,0.507368803024292,0.4092511236667633,13.580742835998535,0.0,1.0,5.346657752990723,13.014348030090332,6.863035678863525,3.944552183151245,-2.9184834957122803,8.785148620605469,5.194390296936035,31.638233184814453,14.027478218078613,0.44337108731269836,0.3841547667980194,6.814903259277344,0.20000000298023224,1.0
308,6.0,6.0,6.0,True,True,0,stable_correct,13.262484550476074,19.079557418823242,14.358708381652832,12.927104949951172,-1.4316034317016602,20.604591369628906,4.508468151092529,104.56474304199219,26.217586517333984,0.2507306635379791,-0.0776362270116806,18.358915328979492,0.800000011920929,1.0,9.038871765136719,21.18153190612793,13.088199615478516,5.632766246795654,-7.455433368682861,15.181828498840332,7.902218341827393,71.58509826660156,24.26702880859375,0.3389955461025238,-0.4766857624053955,11.157222747802734,0.20000000298023224,1.0
309,8.0,8.0,8.0,True,True,0,stable_correct,11.754990577697754,19.077571868896484,14.185608863830566,9.313628196716309,-4.871980667114258,18.252105712890625,4.937726974487305,94.30338287353516,26.96294403076172,0.2859170436859131,-0.161855086684227,17.303770065307617,0.4000000059604645,1.0,8.170769691467285,16.262054443359375,10.124892234802246,6.116312026977539,-4.008580207824707,13.377877235412598,5.492792129516602,49.80516815185547,20.33048439025879,0.40820029377937317,0.008744788356125355,9.739957809448242,0.20000000298023224,1.0
310,2050.0,3300.0,1500.0,False,False,0,stable_wrong,13.110054969787598,18.36244773864746,15.730629920959473,11.548428535461426,-4.182201385498047,20.062557220458984,5.994395732879639,73.51646423339844,27.59367561340332,0.375340074300766,0.13307300209999084,17.92180061340332,0.20000000298023224,1.0,10.460502624511719,21.146257400512695,13.319076538085938,8.373509407043457,-4.9455671310424805,17.044967651367188,7.4759931564331055,59.86518859863281,27.430944442749023,0.4582119584083557,0.13835372030735016,12.370731353759766,0.0,1.0
311,91.0,91.0,91.0,True,True,0,stable_correct,14.416766166687012,17.069597244262695,16.876089096069336,12.188644409179688,-4.687444686889648,22.137998580932617,3.968961000442505,107.7425765991211,26.37354850769043,0.2447829693555832,-0.22934012115001678,21.33984375,0.20000000298023224,1.0,9.307737350463867,17.412033081054688,12.157200813293457,7.060884952545166,-5.096315860748291,15.318970680236816,5.649403095245361,62.67277145385742,21.254817962646484,0.33913958072662354,-0.08161409199237823,11.103957176208496,0.4000000059604645,1.0
312,32.0,32.0,32.0,True,True,0,stable_correct,13.638625144958496,19.059022903442383,15.355874061584473,10.867802619934082,-4.488071441650391,22.2558536529541,7.420783042907715,88.76097106933594,19.903980255126953,0.22424247860908508,0.27877193689346313,16.850238800048828,0.6000000238418579,1.0,7.810986042022705,17.475879669189453,11.269142150878906,5.159078121185303,-6.1100640296936035,13.04485034942627,6.7329487800598145,48.90843200683594,19.526906967163086,0.3992544114589691,0.3352523148059845,9.487906455993652,0.20000000298023224,1.0
313,120000.0,21900.0,345000.0,False,False,0,stable_wrong,9.409394264221191,16.70819664001465,13.204873085021973,5.621820449829102,-7.583052635192871,15.992701530456543,5.270506858825684,68.26378631591797,20.472412109375,0.2999015152454376,-0.1707352101802826,10.581767082214355,0.0,1.0,9.684611320495605,19.632110595703125,11.727360725402832,8.056283950805664,-3.671076774597168,15.735300064086914,6.214797019958496,67.29234313964844,24.639902114868164,0.3661620616912842,-0.22357065975666046,12.458073616027832,0.4000000059604645,1.0
314,30.0,35.0,35.0,False,False,0,stable_wrong,7.821559429168701,20.106245040893555,10.712746620178223,6.0670952796936035,-4.645651340484619,12.340119361877441,8.651944160461426,36.6388053894043,26.21565818786621,0.715516209602356,0.5154807567596436,8.702805519104004,0.0,1.0,4.591240882873535,14.119117736816406,6.3084869384765625,3.4985125064849854,-2.809974431991577,7.53114652633667,6.413730621337891,26.09254264831543,16.971582412719727,0.6504380702972412,0.26359087228775024,5.025002956390381,0.4000000059604645,0.8571428656578064
315,14.0,18.0,14.0,False,True,1,recovered,14.765694618225098,18.752473831176758,17.060256958007812,12.139145851135254,-4.921111106872559,23.04119873046875,4.120107173919678,110.36656188964844,25.665996551513672,0.23255228996276855,-0.18859928846359253,20.88116455078125,0.4000000059604645,1.0,10.09611701965332,18.71302604675293,12.890849113464355,7.298788547515869,-5.592060565948486,16.736352920532227,4.995697498321533,79.64202880859375,23.644676208496094,0.2968869209289551,-0.4085601270198822,12.209589958190918,0.20000000298023224,1.0
316,156.0,156.0,156.0,True,True,0,stable_correct,13.098065376281738,16.061124801635742,15.363224029541016,10.740639686584473,-4.622584342956543,20.671188354492188,3.3384530544281006,101.77023315429688,21.678442001342773,0.21301358938217163,-0.16332778334617615,18.13982582092285,0.4000000059604645,1.0,8.974509239196777,17.849483489990234,11.46514892578125,7.33240270614624,-4.13274621963501,13.740849494934082,6.300577640533447,56.28575134277344,23.598129272460938,0.4192558228969574,0.1697811484336853,13.34726619720459,0.4000000059604645,1.0
317,12.0,12.0,12.0,True,True,0,stable_correct,12.980810165405273,19.734996795654297,14.424542427062988,11.049983024597168,-3.3745594024658203,20.197792053222656,4.630672931671143,104.98323059082031,28.884183883666992,0.2751314043998718,-0.1689791977405548,18.429536819458008,0.20000000298023224,1.0,9.061736106872559,20.30967903137207,12.475879669189453,6.05565071105957,-6.420228958129883,15.074763298034668,7.409814834594727,63.603939056396484,23.112903594970703,0.36338794231414795,0.007966792210936546,11.010619163513184,0.20000000298023224,1.0
318,123.0,123.0,123.0,True,True,0,stable_correct,12.437987327575684,22.00189971923828,14.276202201843262,11.050772666931152,-3.2254295349121094,19.341983795166016,5.992446422576904,91.70744323730469,29.6009578704834,0.3227759599685669,-0.02947426401078701,18.42768096923828,0.4000000059604645,1.0,8.342222213745117,15.460360527038574,10.336431503295898,6.684828281402588,-3.6516032218933105,13.225456237792969,5.423803806304932,52.95021057128906,18.349912643432617,0.346550315618515,-0.017631232738494873,11.11794662475586,0.20000000298023224,1.0
319,15.0,14.0,15.0,False,True,1,recovered,13.148058891296387,19.628488540649414,16.534589767456055,10.319644927978516,-6.214944839477539,20.76581382751465,5.1323933601379395,90.57567596435547,27.494237899780273,0.3035499155521393,-0.014959392137825489,18.166887283325195,0.0,1.0,8.30335807800293,18.376384735107422,10.160625457763672,6.847963809967041,-3.312661647796631,13.305741310119629,6.713974952697754,52.13257598876953,22.29768180847168,0.4277110993862152,0.009877001866698265,10.670615196228027,0.4000000059604645,1.0
320,8.0,8.0,8.0,True,True,0,stable_correct,10.716809272766113,18.986364364624023,14.811382293701172,6.933313369750977,-7.878068923950195,18.295116424560547,5.357738494873047,88.25492858886719,22.816627502441406,0.2585309147834778,-0.4177703857421875,12.486794471740723,0.20000000298023224,1.0,9.9769868850708,20.20830726623535,13.342888832092285,7.326698303222656,-6.016190528869629,16.408857345581055,7.159788131713867,69.2455825805664,23.78413200378418,0.3434750735759735,-0.11549738794565201,12.126457214355469,0.0,1.0
321,1.0,1.0,1.0,True,True,0,stable_correct,13.044921875,19.256004333496094,15.320271492004395,10.505499839782715,-4.81477165222168,21.116863250732422,7.857324600219727,78.3746109008789,17.81940460205078,0.22736194729804993,0.33358436822891235,15.964656829833984,0.4000000059604645,1.0,7.411274433135986,17.283048629760742,10.711654663085938,4.8524932861328125,-5.859161376953125,12.286215782165527,6.868195533752441,48.9254035949707,19.273096084594727,0.393928200006485,0.29944586753845215,9.579670906066895,0.20000000298023224,1.0
322,9.0,3.0,3.0,False,False,0,stable_wrong,10.30561351776123,15.379055976867676,13.0780029296875,7.4600653648376465,-5.6179375648498535,16.514896392822266,4.53153657913208,67.89192199707031,21.301977157592773,0.3137630522251129,0.16407199203968048,13.336417198181152,0.20000000298023224,1.0,7.369992256164551,14.21626091003418,7.9908928871154785,6.78387975692749,-1.2070131301879883,11.891932487487793,4.677779674530029,46.6497802734375,17.253314971923828,0.36984771490097046,0.143301323056221,9.720383644104004,0.4000000059604645,1.0
323,75.0,75.0,45.0,True,False,-1,regressed,9.869769096374512,13.85485553741455,12.146479606628418,7.223609924316406,-4.922869682312012,16.406028747558594,3.5919532775878906,74.83649444580078,17.849525451660156,0.23851364850997925,0.029589463025331497,11.997867584228516,0.20000000298023224,1.0,7.59651517868042,18.966703414916992,10.074292182922363,5.260801792144775,-4.813490390777588,12.70059585571289,7.356367111206055,47.512123107910156,21.900972366333008,0.4609554409980774,0.09266152232885361,8.939777374267578,0.4000000059604645,1.0
324,14.0,10.0,10.0,False,False,0,stable_wrong,8.939188003540039,17.43279457092285,11.825709342956543,6.480600833892822,-5.345108509063721,14.352046966552734,5.920401573181152,53.356388092041016,22.42377471923828,0.4202640950679779,0.28037846088409424,11.430060386657715,0.0,1.0,6.279365062713623,17.20064353942871,9.163139343261719,3.8690967559814453,-5.294042587280273,10.505631446838379,7.187231063842773,40.72998046875,19.80697250366211,0.4862995743751526,-0.020813101902604103,6.98247766494751,0.20000000298023224,1.0
325,224000.0,280000.0,1440000.0,False,False,0,stable_wrong,10.531686782836914,21.41740608215332,13.760466575622559,8.361859321594238,-5.39860725402832,16.933679580688477,7.205179214477539,60.547760009765625,26.937259674072266,0.4448927640914917,0.18279314041137695,13.1506929397583,0.0,1.0,9.873674392700195,21.5662784576416,11.886672019958496,8.008893013000488,-3.877779006958008,15.724453926086426,8.13205623626709,64.563720703125,24.40838050842285,0.3780510127544403,0.14942601323127747,13.163905143737793,0.6000000238418579,1.0
326,14.0,15.0,15.0,False,False,0,stable_wrong,9.623603820800781,15.821109771728516,12.184187889099121,6.327394485473633,-5.856793403625488,16.120576858520508,4.343465805053711,70.96769714355469,20.124481201171875,0.28357240557670593,0.0023076138459146023,11.546669006347656,0.20000000298023224,1.0,6.410349369049072,16.407438278198242,8.641212463378906,4.547257900238037,-4.093954563140869,10.560342788696289,6.776780605316162,37.55088424682617,18.650144577026367,0.49666327238082886,0.18738873302936554,7.495249271392822,0.20000000298023224,1.0
327,31.0,43.0,41.0,False,False,0,stable_wrong,11.090531349182129,14.271121978759766,12.400731086730957,10.029017448425293,-2.371713638305664,17.15894317626953,3.5741987228393555,71.41680908203125,20.54085350036621,0.28761932253837585,0.02165265753865242,15.45162582397461,0.0,1.0,8.956825256347656,16.114704132080078,11.651802062988281,7.310111999511719,-4.3416900634765625,14.474934577941895,5.093943119049072,63.51277160644531,21.27912712097168,0.3350369930267334,-0.12771163880825043,11.688897132873535,0.20000000298023224,1.0
328,2.0,0.5,3.0,False,False,0,stable_wrong,11.694035530090332,17.53720474243164,13.661728858947754,9.101320266723633,-4.560408592224121,19.039308547973633,4.7180938720703125,87.2682113647461,20.977685928344727,0.24038176238536835,0.09935642033815384,14.685730934143066,0.20000000298023224,1.0,7.929603576660156,19.93647003173828,10.382807731628418,6.203841686248779,-4.178966045379639,13.299559593200684,7.94308614730835,49.42440414428711,23.607431411743164,0.4776472747325897,0.060682058334350586,9.00256633758545,0.4000000059604645,1.0
329,14.0,14.0,14.0,True,True,0,stable_correct,14.974859237670898,20.416236877441406,15.550517082214355,13.413703918457031,-2.136813163757324,23.787918090820312,7.1302618980407715,101.31146240234375,21.550029754638672,0.2127106785774231,0.21149373054504395,19.20635986328125,0.6000000238418579,1.0,7.7821269035339355,18.00202178955078,11.04891300201416,5.017942905426025,-6.030970096588135,12.80836296081543,7.360504627227783,47.55543899536133,18.928497314453125,0.3980301320552826,0.3066963255405426,9.431880950927734,0.20000000298023224,1.0
330,31.0,51.0,66.0,False,False,0,stable_wrong,9.886309623718262,16.375831604003906,12.524102210998535,7.569653034210205,-4.95444917678833,16.325963973999023,4.820825099945068,66.36881256103516,19.547269821166992,0.2945249378681183,0.1694071739912033,11.959644317626953,0.20000000298023224,1.0,9.080118179321289,20.69899559020996,11.640300750732422,6.81122350692749,-4.829077243804932,14.7415771484375,7.781195163726807,60.59493637084961,23.088685989379883,0.3810332715511322,-0.010369432158768177,11.831806182861328,0.20000000298023224,1.0
331,8400.0,1200.0,1200.0,False,False,0,stable_wrong,9.477803230285645,18.439895629882812,12.817177772521973,6.702947616577148,-6.114230155944824,15.582671165466309,5.958630561828613,67.26522064208984,21.745960235595703,0.32328683137893677,-0.3079145848751068,11.853339195251465,0.0,1.0,10.003363609313965,20.706157684326172,13.8162841796875,7.11344575881958,-6.70283842086792,16.475135803222656,6.9110636711120605,70.07273864746094,25.476852416992188,0.3635772466659546,-0.24397137761116028,12.204071044921875,0.0,1.0
332,44.0,44.0,44.0,True,True,0,stable_correct,13.168455123901367,20.48015785217285,16.68726921081543,9.567152976989746,-7.120116233825684,21.52777099609375,7.60978889465332,78.55921936035156,25.8448429107666,0.3289854824542999,0.11614137887954712,15.411075592041016,0.20000000298023224,1.0,8.308950424194336,20.477394104003906,12.312118530273438,5.568490982055664,-6.743627548217773,13.614143371582031,8.459956169128418,50.19579315185547,23.73331642150879,0.4728148579597473,0.26958638429641724,10.26058292388916,0.20000000298023224,1.0
333,100.0,150.0,200.0,False,False,0,stable_wrong,9.52370548248291,17.27996253967285,13.18622875213623,7.178907871246338,-6.007320880889893,15.679478645324707,5.0171098709106445,74.31723022460938,21.92564582824707,0.2950277626514435,-0.42262640595436096,12.35673999786377,0.20000000298023224,1.0,9.401835441589355,15.892903327941895,11.578353881835938,7.681367874145508,-3.8969860076904297,15.349493980407715,4.099946022033691,76.44252014160156,20.145299911499023,0.2635352611541748,-0.3888694941997528,12.002581596374512,0.4000000059604645,1.0
334,6.0,6.0,6.0,True,True,0,stable_correct,11.683100700378418,20.560375213623047,13.063514709472656,9.79086685180664,-3.2726478576660156,18.594083786010742,6.022730827331543,88.85935974121094,28.682050704956055,0.3227803111076355,0.013341754674911499,15.632433891296387,0.4000000059604645,1.0,8.465514183044434,21.937049865722656,12.411389350891113,5.513731479644775,-6.897657871246338,14.112480163574219,9.150812149047852,50.09687042236328,25.12568473815918,0.5015420317649841,0.1410810649394989,9.337889671325684,0.4000000059604645,1.0
335,310.0,310.0,310.0,True,True,0,stable_correct,13.880844116210938,23.86421012878418,16.684934616088867,11.43781566619873,-5.247118949890137,22.440641403198242,6.277291297912598,97.92832946777344,30.41529655456543,0.3105873167514801,-0.00889344047755003,18.07894515991211,0.20000000298023224,1.0,8.130006790161133,18.478532791137695,10.83566951751709,5.554074764251709,-5.281594753265381,13.224583625793457,7.287101745605469,47.827430725097656,20.18906593322754,0.42212316393852234,0.034293852746486664,9.676573753356934,0.4000000059604645,1.0
336,72.0,72.0,90.0,True,False,-1,regressed,12.038846015930176,17.62526512145996,13.481791496276855,10.398846626281738,-3.082944869995117,19.592729568481445,3.9729912281036377,86.28553771972656,22.998849868774414,0.26654350757598877,0.04240373522043228,15.179988861083984,0.20000000298023224,1.0,9.47148609161377,17.74195671081543,11.932127952575684,6.672078609466553,-5.260049343109131,15.636700630187988,5.233154296875,71.67138671875,21.678464889526367,0.30247029662132263,-0.15303775668144226,11.990456581115723,0.20000000298023224,1.0
337,1.0,1.0,1.0,True,True,0,stable_correct,14.161995887756348,18.667917251586914,14.972018241882324,13.373892784118652,-1.5981254577636719,21.24776840209961,3.3711321353912354,117.71942138671875,28.830093383789062,0.24490515887737274,-0.1834321767091751,22.188880920410156,0.4000000059604645,1.0,8.013981819152832,16.431947708129883,11.131896018981934,5.35334587097168,-5.778550148010254,13.274137496948242,5.904998779296875,55.486549377441406,19.293712615966797,0.347718745470047,-0.11884043365716934,9.531806945800781,0.20000000298023224,1.0
338,60.0,57.0,57.0,False,False,0,stable_wrong,9.53851318359375,14.403154373168945,11.113326072692871,7.801009654998779,-3.312316417694092,15.345216751098633,3.43167781829834,69.08045959472656,19.096546173095703,0.27643918991088867,-0.00048585236072540283,12.504473686218262,0.20000000298023224,1.0,7.798945426940918,19.132884979248047,10.282254219055176,6.229881763458252,-4.052372455596924,12.907753944396973,7.20665168762207,50.84546661376953,23.47868537902832,0.4617655575275421,-0.02438543364405632,9.758124351501465,0.20000000298023224,1.0
339,160.0,120.0,120.0,False,False,0,stable_wrong,10.698124885559082,19.791751861572266,13.1145658493042,8.2843656539917,-4.8302001953125,17.692251205444336,5.548976898193359,73.96961212158203,25.070940017700195,0.3389356732368469,0.08090068399906158,12.98489761352539,0.20000000298023224,1.0,7.8690996170043945,21.142784118652344,10.418839454650879,6.035831928253174,-4.383007526397705,12.839821815490723,8.839025497436523,50.28123474121094,24.694467544555664,0.4911269247531891,0.0545225515961647,9.893611907958984,0.4000000059604645,1.0
340,4.0,7.0,4.0,False,True,1,recovered,8.968306541442871,16.070762634277344,11.795870780944824,6.393928050994873,-5.401942729949951,14.914767265319824,4.481729507446289,61.198970794677734,19.8310604095459,0.3240423798561096,0.010654419660568237,10.681106567382812,0.0,1.0,6.638766288757324,16.441476821899414,8.656750679016113,5.121561527252197,-3.535189151763916,10.867047309875488,6.707788467407227,39.280303955078125,19.041847229003906,0.4847683310508728,0.16599692404270172,8.029833793640137,0.20000000298023224,1.0
341,260.0,180.0,180.0,False,False,0,stable_wrong,8.294404983520508,12.138495445251465,10.166977882385254,6.310504913330078,-3.856472969055176,13.525214195251465,2.943119764328003,61.76812744140625,15.780890464782715,0.25548598170280457,-0.012751621194183826,10.545084953308105,0.0,1.0,7.836944580078125,16.499181747436523,9.21013069152832,7.4482645988464355,-1.7618660926818848,12.467376708984375,5.839552879333496,43.92964553833008,22.040605545043945,0.5017250776290894,0.17638695240020752,10.496986389160156,0.20000000298023224,1.0
342,87.0,87.0,87.0,True,True,0,stable_correct,12.312726020812988,17.846628189086914,14.58301067352295,10.06235408782959,-4.520656585693359,19.67798614501953,4.621132850646973,83.11349487304688,24.37291717529297,0.29324862360954285,0.07844381779432297,16.043073654174805,0.20000000298023224,1.0,7.164315223693848,17.553916931152344,9.893248558044434,4.529940128326416,-5.363308429718018,12.01931381225586,6.979588985443115,44.630279541015625,19.086441040039062,0.42765676975250244,0.2946774661540985,8.67855167388916,0.20000000298023224,1.0
343,180000.0,180000.0,180000.0,True,True,0,stable_correct,13.617605209350586,18.998146057128906,14.433297157287598,12.658967018127441,-1.7743301391601562,21.918781280517578,5.300329208374023,105.51934814453125,23.435344696044922,0.22209523618221283,0.04717494174838066,17.13285255432129,0.4000000059604645,1.0,8.49537181854248,18.97665023803711,11.835379600524902,5.2638959884643555,-6.571483612060547,13.932167053222656,7.227222442626953,56.7918815612793,21.530176162719727,0.3791065812110901,0.09536434710025787,10.74685001373291,0.4000000059604645,1.0
344,2.0,2.0,2.0,True,True,0,stable_correct,10.862150192260742,14.958081245422363,11.346965789794922,10.388577461242676,-0.9583883285522461,16.547332763671875,3.2260680198669434,86.13182067871094,23.11316680908203,0.2683464288711548,-0.1493232697248459,16.414857864379883,0.4000000059604645,1.0,8.22524642944336,16.413867950439453,11.09891414642334,5.8484368324279785,-5.250477313995361,13.651220321655273,5.494111061096191,55.992671966552734,19.189189910888672,0.342708945274353,0.015741532668471336,9.949605941772461,0.20000000298023224,1.0
345,310.0,310.0,310.0,True,True,0,stable_correct,13.393743515014648,20.09225845336914,14.691779136657715,11.850106239318848,-2.841672897338867,20.350440979003906,4.688985347747803,104.92658233642578,28.576499938964844,0.2723475694656372,-0.12688013911247253,20.537900924682617,0.20000000298023224,1.0,8.976744651794434,18.70952796936035,12.686945915222168,5.913322448730469,-6.773623466491699,14.883816719055176,6.748715400695801,61.008949279785156,21.057653427124023,0.34515678882598877,-0.1829240918159485,10.844944953918457,0.0,1.0
346,9.0,9.0,9.0,True,True,0,stable_correct,14.467069625854492,20.922937393188477,17.714162826538086,11.640583992004395,-6.073578834533691,22.947134017944336,5.018743515014648,103.20648193359375,28.83784294128418,0.2794189155101776,-0.08283224701881409,19.64092445373535,0.0,1.0,7.675425052642822,16.482498168945312,9.218308448791504,6.583062648773193,-2.6352458000183105,12.348398208618164,5.7282633781433105,46.72169876098633,21.30848503112793,0.4560725688934326,0.05562751367688179,9.95518970489502,0.20000000298023224,1.0
347,36.0,36.0,36.0,True,True,0,stable_correct,12.157051086425781,18.89102554321289,14.529641151428223,10.029338836669922,-4.500302314758301,19.24687957763672,4.546214580535889,87.80989837646484,26.59601593017578,0.30288174748420715,-0.05427045747637749,16.640230178833008,0.20000000298023224,1.0,8.236692428588867,17.634057998657227,11.339558601379395,4.904611110687256,-6.434947490692139,13.75600814819336,6.266868591308594,56.483009338378906,21.02044677734375,0.37215521931648254,-0.09948180615901947,9.767434120178223,0.4000000059604645,1.0
348,10.0,30.0,90.0,False,False,0,stable_wrong,14.007173538208008,18.939105987548828,17.147857666015625,11.674527168273926,-5.473330497741699,22.262649536132812,5.338095664978027,93.31079864501953,26.446264266967773,0.28342124819755554,-0.1690165251493454,17.649553298950195,0.20000000298023224,1.0,10.60319709777832,17.710840225219727,14.533729553222656,7.702958583831787,-6.830770969390869,17.32379150390625,5.89473819732666,71.78910064697266,23.63155174255371,0.32918021082878113,-0.15327362716197968,12.446990966796875,0.0,1.0
349,2640.0,2640.0,2880.0,True,False,-1,regressed,11.869791030883789,19.974746704101562,14.908447265625,9.075630187988281,-5.832817077636719,18.966386795043945,5.212111949920654,87.3532943725586,25.8875675201416,0.2963548004627228,-0.11603689193725586,16.21763801574707,0.20000000298023224,1.0,7.427638053894043,17.33469009399414,10.070941925048828,5.20210599899292,-4.868835926055908,12.139078140258789,6.327188968658447,49.85675048828125,21.17331314086914,0.42468297481536865,-0.06401845067739487,9.516066551208496,0.20000000298023224,1.0
350,8.0,7.0,7.5,False,False,0,stable_wrong,12.32652759552002,17.987070083618164,13.966891288757324,10.919166564941406,-3.047724723815918,19.691591262817383,4.0882134437561035,94.51475524902344,23.886642456054688,0.25272923707962036,-0.024356573820114136,16.375898361206055,0.4000000059604645,1.0,8.419903755187988,17.488256454467773,10.05996322631836,6.811549663543701,-3.248413562774658,13.940210342407227,5.708567142486572,56.59965515136719,21.193790435791016,0.3744508624076843,-0.06843400001525879,10.346301078796387,0.20000000298023224,1.0
351,10.0,10.0,10.0,True,True,0,stable_correct,13.760438919067383,19.557735443115234,16.356271743774414,10.304224967956543,-6.052046775817871,22.108356475830078,5.38191556930542,104.07239532470703,25.477920532226562,0.2448095977306366,0.06955323368310928,18.082674026489258,0.4000000059604645,1.0,8.601041793823242,18.163543701171875,12.338923454284668,4.81421422958374,-7.524709224700928,14.26901626586914,7.126131534576416,55.95772171020508,20.048839569091797,0.35828548669815063,0.2033539116382599,10.462723731994629,0.20000000298023224,1.0
352,21.0,21.0,21.0,True,True,0,stable_correct,13.659268379211426,18.393081665039062,14.861328125,11.77505874633789,-3.0862693786621094,21.355464935302734,5.139440059661865,105.5422592163086,27.64842414855957,0.26196542382240295,-0.010509386658668518,18.518510818481445,0.4000000059604645,1.0,8.136713981628418,18.906082153320312,12.058489799499512,5.19431734085083,-6.864172458648682,13.383481979370117,7.770916938781738,48.046321868896484,20.241268157958984,0.42128652334213257,0.4046502113342285,9.818387031555176,0.20000000298023224,1.0
353,20.0,9.0,12.0,False,False,0,stable_wrong,11.19849681854248,14.768436431884766,13.131363868713379,9.559139251708984,-3.5722246170043945,17.66239356994629,3.684570550918579,76.74037170410156,19.096546173095703,0.2488461583852768,-0.024410050362348557,14.997050285339355,0.20000000298023224,1.0,10.666922569274902,17.53175926208496,12.7646484375,8.178149223327637,-4.586499214172363,17.847225189208984,4.355739116668701,84.07540893554688,21.14436912536621,0.2514929175376892,-0.36204448342323303,12.810280799865723,0.6000000238418579,1.0
354,45.0,45.0,125.0,True,False,-1,regressed,13.746859550476074,18.687923431396484,16.681245803833008,11.21346664428711,-5.467779159545898,21.834997177124023,5.057222843170166,95.60762786865234,25.965328216552734,0.2715821862220764,-0.08120588958263397,18.260303497314453,0.20000000298023224,1.0,10.438498497009277,19.189929962158203,13.682880401611328,7.812160491943359,-5.870719909667969,16.561492919921875,6.870314598083496,66.41798400878906,24.012611389160156,0.36153778433799744,0.08204913139343262,13.65838623046875,0.0,1.0
355,34.0,34.0,34.0,True,True,0,stable_correct,14.439425468444824,17.217185974121094,15.306519508361816,12.646411895751953,-2.6601076126098633,22.558666229248047,3.584939956665039,111.690673828125,27.119054794311523,0.24280500411987305,-0.0925561711192131,20.273958206176758,0.20000000298023224,1.0,8.702591896057129,17.3156681060791,11.916865348815918,5.841833591461182,-6.075031757354736,14.119390487670898,6.405735015869141,58.196258544921875,19.583133697509766,0.3365015983581543,0.10788174718618393,11.087031364440918,0.4000000059604645,1.0
356,21.0,1.0,27.0,False,False,0,stable_wrong,14.67671012878418,18.31824493408203,17.4604434967041,12.676920890808105,-4.783522605895996,23.476762771606445,4.257689476013184,117.5622329711914,23.957292556762695,0.20378391444683075,-0.17146195471286774,19.835195541381836,0.4000000059604645,1.0,10.252435684204102,20.18214988708496,14.124154090881348,6.6931633949279785,-7.430990695953369,17.121929168701172,6.626816749572754,71.69733428955078,24.615652084350586,0.34332728385925293,-0.23803701996803284,11.845077514648438,0.20000000298023224,1.0
357,2.0,11.0,3.0,False,False,0,stable_wrong,11.370646476745605,16.70308494567871,14.232878684997559,8.63962459564209,-5.593254089355469,18.37442970275879,5.168432712554932,71.96466827392578,21.381975173950195,0.297117680311203,0.08621808886528015,14.031941413879395,0.0,1.0,9.813279151916504,18.171152114868164,12.011605262756348,7.8514251708984375,-4.16018009185791,15.685797691345215,6.069460868835449,62.62339782714844,22.349687576293945,0.35689038038253784,0.16478070616722107,12.73379135131836,0.4000000059604645,1.0
358,20.0,20.0,20.0,True,True,0,stable_correct,13.527586936950684,17.76479721069336,13.40850830078125,13.33077621459961,-0.07773208618164062,21.009191513061523,3.511362314224243,101.61880493164062,25.910720825195312,0.25497958064079285,-0.04551216959953308,19.429685592651367,0.4000000059604645,1.0,8.139984130859375,17.414962768554688,10.894869804382324,5.461462497711182,-5.433407306671143,13.308059692382812,6.191259384155273,60.726356506347656,20.239240646362305,0.333285927772522,-0.1507984846830368,10.863858222961426,0.4000000059604645,1.0
359,4.0,3.33,5.33,False,False,0,stable_wrong,10.84512996673584,17.138154983520508,13.0350980758667,9.135031700134277,-3.900066375732422,17.759876251220703,4.234783172607422,76.81005096435547,21.051359176635742,0.2740703821182251,-0.04296655207872391,13.537273406982422,0.4000000059604645,1.0,9.343377113342285,19.262617111206055,12.231526374816895,7.589846134185791,-4.6416802406311035,15.259912490844727,6.699774265289307,64.04173278808594,22.37244987487793,0.3493417203426361,-0.15741457045078278,11.833881378173828,0.4000000059604645,1.0
360,25.0,25.0,25.0,True,True,0,stable_correct,15.05286693572998,22.079133987426758,18.48964500427246,12.486064910888672,-6.003580093383789,23.061628341674805,8.400336265563965,75.59002685546875,30.95785903930664,0.4095495045185089,0.3952556550502777,19.200593948364258,0.0,1.0,7.698275566101074,17.807626724243164,11.044181823730469,5.035447597503662,-6.008734226226807,12.868218421936035,6.917218208312988,48.13092041015625,20.219213485717773,0.4200878143310547,0.23841074109077454,9.042769432067871,0.20000000298023224,1.0
361,20.0,1.0,2.57,False,False,0,stable_wrong,11.026652336120605,18.632511138916016,14.771377563476562,7.638037204742432,-7.133340358734131,18.163043975830078,6.363812446594238,71.02613067626953,22.31472396850586,0.3141762614250183,0.044173311442136765,13.099205017089844,0.20000000298023224,1.0,10.438100814819336,17.698463439941406,12.894434928894043,8.4026460647583,-4.491788864135742,16.9606990814209,5.628774642944336,75.33938598632812,20.502323150634766,0.27213287353515625,-0.11142583936452866,13.059062004089355,0.4000000059604645,1.0
362,23.0,14.0,23.0,False,True,1,recovered,12.03027629852295,17.897214889526367,14.766551971435547,9.49692440032959,-5.269627571105957,19.310813903808594,4.523639678955078,83.376953125,22.065595626831055,0.2646486163139343,0.10118694603443146,15.699027061462402,0.20000000298023224,1.0,7.601260185241699,15.879258155822754,9.495406150817871,6.320594310760498,-3.174811840057373,12.079361915588379,5.610476493835449,49.369224548339844,18.558929443359375,0.37592101097106934,-0.06984096765518188,10.351105690002441,0.20000000298023224,1.0
363,6.0,8.57,6.57,False,False,0,stable_wrong,10.180741310119629,15.087404251098633,12.918174743652344,8.275435447692871,-4.642739295959473,16.012258529663086,4.563888072967529,63.94811248779297,20.928749084472656,0.3272770345211029,-0.01711289957165718,13.362446784973145,0.0,1.0,10.09644889831543,17.27825355529785,11.675581932067871,9.494555473327637,-2.1810264587402344,16.0100040435791,4.654191493988037,66.48796844482422,23.533451080322266,0.35395053029060364,-0.028878912329673767,13.743717193603516,0.4000000059604645,1.0
364,49.0,44.0,45.0,False,False,0,stable_wrong,11.691935539245605,19.65323257446289,15.081063270568848,8.336838722229004,-6.744224548339844,19.045442581176758,6.677008628845215,73.82649230957031,23.57832908630371,0.3193749189376831,0.16654276847839355,14.362910270690918,0.20000000298023224,1.0,7.2614946365356445,18.038558959960938,9.149374961853027,5.3830246925354,-3.766350269317627,12.162286758422852,6.929983615875244,45.423500061035156,20.810819625854492,0.4581509530544281,0.09728734195232391,8.742175102233887,0.6000000238418579,1.0
365,18.0,18.0,18.0,True,True,0,stable_correct,14.665651321411133,21.162185668945312,17.565683364868164,11.83972454071045,-5.725958824157715,23.812063217163086,7.8067522048950195,92.35893249511719,23.7233943939209,0.2568608522415161,0.20241551101207733,18.122591018676758,0.6000000238418579,1.0,6.3803534507751465,16.61499786376953,9.512969970703125,3.6703684329986572,-5.842601776123047,11.001815795898438,6.700840473175049,39.98540496826172,18.633974075317383,0.4660193920135498,0.2424129992723465,7.0973896980285645,0.20000000298023224,1.0
366,9.0,9.0,9.0,True,True,0,stable_correct,12.68818187713623,17.511985778808594,15.5562105178833,9.859317779541016,-5.696892738342285,20.09978675842285,5.454718112945557,84.08705139160156,22.811893463134766,0.27128902077674866,0.10799574851989746,16.835142135620117,0.0,1.0,7.599517345428467,19.421674728393555,11.319507598876953,4.621848106384277,-6.697659492492676,12.706002235412598,7.977360248565674,47.06252670288086,21.195768356323242,0.45037463307380676,0.358582079410553,9.125582695007324,0.20000000298023224,1.0
367,19.0,12.0,8.0,False,False,0,stable_wrong,11.600107192993164,16.944353103637695,13.448211669921875,9.976192474365234,-3.4720191955566406,18.93578338623047,4.502218246459961,78.48623657226562,18.818565368652344,0.23976898193359375,0.08272942900657654,14.518675804138184,0.4000000059604645,1.0,9.10584831237793,16.595651626586914,12.609390258789062,5.792477130889893,-6.81691312789917,15.267190933227539,5.540160655975342,69.95858764648438,20.171125411987305,0.28832951188087463,-0.2749120891094208,10.706610679626465,0.0,1.0
368,18.0,10.0,10.0,False,False,0,stable_wrong,13.558782577514648,19.683053970336914,15.316543579101562,11.1464204788208,-4.170123100280762,22.014680862426758,6.978726863861084,95.92544555664062,23.392826080322266,0.24386465549468994,0.10931655019521713,16.731901168823242,0.6000000238418579,1.0,7.4350810050964355,18.420137405395508,11.004914283752441,4.4894633293151855,-6.515450954437256,12.436544418334961,7.644938945770264,45.509674072265625,20.118186950683594,0.44206395745277405,0.24403151869773865,8.549800872802734,0.20000000298023224,1.0
369,1198.0,530.0,1018.0,False,False,0,stable_wrong,12.966796875,17.645898818969727,14.874712944030762,11.690051078796387,-3.184661865234375,19.8129940032959,5.498198509216309,73.00170135498047,25.030702590942383,0.3428783416748047,0.17953486740589142,17.865398406982422,0.0,1.0,9.532601356506348,18.481565475463867,10.940325736999512,8.73156452178955,-2.208761215209961,15.254685401916504,5.694904327392578,63.70978546142578,23.41128921508789,0.3674677014350891,0.06514398753643036,12.923819541931152,0.6000000238418579,1.0
370,320.0,320.0,320.0,True,True,0,stable_correct,13.594118118286133,20.08342742919922,16.455862045288086,10.754433631896973,-5.701428413391113,22.052919387817383,7.967347621917725,80.79508209228516,21.98892593383789,0.2721567451953888,0.26115867495536804,16.604351043701172,0.4000000059604645,1.0,8.032995223999023,19.82012176513672,11.76425552368164,4.96122407913208,-6.8030314445495605,13.695056915283203,7.9191460609436035,50.20659637451172,21.84707260131836,0.43514347076416016,0.2502344250679016,9.194098472595215,0.20000000298023224,1.0
371,50.0,50.0,50.0,True,True,0,stable_correct,13.083834648132324,16.759912490844727,15.604854583740234,10.851935386657715,-4.7529191970825195,20.650684356689453,3.7680630683898926,100.38470458984375,24.106651306152344,0.24014267325401306,-0.12118817865848541,18.10893440246582,0.20000000298023224,1.0,10.192388534545898,17.747129440307617,13.560107231140137,6.895881175994873,-6.664226055145264,17.068927764892578,5.174097061157227,81.22059631347656,22.168798446655273,0.2729455232620239,-0.3534015417098999,12.22998046875,0.4000000059604645,1.0
372,5.0,5.0,5.0,True,True,0,stable_correct,10.35693359375,19.307466506958008,12.845757484436035,7.808701038360596,-5.0370564460754395,16.442697525024414,5.7326250076293945,72.90546417236328,25.325023651123047,0.3473679721355438,0.07640688121318817,14.655861854553223,0.4000000059604645,1.0,6.8966450691223145,15.490925788879395,9.06014633178711,5.368296146392822,-3.691850185394287,11.080842971801758,5.854608535766602,41.346988677978516,19.341567993164062,0.46778661012649536,0.045107223093509674,8.678533554077148,0.20000000298023224,1.0
373,240000.0,240000.0,240000.0,True,True,0,stable_correct,12.987226486206055,17.56024742126465,15.865406036376953,9.949752807617188,-5.915653228759766,21.083274841308594,6.83561897277832,76.4886703491211,21.04629898071289,0.27515578269958496,0.19153337180614471,15.233183860778809,0.0,1.0,8.949085235595703,19.686336517333984,11.85858154296875,6.291768550872803,-5.566812992095947,14.966930389404297,7.058403491973877,56.98069381713867,21.37217903137207,0.3750775456428528,0.2550376355648041,10.952141761779785,0.20000000298023224,1.0
374,45.0,45.0,45.0,True,True,0,stable_correct,13.809399604797363,20.747575759887695,15.211390495300293,12.939778327941895,-2.2716121673583984,20.97214126586914,4.553046226501465,107.05906677246094,29.616689682006836,0.27663877606391907,-0.14442339539527893,21.39613151550293,0.20000000298023224,1.0,7.024139404296875,16.45719337463379,9.098716735839844,5.096724987030029,-4.0019917488098145,11.334463119506836,6.189731597900391,47.50545120239258,19.257911682128906,0.4053831994533539,-0.09171384572982788,9.378951072692871,0.20000000298023224,1.0
375,48.0,48.0,48.0,True,True,0,stable_correct,13.30736255645752,16.749399185180664,13.360152244567871,12.59795093536377,-0.7622013092041016,20.58344268798828,5.534007549285889,98.908203125,18.714733123779297,0.18921315670013428,0.0948532447218895,18.0848331451416,0.6000000238418579,1.0,6.466063022613525,15.588382720947266,9.062548637390137,4.307423114776611,-4.755125522613525,10.637030601501465,6.259222030639648,40.541107177734375,16.65997314453125,0.4109402596950531,0.2852109968662262,8.132650375366211,0.20000000298023224,1.0
376,15.0,15.0,15.0,True,True,0,stable_correct,13.188766479492188,18.53946304321289,16.163637161254883,10.760851860046387,-5.402785301208496,20.46170997619629,5.127005577087402,88.66667175292969,28.482635498046875,0.32123270630836487,-0.09261249005794525,18.570894241333008,0.0,1.0,8.848257064819336,17.937450408935547,11.45138168334961,6.045236110687256,-5.4061455726623535,14.792238235473633,5.67958927154541,64.61862182617188,21.989330291748047,0.3402940034866333,-0.26213303208351135,10.402504920959473,0.20000000298023224,1.0
377,50.0,50.0,60.0,True,False,-1,regressed,12.26170825958252,18.230239868164062,15.817303657531738,8.48230266571045,-7.335000991821289,20.23113250732422,4.516299724578857,96.17552947998047,23.890758514404297,0.24840787053108215,-0.1621207296848297,15.345442771911621,0.20000000298023224,1.0,7.5525994300842285,17.784557342529297,9.733842849731445,5.402696132659912,-4.331146717071533,12.206795692443848,6.6934943199157715,47.04117202758789,21.635292053222656,0.4599224627017975,0.21216018497943878,9.913299560546875,0.4000000059604645,1.0
378,15.0,15.0,15.0,True,True,0,stable_correct,13.713738441467285,21.240137100219727,16.253965377807617,11.521209716796875,-4.732755661010742,21.429546356201172,5.217373847961426,96.65972900390625,29.34795570373535,0.3036213219165802,-0.0359380766749382,19.331762313842773,0.20000000298023224,1.0,8.153844833374023,17.80030632019043,12.373443603515625,4.721684455871582,-7.651759147644043,13.599515914916992,6.720616340637207,57.19061279296875,21.71819305419922,0.3797509968280792,-0.0031808256171643734,9.898540496826172,0.20000000298023224,1.0
379,21.0,21.0,21.0,True,True,0,stable_correct,15.406270027160645,19.316204071044922,16.581510543823242,13.41592025756836,-3.165590286254883,24.333980560302734,6.772304058074951,105.0232162475586,21.8494930267334,0.2080444097518921,0.18374934792518616,20.029298782348633,0.6000000238418579,1.0,8.36328411102295,18.600168228149414,12.075172424316406,5.60303258895874,-6.472139835357666,13.491966247558594,7.648163318634033,50.7122917175293,19.646493911743164,0.38741087913513184,0.3143625557422638,10.68900203704834,0.20000000298023224,1.0
380,803.0,819.0,673.0,False,False,0,stable_wrong,12.009812355041504,15.558839797973633,12.203837394714355,11.132107734680176,-1.0717296600341797,18.668798446655273,3.4297733306884766,99.37826538085938,24.68763542175293,0.24842087924480438,-0.10323977470397949,16.62749671936035,0.4000000059604645,1.0,8.849087715148926,19.73188018798828,11.787311553955078,6.222296237945557,-5.5650153160095215,14.749336242675781,7.163902759552002,60.596336364746094,21.890647888183594,0.36125364899635315,-0.11860315501689911,10.640048027038574,0.4000000059604645,1.0
381,67.0,67.0,67.0,True,True,0,stable_correct,14.661737442016602,22.7193660736084,16.9765625,12.69837474822998,-4.2781877517700195,22.76377296447754,5.264458179473877,116.33231353759766,30.279159545898438,0.26028159260749817,-0.2102331668138504,21.510026931762695,0.20000000298023224,1.0,9.841623306274414,18.897029876708984,12.032979011535645,8.029106140136719,-4.003872871398926,15.688837051391602,6.516544818878174,65.6900405883789,21.81244659423828,0.33205103874206543,-0.2755207419395447,12.801295280456543,0.20000000298023224,1.0
382,350.0,370.0,350.0,False,True,1,recovered,11.096402168273926,15.51837158203125,12.214508056640625,10.3900728225708,-1.8244352340698242,16.464052200317383,4.224239349365234,65.19339752197266,22.870262145996094,0.35080641508102417,0.24015864729881287,17.19838523864746,0.20000000298023224,1.0,8.056156158447266,17.573776245117188,9.598431587219238,7.144802093505859,-2.453629493713379,13.09981918334961,6.125102519989014,47.41265106201172,22.180166244506836,0.46781113743782043,0.11228493601083755,10.210573196411133,0.4000000059604645,1.0
383,2.0,18.0,18.0,False,False,0,stable_wrong,10.62998104095459,15.574337005615234,12.561806678771973,8.342533111572266,-4.219273567199707,16.940126419067383,4.109557151794434,76.54557800292969,19.814857482910156,0.25886350870132446,0.17868515849113464,14.323821067810059,0.4000000059604645,1.0,7.382009029388428,16.221466064453125,9.128242492675781,5.821948528289795,-3.3062939643859863,12.382193565368652,5.623717784881592,51.654388427734375,19.335546493530273,0.37432533502578735,-0.178100124001503,9.052718162536621,0.4000000059604645,1.0
384,32.0,80.0,30.0,False,False,0,stable_wrong,12.237205505371094,21.325590133666992,15.501605033874512,10.321568489074707,-5.180036544799805,18.555938720703125,6.566503047943115,72.00396728515625,32.39908218383789,0.44996246695518494,0.21231409907341003,18.470685958862305,0.0,1.0,7.023392677307129,18.882585525512695,9.322826385498047,5.201941013336182,-4.120885372161865,11.690312385559082,7.9111480712890625,42.64970779418945,21.277116775512695,0.4988807141780853,0.31938767433166504,8.190802574157715,0.6000000238418579,1.0
385,16.0,29.0,23.0,False,False,0,stable_wrong,10.23995304107666,15.191715240478516,12.055068969726562,8.599608421325684,-3.455460548400879,15.880213737487793,3.8898303508758545,63.6705322265625,21.255956649780273,0.333842933177948,0.20878514647483826,14.299296379089355,0.20000000298023224,1.0,8.569283485412598,19.057497024536133,11.476569175720215,6.342793941497803,-5.133775234222412,14.103289604187012,6.997704029083252,55.15617370605469,22.834028244018555,0.4139886200428009,-0.08612857013940811,10.090487480163574,0.20000000298023224,1.0
386,80.0,80.0,80.0,True,True,0,stable_correct,10.316375732421875,16.57931900024414,12.173504829406738,8.19157600402832,-3.981928825378418,16.675315856933594,4.221162796020508,87.2475814819336,22.897663116455078,0.2624446749687195,-0.21253368258476257,13.171483039855957,0.4000000059604645,1.0,6.819252014160156,18.789762496948242,9.68652057647705,4.7213568687438965,-4.965163707733154,11.330687522888184,8.109513282775879,42.675880432128906,20.387048721313477,0.4777182936668396,0.2643950879573822,8.065939903259277,0.4000000059604645,1.0
387,36.0,36.0,36.0,True,True,0,stable_correct,13.723572731018066,19.711061477661133,14.73184871673584,12.585506439208984,-2.1463422775268555,21.030332565307617,4.156857967376709,115.67085266113281,27.939477920532227,0.24154293537139893,-0.2308742105960846,20.234512329101562,0.4000000059604645,1.0,8.217329025268555,17.974851608276367,11.50106430053711,5.492830276489258,-6.008234024047852,13.669347763061523,6.427513599395752,54.00141525268555,20.86917495727539,0.38645607233047485,-0.060183726251125336,9.68131160736084,0.0,1.0
388,88.0,88.0,88.0,True,True,0,stable_correct,14.818791389465332,20.13211441040039,17.612394332885742,11.864729881286621,-5.747664451599121,23.97776222229004,7.856016159057617,91.90071105957031,23.37448501586914,0.25434499979019165,0.18006500601768494,18.161279678344727,0.4000000059604645,1.0,7.920890808105469,18.849843978881836,11.416975975036621,4.834416389465332,-6.582559585571289,13.40065860748291,7.246419429779053,49.24470520019531,20.988643646240234,0.4262111783027649,0.2868434488773346,9.22171688079834,0.20000000298023224,1.0
389,6.0,6.0,6.0,True,True,0,stable_correct,9.600964546203613,15.263426780700684,11.336554527282715,8.202532768249512,-3.134021759033203,15.307557106018066,3.7591967582702637,66.86121368408203,21.03622817993164,0.3146252930164337,0.07503663003444672,12.80496883392334,0.6000000238418579,1.0,8.027511596679688,17.215763092041016,10.354004859924316,5.746177673339844,-4.607827186584473,13.291483879089355,6.007260799407959,53.23802185058594,19.879499435424805,0.37340793013572693,0.07101430743932724,9.611348152160645,0.4000000059604645,1.0
390,12.0,12.0,12.0,True,True,0,stable_correct,13.61214542388916,20.040773391723633,15.972160339355469,10.897627830505371,-5.074532508850098,22.84503746032715,5.977053165435791,93.99551391601562,22.798601150512695,0.24254988133907318,0.1420893669128418,16.13811492919922,0.6000000238418579,1.0,8.310394287109375,21.04207420349121,12.012864112854004,5.2950358390808105,-6.717828273773193,13.739980697631836,8.679837226867676,50.10835266113281,24.0427188873291,0.4798145890235901,0.12179193645715714,9.494122505187988,0.20000000298023224,1.0
391,15.0,15.0,15.0,True,True,0,stable_correct,13.341360092163086,21.609281539916992,16.442054748535156,10.95498275756836,-5.487071990966797,21.096147537231445,5.488973617553711,95.03144836425781,29.532466888427734,0.31076520681381226,-0.05951676517724991,18.39592742919922,0.4000000059604645,1.0,9.782042503356934,20.346338272094727,11.323535919189453,8.320271492004395,-3.0032644271850586,16.147960662841797,6.800154685974121,69.65949249267578,23.356626510620117,0.3352971076965332,-0.0841091126203537,12.46178150177002,0.4000000059604645,1.0
392,34.0,42.0,28.0,False,False,0,stable_wrong,11.774910926818848,16.019363403320312,12.70678424835205,11.248730659484863,-1.4580535888671875,17.903636932373047,4.556277275085449,72.16959381103516,23.612104415893555,0.32717522978782654,0.15551146864891052,17.119892120361328,0.0,1.0,7.505224704742432,16.633861541748047,9.534713745117188,5.166782855987549,-4.367930889129639,12.594457626342773,5.779354572296143,49.29534149169922,19.627912521362305,0.39816972613334656,-0.0034268461167812347,8.908553123474121,0.20000000298023224,1.0
393,20.0,20.0,26.67,True,False,-1,regressed,9.85120964050293,16.60096549987793,11.94653606414795,8.451385498046875,-3.495150566101074,15.45777702331543,5.031406879425049,62.722572326660156,22.62503433227539,0.36071598529815674,0.06142300367355347,13.650540351867676,0.20000000298023224,1.0,9.335331916809082,19.290102005004883,12.520268440246582,6.851327419281006,-5.668941020965576,15.333881378173828,6.55642557144165,61.47047805786133,23.505342483520508,0.3823842406272888,0.029753420501947403,11.447789192199707,0.20000000298023224,1.0
394,92.0,92.0,92.0,True,True,0,stable_correct,13.589360237121582,20.111724853515625,15.555354118347168,11.254796028137207,-4.300558090209961,21.415016174316406,4.427687644958496,109.20758056640625,29.236661911010742,0.2677164077758789,-0.11810972541570663,18.832576751708984,0.20000000298023224,1.0,8.216229438781738,17.830726623535156,10.469780921936035,5.825601100921631,-4.644179821014404,13.564772605895996,6.417599678039551,56.52742385864258,19.782155990600586,0.34995678067207336,0.06266822665929794,10.269808769226074,0.4000000059604645,1.0
395,38.0,20.0,54.0,False,False,0,stable_wrong,12.33513069152832,20.628032684326172,15.689387321472168,9.940177917480469,-5.749209403991699,20.08425521850586,5.5602288246154785,83.93693542480469,26.029909133911133,0.31011268496513367,0.0030648827087134123,15.533537864685059,0.0,1.0,9.663397789001465,19.703052520751953,12.253593444824219,7.628890514373779,-4.6247029304504395,15.735814094543457,6.540563106536865,62.337791442871094,23.895854949951172,0.38332855701446533,0.028312528505921364,12.262749671936035,0.0,1.0
396,3.0,3.0,5.0,True,False,-1,regressed,12.95116901397705,17.17611312866211,15.546931266784668,10.998896598815918,-4.54803466796875,20.54769515991211,4.369874477386475,95.82070922851562,21.181760787963867,0.22105619311332703,-0.09375257790088654,17.58303451538086,0.4000000059604645,1.0,9.760886192321777,19.396011352539062,13.874798774719238,6.649233341217041,-7.225565433502197,16.356000900268555,6.597712516784668,66.36553955078125,23.58938980102539,0.35544636845588684,-0.1857767403125763,10.982002258300781,0.4000000059604645,1.0
397,25.0,25.0,25.0,True,True,0,stable_correct,16.17658805847168,22.66730499267578,19.749074935913086,13.924769401550293,-5.824305534362793,24.987403869628906,9.472918510437012,79.21305847167969,31.990142822265625,0.40384936332702637,0.27478843927383423,18.998199462890625,0.0,1.0,7.683769702911377,18.2076358795166,11.494244575500488,4.59263801574707,-6.901606559753418,12.840892791748047,7.211808681488037,47.520416259765625,20.765121459960938,0.43697264790534973,0.3697888255119324,9.087821006774902,0.20000000298023224,1.0
398,168.0,168.0,168.0,True,True,0,stable_correct,13.34135913848877,18.966524124145508,16.277782440185547,11.6121826171875,-4.665599822998047,21.166173934936523,4.865785121917725,99.9782485961914,26.410715103149414,0.26416459679603577,-0.15785646438598633,18.523433685302734,0.20000000298023224,1.0,9.653709411621094,16.330162048339844,12.503128051757812,7.196226119995117,-5.306901931762695,15.723322868347168,4.936316013336182,69.61241912841797,20.066139221191406,0.28825515508651733,-0.17065945267677307,12.003373146057129,0.4000000059604645,1.0
399,12.0,12.0,7.0,True,False,-1,regressed,13.274321556091309,16.24576759338379,14.227992057800293,12.233471870422363,-1.9945201873779297,20.37531280517578,3.5200235843658447,92.30500030517578,26.729272842407227,0.28957557678222656,-0.009074054658412933,19.07905387878418,0.20000000298023224,1.0,6.973209857940674,17.702791213989258,9.482993125915527,4.911736011505127,-4.5712571144104,11.419005393981934,7.123729228973389,43.617286682128906,20.966995239257812,0.48070380091667175,0.1283712089061737,8.349102020263672,0.20000000298023224,1.0
400,48.0,48.0,48.0,True,True,0,stable_correct,13.536904335021973,19.9014892578125,15.743491172790527,10.552726745605469,-5.190764427185059,22.347829818725586,7.054859638214111,90.54781341552734,21.996341705322266,0.24292515218257904,0.16888220608234406,16.507017135620117,0.4000000059604645,1.0,7.876827239990234,17.872499465942383,11.426216125488281,4.962740421295166,-6.463475704193115,13.1055908203125,7.140270233154297,49.01255798339844,19.27269172668457,0.3932194709777832,0.26843541860580444,9.353198051452637,0.20000000298023224,1.0
401,14400.0,14400.0,14400.0,True,True,0,stable_correct,12.46906852722168,20.228485107421875,13.700190544128418,11.85595417022705,-1.8442363739013672,19.573427200317383,5.032409191131592,94.81038665771484,27.03667449951172,0.2851657569408417,-0.12279041111469269,17.611696243286133,0.4000000059604645,1.0,9.156442642211914,17.253515243530273,10.193443298339844,8.050032615661621,-2.1434106826782227,14.542959213256836,6.168164253234863,58.28064727783203,19.617538452148438,0.33660468459129333,0.1213860884308815,11.709969520568848,0.4000000059604645,1.0
402,4.0,2.0,3.0,False,False,0,stable_wrong,11.716764450073242,17.482547760009766,13.531039237976074,10.06906509399414,-3.4619741439819336,18.833621978759766,3.9416472911834717,91.64398956298828,23.21077537536621,0.25327110290527344,-0.07022929191589355,15.2791748046875,0.6000000238418579,1.0,7.209870338439941,15.03329086303711,7.889383792877197,7.13632345199585,-0.7530603408813477,11.48511791229248,5.438192367553711,45.45827865600586,18.973724365234375,0.4173876643180847,0.10444160550832748,10.059521675109863,0.4000000059604645,1.0
403,81.0,135.0,162.0,False,False,0,stable_wrong,11.120823860168457,17.60274887084961,14.741249084472656,8.3172025680542,-6.424046516418457,18.113815307617188,5.409557819366455,82.12579345703125,22.23052406311035,0.2706886827945709,-0.14383038878440857,14.065475463867188,0.4000000059604645,1.0,6.37662410736084,14.285245895385742,7.891634464263916,5.046154499053955,-2.845479965209961,10.488839149475098,5.191073894500732,44.0606689453125,16.525619506835938,0.3750651180744171,-0.011212575249373913,8.02020263671875,0.6000000238418579,1.0
404,22.0,26.0,29.0,False,False,0,stable_wrong,13.203280448913574,18.83475112915039,15.718718528747559,10.991442680358887,-4.727275848388672,20.841907501220703,4.524487495422363,94.45341491699219,25.652132034301758,0.27158501744270325,-0.004093596246093512,18.198043823242188,0.20000000298023224,1.0,9.014662742614746,17.998205184936523,11.654374122619629,6.853598117828369,-4.80077600479126,14.732784271240234,6.051816940307617,57.518306732177734,21.49136734008789,0.3736439645290375,0.12555864453315735,11.188652038574219,0.4000000059604645,1.0
405,50.0,50.0,50.0,True,True,0,stable_correct,11.551554679870605,20.65038299560547,13.621971130371094,10.004181861877441,-3.6177892684936523,18.467592239379883,5.743485927581787,86.83753967285156,25.99298095703125,0.29932886362075806,0.007153538055717945,15.50413990020752,0.4000000059604645,1.0,8.187507629394531,21.32801055908203,11.219651222229004,5.7472710609436035,-5.4723801612854,13.585833549499512,8.752341270446777,56.21257400512695,23.466562271118164,0.417461097240448,-0.03906325250864029,10.089048385620117,0.4000000059604645,1.0
406,200.0,160.0,160.0,False,False,0,stable_wrong,10.155518531799316,17.125347137451172,12.777374267578125,8.013412475585938,-4.7639617919921875,16.618322372436523,4.604409694671631,72.15452575683594,21.384187698364258,0.29636654257774353,-0.00760264415293932,12.893733024597168,0.20000000298023224,1.0,7.509131908416748,16.202537536621094,9.465740203857422,6.123415470123291,-3.342324733734131,11.870340347290039,5.619891166687012,48.6723747253418,20.283348083496094,0.4167322516441345,-0.02591880038380623,10.50081729888916,0.4000000059604645,1.0
407,2000.0,4000.0,3000.0,False,False,0,stable_wrong,11.64481258392334,16.870250701904297,12.37569808959961,10.511761665344238,-1.863936424255371,18.36967658996582,3.5309038162231445,95.28612518310547,23.353931427001953,0.24509267508983612,-0.17088158428668976,16.35490608215332,0.4000000059604645,1.0,8.124385833740234,17.682144165039062,10.21052360534668,6.0585503578186035,-4.151973247528076,13.431313514709473,6.401065349578857,53.54388427734375,19.052494049072266,0.35582950711250305,0.11143829673528671,10.15661334991455,0.20000000298023224,1.0
408,20.0,20.0,20.0,True,True,0,stable_correct,12.27131462097168,17.229616165161133,13.931849479675293,10.96341323852539,-2.9684362411499023,18.942127227783203,3.9126830101013184,90.20874786376953,24.574787139892578,0.27242133021354675,0.0016665920848026872,17.853357315063477,0.4000000059604645,1.0,10.497673988342285,18.095794677734375,12.999079704284668,7.580145359039307,-5.418934345245361,17.154314041137695,5.75870943069458,80.12154388427734,20.537748336791992,0.2563323974609375,-0.22704792022705078,13.282119750976562,0.4000000059604645,1.0
409,168000.0,360000.0,33000.0,False,False,0,stable_wrong,10.447070121765137,17.789634704589844,13.200730323791504,8.030409812927246,-5.170320510864258,16.74349021911621,4.887466907501221,69.95947265625,23.059324264526367,0.329609751701355,0.04411854222416878,13.406189918518066,0.20000000298023224,1.0,10.804815292358398,16.453472137451172,12.499987602233887,9.081088066101074,-3.4188995361328125,17.407325744628906,4.656707286834717,82.98318481445312,22.838653564453125,0.27522024512290955,-0.17132170498371124,13.997367858886719,0.20000000298023224,1.0
410,3.0,4.0,5.0,False,False,0,stable_wrong,11.179671287536621,14.25012493133545,12.277778625488281,10.685053825378418,-1.5927248001098633,17.262521743774414,3.572597026824951,70.93428039550781,19.303693771362305,0.2721349000930786,0.04747113585472107,15.606021881103516,0.20000000298023224,1.0,8.653216361999512,18.596691131591797,10.720558166503906,6.601212978363037,-4.119345188140869,14.434471130371094,6.2791900634765625,55.269981384277344,22.935535430908203,0.414972722530365,-0.08452514559030533,10.071967124938965,0.0,1.0
411,1110.0,1110.0,1110.0,True,True,0,stable_correct,11.949070930480957,18.73984146118164,14.44910717010498,10.29710865020752,-4.151998519897461,18.70929527282715,5.032013416290283,80.53338623046875,26.42778968811035,0.3281594216823578,-0.1207844465970993,16.625164031982422,0.0,1.0,10.037345886230469,18.67786979675293,12.740036010742188,7.7236504554748535,-5.016385555267334,16.677120208740234,5.279718399047852,78.13458251953125,22.032846450805664,0.2819858491420746,-0.2459523230791092,12.585049629211426,0.4000000059604645,1.0
412,5.0,5.0,5.0,True,True,0,stable_correct,13.269632339477539,20.643741607666016,16.719554901123047,10.320820808410645,-6.398734092712402,21.52277183532715,7.044895172119141,77.9332504272461,25.441545486450195,0.3264530301094055,0.22930145263671875,15.78685474395752,0.0,1.0,7.420989036560059,17.534748077392578,10.483847618103027,4.163731575012207,-6.32011604309082,12.608524322509766,6.755484104156494,47.24746322631836,18.929241180419922,0.4006403684616089,0.1830480992794037,8.593419075012207,0.20000000298023224,1.0
413,25.0,2499.0,2500.0,False,True,1,recovered,9.939644813537598,16.91642951965332,12.051116943359375,7.514610290527344,-4.536506652832031,16.434404373168945,4.322301387786865,75.27997589111328,21.595035552978516,0.28686293959617615,0.0008952677017077804,12.219372749328613,0.4000000059604645,1.0,7.501084327697754,16.910097122192383,9.0121431350708,5.671783447265625,-3.340359687805176,12.127161026000977,6.328892230987549,45.364723205566406,19.05107879638672,0.4199535846710205,0.16697612404823303,10.001914024353027,0.4000000059604645,1.0
414,56.0,56.0,56.0,True,True,0,stable_correct,11.60629940032959,16.532621383666992,13.362346649169922,8.970970153808594,-4.391376495361328,18.955116271972656,4.997603416442871,84.86688232421875,20.720993041992188,0.2441587597131729,0.05367546156048775,14.666854858398438,0.20000000298023224,1.0,8.522294998168945,17.83929443359375,10.716290473937988,6.554421901702881,-4.161868572235107,14.086017608642578,6.01436185836792,57.31743621826172,20.85607147216797,0.3638695776462555,0.004774617962539196,10.403302192687988,0.4000000059604645,1.0
415,350.0,365.0,305.0,False,False,0,stable_wrong,11.865860939025879,17.51884651184082,13.727221488952637,10.328414916992188,-3.398806571960449,18.937938690185547,4.600266933441162,79.62753295898438,21.411224365234375,0.26889222860336304,-0.02113943174481392,15.49531078338623,0.0,1.0,10.15778923034668,18.42923927307129,11.937167167663574,8.380864143371582,-3.556303024291992,16.604442596435547,5.501147747039795,66.10045623779297,23.950420379638672,0.36233365535736084,-0.16627717018127441,12.194666862487793,0.20000000298023224,1.0
416,56.0,304.0,92.0,False,False,0,stable_wrong,10.660989761352539,18.109886169433594,13.608184814453125,7.558953762054443,-6.049231052398682,17.90549659729004,4.7883148193359375,80.42464447021484,20.768762588500977,0.2582387924194336,-0.03189746290445328,12.883105278015137,0.20000000298023224,1.0,7.27920389175415,18.393247604370117,9.08825397491455,6.142733097076416,-2.9455208778381348,11.806830406188965,7.483524799346924,42.86768341064453,21.262266159057617,0.4959975481033325,0.23579350113868713,9.44404411315918,0.6000000238418579,1.0
417,3140.0,1480.0,2240.0,False,False,0,stable_wrong,13.512656211853027,19.55732536315918,17.359392166137695,10.242582321166992,-7.116809844970703,21.691574096679688,5.6596999168396,98.05232238769531,25.179738998413086,0.25679901242256165,-0.1281358152627945,17.829885482788086,0.4000000059604645,1.0,9.349920272827148,16.66193962097168,11.468025207519531,7.419287204742432,-4.0487380027771,15.353643417358398,5.003284931182861,71.98573303222656,19.07239532470703,0.2649468779563904,-0.2551674246788025,11.527667045593262,0.4000000059604645,1.0
418,40.0,40.0,40.0,True,True,0,stable_correct,13.37005615234375,20.26458168029785,15.226256370544434,10.163516998291016,-5.062739372253418,21.997270584106445,6.575794219970703,96.27696228027344,24.756715774536133,0.2571406066417694,0.1193266361951828,16.125303268432617,0.20000000298023224,1.0,8.073244094848633,19.06817626953125,11.884956359863281,5.15421724319458,-6.730739116668701,13.722573280334473,7.619592189788818,52.51070785522461,21.237794876098633,0.40444692969322205,0.1994325816631317,9.254714965820312,0.20000000298023224,1.0
419,3000.0,3000.0,3000.0,True,True,0,stable_correct,13.548413276672363,19.714263916015625,16.69255828857422,10.490204811096191,-6.202353477478027,22.15123176574707,7.316654682159424,81.36848449707031,21.311004638671875,0.2619073688983917,0.2546617388725281,16.08689308166504,0.0,1.0,7.813740253448486,17.4609375,10.352469444274902,5.308450222015381,-5.0440192222595215,12.970595359802246,6.735151767730713,48.45281219482422,18.27526092529297,0.3771764636039734,0.29314616322517395,9.740211486816406,0.20000000298023224,1.0
420,17000.0,17000.0,17000.0,True,True,0,stable_correct,12.978219032287598,19.26432991027832,12.571700096130371,11.28936767578125,-1.282332420349121,20.3551025390625,5.6435866355896,110.9486083984375,26.45046615600586,0.238402858376503,-0.0906018391251564,17.932758331298828,0.4000000059604645,1.0,8.598028182983398,17.15386962890625,11.522358894348145,5.777612209320068,-5.744746685028076,14.069295883178711,6.273725986480713,57.67863845825195,18.942916870117188,0.3284217119216919,0.16586649417877197,10.764148712158203,0.20000000298023224,1.0
421,12.0,12.0,12.0,True,True,0,stable_correct,14.788835525512695,18.808460235595703,17.021175384521484,12.93008041381836,-4.091094970703125,23.35378074645996,3.9798898696899414,132.3305206298828,26.520708084106445,0.20041263103485107,-0.29599541425704956,19.759023666381836,0.4000000059604645,1.0,9.53789234161377,17.710586547851562,13.096000671386719,6.171586990356445,-6.924413681030273,15.729185104370117,5.656207084655762,78.70539093017578,22.332035064697266,0.28374212980270386,-0.4336629807949066,11.994921684265137,0.6000000238418579,1.0
422,284.0,240.0,240.0,False,False,0,stable_wrong,10.465829849243164,16.014196395874023,13.563471794128418,8.324834823608398,-5.2386369705200195,16.844314575195312,4.574952602386475,69.20313262939453,18.78844451904297,0.2714970111846924,0.004655525088310242,13.444537162780762,0.20000000298023224,1.0,8.832348823547363,18.369033813476562,9.790181159973145,8.172842979431152,-1.6173381805419922,13.300790786743164,6.569350719451904,58.06632995605469,23.580596923828125,0.4060975909233093,-0.04528685659170151,14.308006286621094,0.4000000059604645,1.0
423,8.0,12.0,2.0,False,False,0,stable_wrong,8.294317245483398,13.681109428405762,10.42159366607666,6.626689910888672,-3.7949037551879883,13.140947341918945,4.090006351470947,47.9130973815918,17.863710403442383,0.372835636138916,0.28923672437667847,10.59611701965332,0.0,1.0,9.20387077331543,18.324602127075195,12.526381492614746,6.64272928237915,-5.883652210235596,15.15456485748291,6.403596878051758,60.85966873168945,21.454790115356445,0.3525288701057434,0.023041781038045883,11.224185943603516,0.0,1.0
424,570.0,570.0,570.0,True,True,0,stable_correct,14.036322593688965,20.309534072875977,17.268211364746094,11.156631469726562,-6.111579895019531,21.844064712524414,5.158395767211914,101.44467163085938,27.53026008605957,0.27138203382492065,-0.1447973996400833,20.385900497436523,0.20000000298023224,1.0,9.380556106567383,17.157455444335938,11.95663070678711,7.240840435028076,-4.715790271759033,15.084620475769043,5.3852338790893555,58.9150505065918,20.55962371826172,0.3489706516265869,-0.23815889656543732,11.712008476257324,0.4000000059604645,1.0
425,150.0,180.0,180.0,False,False,0,stable_wrong,11.506277084350586,18.099727630615234,14.609705924987793,8.903745651245117,-5.705960273742676,19.0100154876709,4.850466251373291,82.42266845703125,20.761547088623047,0.25189122557640076,0.07203569263219833,14.240832328796387,0.0,1.0,6.21258020401001,14.859895706176758,7.8971076011657715,4.791361331939697,-3.105746269226074,10.213194847106934,5.460525989532471,40.98162078857422,18.357500076293945,0.447944700717926,-0.06427518278360367,7.796077728271484,0.20000000298023224,1.0
426,11.0,11.0,11.0,True,True,0,stable_correct,12.249887466430664,20.22438621520996,15.365069389343262,9.368687629699707,-5.996381759643555,19.528690338134766,5.2995147705078125,85.91716766357422,27.62236785888672,0.3214999735355377,-0.029740799218416214,16.586572647094727,0.20000000298023224,1.0,9.094412803649902,19.074783325195312,11.546490669250488,7.408743381500244,-4.137747287750244,14.900848388671875,6.239154815673828,63.55628204345703,23.215002059936523,0.3652668297290802,-0.12265267223119736,11.535330772399902,0.4000000059604645,1.0
427,150.0,83.0,100.0,False,False,0,stable_wrong,11.93725872039795,19.761274337768555,14.77611255645752,9.390449523925781,-5.385663032531738,19.18706703186035,4.970803260803223,84.90064239501953,26.506629943847656,0.3122076392173767,0.04855666309595108,15.81394100189209,0.20000000298023224,1.0,8.459637641906738,19.813396453857422,11.871455192565918,5.950562000274658,-5.92089319229126,14.140875816345215,7.144333362579346,55.3133544921875,23.77978515625,0.4299103915691376,0.07669612020254135,10.036666870117188,0.0,1.0
428,26.0,6.0,0.0,False,False,0,stable_wrong,9.653602600097656,17.496665954589844,12.283279418945312,7.436187267303467,-4.847092151641846,16.117122650146484,5.050036907196045,68.10391998291016,21.364259719848633,0.3137008845806122,0.0003151923301629722,11.621289253234863,0.4000000059604645,1.0,9.071573257446289,16.85922622680664,10.596599578857422,7.554548740386963,-3.042050838470459,14.498820304870605,5.702081680297852,61.357913970947266,17.97454833984375,0.29294589161872864,-0.005112455226480961,11.804535865783691,0.4000000059604645,1.0
429,13.0,13.0,13.0,True,True,0,stable_correct,13.138555526733398,18.130020141601562,14.726975440979004,11.557029724121094,-3.16994571685791,20.141590118408203,3.8132166862487793,94.3774642944336,26.811132431030273,0.2840840518474579,0.022256333380937576,19.489660263061523,0.20000000298023224,1.0,7.601382732391357,17.37167739868164,10.184945106506348,5.263683319091797,-4.921261787414551,12.667576789855957,6.260610103607178,53.31685256958008,21.14960479736328,0.3966776728630066,-0.07957504689693451,9.208070755004883,0.20000000298023224,1.0
430,132.0,132.0,132.0,True,True,0,stable_correct,13.536462783813477,18.052331924438477,15.407161712646484,12.057659149169922,-3.3495025634765625,21.270893096923828,3.783808469772339,105.21979522705078,25.00214958190918,0.2376183122396469,-0.20865130424499512,18.895984649658203,0.20000000298023224,1.0,11.192939758300781,19.838972091674805,14.941445350646973,8.537249565124512,-6.404195785522461,17.796398162841797,6.662965297698975,89.6103515625,24.313819885253906,0.27132824063301086,-0.3698912262916565,15.272732734680176,0.4000000059604645,1.0
431,1.0,1.0,1.0,True,True,0,stable_correct,11.68653678894043,18.433347702026367,13.086499214172363,11.842259407043457,-1.2442398071289062,16.851594924926758,5.093389511108398,83.99032592773438,28.198278427124023,0.33573246002197266,-0.1212063878774643,21.01592445373535,0.20000000298023224,1.0,8.27088451385498,17.53431510925293,10.63344669342041,6.619028091430664,-4.014418601989746,13.55651569366455,6.213351249694824,51.25212860107422,21.455766677856445,0.41863173246383667,0.02091198042035103,9.928893089294434,0.20000000298023224,1.0
432,30.0,30.0,30.0,True,True,0,stable_correct,13.143442153930664,19.2246150970459,14.815226554870605,10.799254417419434,-4.015972137451172,20.591943740844727,4.162896156311035,104.9722671508789,28.12115478515625,0.2678912878036499,-0.14783182740211487,18.672300338745117,0.20000000298023224,1.0,9.007471084594727,17.407215118408203,12.56075382232666,5.702499866485596,-6.8582539558410645,14.835397720336914,6.038570404052734,62.32636260986328,19.936988830566406,0.31988051533699036,0.03686092048883438,11.20783519744873,0.4000000059604645,1.0
433,6.0,3.0,0.75,False,False,0,stable_wrong,13.692606925964355,18.806306838989258,15.778910636901855,11.582310676574707,-4.196599960327148,21.48141860961914,3.854477882385254,107.74432373046875,27.69194984436035,0.2570154070854187,-0.10018916428089142,19.2265625,0.4000000059604645,1.0,7.762619972229004,19.98436737060547,10.144211769104004,5.532049655914307,-4.612162113189697,12.87814998626709,7.936563491821289,50.75765609741211,23.522411346435547,0.463425874710083,0.08583026379346848,9.63623332977295,0.4000000059604645,1.0
434,5.0,6.0,5.0,False,True,1,recovered,9.981167793273926,15.60614013671875,12.037419319152832,8.61072063446045,-3.426698684692383,16.042213439941406,3.994319200515747,72.95606994628906,18.936410903930664,0.25955909490585327,-0.09227047115564346,13.326835632324219,0.20000000298023224,1.0,9.144078254699707,16.9302921295166,12.047660827636719,7.185499668121338,-4.862161159515381,15.13261604309082,5.232066631317139,66.9404296875,20.544736862182617,0.30691075325012207,-0.1217477098107338,11.245330810546875,0.20000000298023224,1.0
435,5.0,5.0,5.0,True,True,0,stable_correct,15.637544631958008,21.682680130004883,19.022384643554688,12.848244667053223,-6.174139976501465,24.918212890625,9.412737846374512,87.52233123779297,26.114212036132812,0.2983720004558563,0.247185617685318,18.704259872436523,0.20000000298023224,1.0,7.760490417480469,17.768964767456055,11.468056678771973,4.815250396728516,-6.652806282043457,12.867486000061035,7.268170356750488,45.92808532714844,19.02623748779297,0.41426149010658264,0.32213273644447327,8.974607467651367,0.20000000298023224,1.0
436,15.0,10.0,15.0,False,True,1,recovered,11.732786178588867,18.015357971191406,14.271817207336426,9.786707878112793,-4.485109329223633,19.048330307006836,4.551631927490234,81.20854187011719,23.36859130859375,0.28776025772094727,-0.023174386471509933,14.845016479492188,0.0,1.0,7.498459339141846,17.97640609741211,9.391092300415039,6.192869186401367,-3.198223114013672,12.241470336914062,6.983743667602539,50.62757873535156,20.129051208496094,0.39759063720703125,-0.013455355539917946,9.81930160522461,0.20000000298023224,1.0
437,7.0,8.0,8.0,False,False,0,stable_wrong,10.660329818725586,15.758493423461914,13.999767303466797,7.263789653778076,-6.735977649688721,17.62134552001953,4.616723537445068,70.60555267333984,19.295204162597656,0.27328169345855713,0.009772260673344135,12.445561408996582,0.0,1.0,8.865416526794434,19.12043571472168,11.168007850646973,6.991183757781982,-4.17682409286499,14.630228042602539,6.850440502166748,58.75128936767578,21.339073181152344,0.3632102906703949,0.07766257226467133,11.031506538391113,0.4000000059604645,1.0
438,2.0,2.0,2.0,True,True,0,stable_correct,11.122801780700684,16.558799743652344,12.26308536529541,10.338088989257812,-1.9249963760375977,17.84695053100586,3.6478710174560547,82.68901062011719,22.326679229736328,0.27000781893730164,-0.039688024669885635,14.627120971679688,0.20000000298023224,1.0,8.930689811706543,17.463441848754883,10.88060474395752,7.730523586273193,-3.150081157684326,14.781375885009766,5.582400321960449,60.190406799316406,21.801555633544922,0.3622097969055176,0.007269156165421009,11.050929069519043,0.4000000059604645,1.0
439,17.0,11.0,15.0,False,False,0,stable_wrong,11.508682250976562,18.124004364013672,14.791203498840332,7.622737884521484,-7.168465614318848,18.972196578979492,5.064386367797852,84.60674285888672,23.96432113647461,0.2832436263561249,0.011881371960043907,14.523184776306152,0.20000000298023224,1.0,9.292176246643066,19.843326568603516,13.201342582702637,5.605774402618408,-7.5955681800842285,15.562652587890625,7.435789108276367,62.45956039428711,21.832157135009766,0.34954068064689636,0.09265780448913574,11.151130676269531,0.0,1.0
440,98.0,28.26,18.0,False,False,0,stable_wrong,11.791486740112305,17.658782958984375,14.610950469970703,8.720183372497559,-5.8907670974731445,19.069807052612305,4.605149269104004,86.97906494140625,23.19940185546875,0.26672396063804626,0.004641699604690075,15.38025951385498,0.20000000298023224,1.0,6.671627998352051,18.393911361694336,9.395186424255371,4.381486892700195,-5.013699531555176,11.01258373260498,7.900799751281738,39.955101013183594,20.495590209960938,0.5129655599594116,0.2027757614850998,7.786476135253906,0.20000000298023224,1.0
441,80.0,60.0,80.0,False,True,1,recovered,13.333157539367676,18.071025848388672,15.111903190612793,11.383198738098145,-3.7287044525146484,21.034515380859375,4.2789177894592285,92.19857025146484,21.723268508911133,0.23561394214630127,0.02270418405532837,18.16763687133789,0.4000000059604645,1.0,8.449318885803223,21.638893127441406,10.614167213439941,7.134946346282959,-3.4792208671569824,14.021071434020996,8.270689964294434,54.135536193847656,26.977054595947266,0.49832433462142944,-0.19892378151416779,10.321366310119629,0.20000000298023224,1.0
442,49.0,43.0,43.0,False,False,0,stable_wrong,12.8344144821167,19.575002670288086,17.286624908447266,8.887116432189941,-8.399508476257324,20.778871536254883,6.179310321807861,91.79467010498047,25.89224624633789,0.2820670008659363,-0.048920877277851105,16.652896881103516,0.20000000298023224,1.0,10.490873336791992,16.627038955688477,13.430830955505371,8.266274452209473,-5.164556503295898,16.64908790588379,5.199819087982178,78.75469207763672,21.131336212158203,0.26831844449043274,-0.31513649225234985,13.527665138244629,0.20000000298023224,1.0
443,59.0,71.0,9.0,False,False,0,stable_wrong,11.401983261108398,18.19656753540039,13.493134498596191,9.696534156799316,-3.796600341796875,17.88549041748047,4.939425945281982,73.93586730957031,24.03960418701172,0.3251413106918335,0.07432757318019867,15.75725269317627,0.0,1.0,8.696281433105469,20.866804122924805,11.548789024353027,6.7478461265563965,-4.800942897796631,14.214410781860352,7.91876745223999,50.65801239013672,25.590290069580078,0.5051578283309937,0.06363347917795181,10.376155853271484,0.0,1.0
444,20.0,20.0,20.0,True,True,0,stable_correct,13.486000061035156,17.988201141357422,14.276822090148926,12.737631797790527,-1.5391902923583984,20.348995208740234,3.0309324264526367,105.22152709960938,27.572208404541016,0.2620396018028259,-0.1544732302427292,20.893142700195312,0.4000000059604645,1.0,9.212740898132324,20.059383392333984,12.14526081085205,6.394495487213135,-5.750765323638916,15.04763412475586,7.166127681732178,60.40628433227539,23.67034912109375,0.3918524384498596,0.17272602021694183,11.769816398620605,0.4000000059604645,1.0
445,6.0,10.0,12.0,False,False,0,stable_wrong,10.583970069885254,17.363006591796875,12.624042510986328,8.70977783203125,-3.914264678955078,17.251541137695312,4.28189754486084,73.86701202392578,22.685089111328125,0.30710718035697937,0.05060224607586861,13.361454963684082,0.20000000298023224,1.0,7.677650451660156,15.136751174926758,9.265876770019531,6.301074981689453,-2.964801788330078,12.331280708312988,4.933803081512451,50.535221099853516,18.66838264465332,0.369413286447525,0.11939525604248047,9.91826343536377,0.4000000059604645,1.0
446,2.0,10.0,10.0,False,False,0,stable_wrong,13.814359664916992,18.947254180908203,15.633849143981934,12.836166381835938,-2.797682762145996,21.0264835357666,4.144047737121582,111.1856918334961,25.93390655517578,0.23324859142303467,-0.19959381222724915,21.127365112304688,0.4000000059604645,1.0,10.601496696472168,18.979665756225586,13.113787651062012,8.060190200805664,-5.053597450256348,17.48719596862793,5.694738388061523,81.38848876953125,21.981191635131836,0.2700774073600769,-0.22859421372413635,13.172593116760254,0.4000000059604645,1.0
447,5.0,14.0,15.0,False,False,0,stable_wrong,10.051902770996094,15.487154006958008,12.508811950683594,7.87216329574585,-4.636648654937744,16.23784637451172,3.623439073562622,72.0875015258789,22.325965881347656,0.3097064793109894,-0.16707538068294525,12.796525001525879,0.20000000298023224,1.0,7.911973476409912,18.625839233398438,11.297306060791016,5.137068271636963,-6.160237789154053,13.325705528259277,6.910635471343994,51.396751403808594,21.410371780395508,0.4165705144405365,0.0783664733171463,9.160016059875488,0.0,1.0
448,539.0,249.0,345.0,False,False,0,stable_wrong,13.723047256469727,17.539989471435547,16.51116371154785,11.108123779296875,-5.403039932250977,21.96165657043457,4.007754325866699,105.0652084350586,22.746307373046875,0.2164970487356186,-0.22955402731895447,18.252586364746094,0.4000000059604645,1.0,10.672038078308105,18.555044174194336,13.467328071594238,7.873744964599609,-5.593583106994629,17.265317916870117,6.0679450035095215,76.26158905029297,23.219087600708008,0.3044663369655609,-0.3139744997024536,13.278380393981934,0.4000000059604645,1.0
449,112.0,112.0,112.0,True,True,0,stable_correct,13.266270637512207,19.454599380493164,14.63145923614502,12.5905179977417,-2.0409412384033203,20.341951370239258,4.291347980499268,108.4706039428711,26.575651168823242,0.24500325322151184,-0.2131604701280594,20.02677345275879,0.4000000059604645,1.0,8.285568237304688,16.226943969726562,10.632440567016602,6.198032379150391,-4.434408187866211,13.586549758911133,5.274944305419922,57.51286315917969,19.189571380615234,0.33365702629089355,-0.2125474214553833,10.360184669494629,0.20000000298023224,1.0
450,4.0,4.0,3.0,True,False,-1,regressed,9.904854774475098,15.614850044250488,12.38935375213623,7.228268146514893,-5.161085605621338,16.06418228149414,4.298166751861572,67.14086151123047,19.5115966796875,0.29060688614845276,0.08672468364238739,12.680877685546875,0.0,1.0,7.6836957931518555,15.932308197021484,9.885615348815918,5.731091022491455,-4.154524326324463,12.309176445007324,5.746387481689453,47.73331832885742,18.850852966308594,0.3949202299118042,0.1822783499956131,10.033888816833496,0.4000000059604645,1.0
451,11050.0,11500.0,1700.0,False,False,0,stable_wrong,12.803071975708008,20.243637084960938,14.338081359863281,12.036656379699707,-2.301424980163574,19.578792572021484,4.886272430419922,97.36050415039062,28.39354705810547,0.29163312911987305,-0.07399247586727142,19.420137405395508,0.4000000059604645,1.0,10.115753173828125,23.034696578979492,13.095199584960938,7.420059680938721,-5.675139904022217,16.71143341064453,8.403470993041992,66.16266632080078,26.154062271118164,0.39529940485954285,0.051648806780576706,12.433265686035156,0.20000000298023224,1.0
452,50.0,50.0,50.0,True,True,0,stable_correct,15.327186584472656,18.832443237304688,17.395639419555664,13.396557807922363,-3.999081611633301,23.591596603393555,3.9857516288757324,106.60126495361328,27.97595977783203,0.26243552565574646,-0.07717283070087433,21.88340187072754,0.20000000298023224,1.0,8.54215145111084,16.93777847290039,11.251749992370605,6.412735462188721,-4.839014530181885,13.932591438293457,5.513906478881836,61.12591552734375,21.40321922302246,0.35014966130256653,-0.17227059602737427,10.740517616271973,0.4000000059604645,1.0
453,6400.0,6800.0,8800.0,False,False,0,stable_wrong,11.453299522399902,18.583585739135742,13.5205717086792,9.589241981506348,-3.9313297271728516,18.841415405273438,4.428033828735352,85.85266876220703,23.37032127380371,0.27221426367759705,-0.13350482285022736,14.300052642822266,0.4000000059604645,1.0,6.905942440032959,14.499884605407715,8.323538780212402,5.654534816741943,-2.669003963470459,10.950994491577148,5.25196647644043,41.91265106201172,16.539447784423828,0.39461708068847656,0.13912780582904816,9.334162712097168,0.4000000059604645,1.0
454,150.0,240.0,240.0,False,False,0,stable_wrong,13.036097526550293,19.780256271362305,15.492518424987793,9.914063453674316,-5.578454971313477,21.80707359313965,7.015737533569336,87.22895812988281,22.19291114807129,0.2544213831424713,0.19205279648303986,15.535845756530762,0.4000000059604645,1.0,7.9532012939453125,18.497161865234375,10.7073335647583,5.1490983963012695,-5.558235168457031,13.296793937683105,7.29150390625,48.28376388549805,19.507038116455078,0.40400823950767517,0.2787773609161377,9.612674713134766,0.20000000298023224,1.0
455,1920.0,1920.0,960.0,True,False,-1,regressed,10.145520210266113,18.271432876586914,13.047869682312012,7.746798038482666,-5.301071643829346,16.33196258544922,5.181301116943359,68.99919128417969,24.713626861572266,0.3581727147102356,-0.039969511330127716,13.215522766113281,0.20000000298023224,1.0,10.709101676940918,21.556127548217773,14.211054801940918,7.551014423370361,-6.660040378570557,17.358978271484375,7.777042865753174,75.27787017822266,25.154207229614258,0.33415141701698303,-0.07406245172023773,13.630317687988281,0.4000000059604645,1.0
456,78.0,78.0,78.0,True,True,0,stable_correct,12.967233657836914,21.079999923706055,15.95059585571289,9.900947570800781,-6.049648284912109,21.020286560058594,5.261307239532471,91.83301544189453,25.935699462890625,0.28242239356040955,-0.02385668270289898,16.95796012878418,0.20000000298023224,1.0,10.420138359069824,21.487775802612305,13.637065887451172,7.616416931152344,-6.020648956298828,17.15064811706543,7.488587856292725,69.5582504272461,25.47216796875,0.3661990761756897,0.04260384291410446,12.655097961425781,0.4000000059604645,1.0
457,45.0,45.0,45.0,True,True,0,stable_correct,13.534337997436523,17.51714324951172,14.326998710632324,11.996113777160645,-2.3308849334716797,20.928842544555664,3.79384446144104,102.967041015625,26.443254470825195,0.25681281089782715,-0.09821377694606781,19.491178512573242,0.20000000298023224,1.0,9.009038925170898,19.248666763305664,12.82359790802002,5.360076427459717,-7.463521480560303,14.992908477783203,7.46790075302124,59.49177551269531,21.865585327148438,0.367539644241333,0.11973924934864044,10.79391860961914,0.20000000298023224,1.0
458,35.0,25.0,35.0,False,True,1,recovered,10.997747421264648,16.95810890197754,13.93220043182373,8.136933326721191,-5.795267105102539,18.0407772064209,3.9587924480438232,81.82696533203125,22.13258171081543,0.27048030495643616,-0.15010711550712585,13.7570161819458,0.20000000298023224,1.0,6.6293745040893555,15.342113494873047,8.430041313171387,4.873988151550293,-3.5560531616210938,11.145193099975586,5.517111778259277,43.70500183105469,18.047359466552734,0.4129357933998108,-0.13749180734157562,7.724079608917236,0.20000000298023224,1.0
459,2.0,1.0,1.0,False,False,0,stable_wrong,13.728124618530273,19.422203063964844,16.74018096923828,11.360736846923828,-5.379444122314453,21.644489288330078,4.94860315322876,88.920654296875,27.049484252929688,0.3041979968547821,0.013869045302271843,18.28603172302246,0.0,1.0,11.043741226196289,19.67786979675293,14.18771743774414,8.340462684631348,-5.847254753112793,17.84926414489746,6.491171360015869,66.42666625976562,25.718660354614258,0.38717374205589294,0.13987599313259125,13.254252433776855,0.0,1.0
460,84.0,84.0,84.0,True,True,0,stable_correct,15.490836143493652,21.707155227661133,19.15641975402832,12.938812255859375,-6.217607498168945,24.616456985473633,5.282539367675781,112.8509521484375,29.522382736206055,0.26160508394241333,-0.16089756786823273,21.011327743530273,0.0,1.0,10.5950345993042,19.287948608398438,14.68825912475586,7.3925652503967285,-7.295693874359131,17.300262451171875,6.81475305557251,73.564697265625,23.659109115600586,0.3216095566749573,-0.015356659889221191,13.046076774597168,0.4000000059604645,1.0
461,9.0,9.0,9.0,True,True,0,stable_correct,14.365157127380371,19.639589309692383,16.0231876373291,12.701144218444824,-3.3220434188842773,23.199848175048828,6.182863712310791,108.78021240234375,26.96105194091797,0.24784886837005615,-0.05838076025247574,18.736448287963867,0.4000000059604645,1.0,9.76579475402832,20.401426315307617,13.10201644897461,6.37942361831665,-6.722592830657959,16.248533248901367,7.091153144836426,66.66429901123047,24.01174545288086,0.36018896102905273,0.02574615180492401,11.661575317382812,0.20000000298023224,1.0
462,71.0,71.0,71.0,True,True,0,stable_correct,14.154577255249023,18.834068298339844,15.260014533996582,11.89148235321045,-3.368532180786133,22.539958953857422,6.787791728973389,100.70649719238281,22.396923065185547,0.22239799797534943,0.16174079477787018,17.74965476989746,0.6000000238418579,1.0,8.122637748718262,19.573421478271484,12.07158374786377,5.0972723960876465,-6.974311351776123,13.67114543914795,7.819278717041016,51.029136657714844,21.9289608001709,0.42973411083221436,0.2694772779941559,9.60347843170166,0.20000000298023224,1.0
463,18.0,18.0,18.0,True,True,0,stable_correct,13.545733451843262,18.579700469970703,16.083070755004883,10.389060974121094,-5.694009780883789,22.321815490722656,6.978340148925781,86.9742660522461,19.851160049438477,0.22824177145957947,0.25858786702156067,16.23828887939453,0.4000000059604645,1.0,7.844390392303467,20.221256256103516,11.535721778869629,4.807516098022461,-6.728205680847168,13.011855125427246,8.433846473693848,45.11086654663086,22.42650604248047,0.4971419870853424,0.3793846368789673,9.060572624206543,0.20000000298023224,1.0
464,6.0,96.0,96.0,False,False,0,stable_wrong,9.64775276184082,15.406332015991211,12.70284366607666,6.170835971832275,-6.532007694244385,16.017513275146484,4.113493919372559,74.2280044555664,20.02236557006836,0.26974138617515564,-0.14616553485393524,12.007503509521484,0.0,1.0,7.920840740203857,17.44130516052246,10.208541870117188,5.854226589202881,-4.354315280914307,12.749836921691895,6.406966686248779,52.77997589111328,21.335960388183594,0.40424346923828125,0.029975365847349167,10.555285453796387,0.20000000298023224,1.0
465,30.0,40.0,35.0,False,False,0,stable_wrong,14.261475563049316,19.648820877075195,17.806861877441406,11.13207721710205,-6.6747846603393555,22.876001358032227,4.808618068695068,109.93218994140625,25.72473907470703,0.23400551080703735,-0.20216873288154602,19.149377822875977,0.20000000298023224,1.0,10.930211067199707,20.377349853515625,14.755671501159668,7.476346969604492,-7.279324531555176,18.062442779541016,6.418239116668701,75.77168273925781,25.76849365234375,0.34008079767227173,-0.2924414575099945,12.814288139343262,0.0,1.0
466,1.0,0.0,1.0,False,True,1,recovered,9.76259708404541,15.131787300109863,12.577537536621094,7.339868545532227,-5.237668991088867,15.696375846862793,4.571493148803711,65.04544067382812,18.00533103942871,0.2768115699291229,0.015531348995864391,12.337374687194824,0.0,1.0,10.811735153198242,19.144554138183594,13.625755310058594,8.085474967956543,-5.540280342102051,17.43952178955078,6.1242475509643555,95.65213012695312,24.61726951599121,0.2573624849319458,-0.5348215103149414,13.769068717956543,0.20000000298023224,1.0
467,1200.0,1120.0,1120.0,False,False,0,stable_wrong,13.34745979309082,17.59558868408203,15.961376190185547,10.518646240234375,-5.442729949951172,21.15057373046875,4.208883285522461,92.83507537841797,25.38435173034668,0.27343493700027466,-0.11065898090600967,17.652402877807617,0.0,1.0,10.580533981323242,19.411334991455078,14.073517799377441,7.163630962371826,-6.909886837005615,17.580347061157227,6.35648775100708,75.36131286621094,23.37364387512207,0.31015440821647644,-0.2639365792274475,12.442623138427734,0.20000000298023224,1.0
468,120.0,170.0,70.0,False,False,0,stable_wrong,12.10011100769043,17.99897575378418,14.001346588134766,9.984971046447754,-4.016375541687012,19.36583709716797,4.038828372955322,88.7674331665039,24.33109474182129,0.27409934997558594,-0.019032152369618416,16.008968353271484,0.20000000298023224,1.0,9.978973388671875,20.790935516357422,13.612370491027832,7.252739429473877,-6.359631061553955,16.318796157836914,7.3648552894592285,60.63005447387695,25.041210174560547,0.4130164682865143,0.12541739642620087,12.036128044128418,0.0,1.0
469,4.0,4.0,4.0,True,True,0,stable_correct,15.245829582214355,22.505352020263672,19.01736068725586,12.037907600402832,-6.979453086853027,24.513635635375977,8.741007804870605,86.5705795288086,27.560577392578125,0.3183596134185791,0.18204477429389954,17.9986515045166,0.20000000298023224,1.0,8.08780574798584,18.55757713317871,11.357551574707031,5.227218151092529,-6.130333423614502,13.355484962463379,7.479946613311768,48.902183532714844,19.84587287902832,0.40582793951034546,0.27771076560020447,9.522038459777832,0.20000000298023224,1.0
470,3.0,3.0,3.0,True,True,0,stable_correct,15.067858695983887,19.515525817871094,17.026206970214844,12.545575141906738,-4.4806318283081055,23.633575439453125,3.8731939792633057,113.61062622070312,29.04095458984375,0.25561830401420593,-0.09251971542835236,21.02250099182129,0.20000000298023224,1.0,8.888291358947754,17.523387908935547,11.747126579284668,6.283705234527588,-5.46342134475708,14.873478889465332,5.3520636558532715,66.98320007324219,21.034439086914062,0.3140255808830261,-0.23748436570167542,10.75888729095459,0.4000000059604645,1.0
471,80.0,80.0,80.0,True,True,0,stable_correct,14.123469352722168,19.17677879333496,16.133296966552734,12.697699546813965,-3.4355974197387695,22.15343475341797,3.6559135913848877,118.78630828857422,24.416526794433594,0.20555001497268677,-0.3978939652442932,20.137439727783203,0.6000000238418579,1.0,10.089414596557617,18.105045318603516,13.388710975646973,6.873664855957031,-6.515046119689941,16.663978576660156,5.339652061462402,80.61388397216797,21.85283660888672,0.2710803151130676,-0.23330791294574738,13.354460716247559,0.20000000298023224,1.0
472,6.0,6.0,2.0,True,False,-1,regressed,9.533520698547363,20.533206939697266,12.809102058410645,6.568318843841553,-6.240783214569092,15.264274597167969,6.7514166831970215,67.10985565185547,28.791038513183594,0.42901358008384705,0.12219120562076569,13.56481647491455,0.4000000059604645,1.0,7.587073802947998,19.918907165527344,10.451371192932129,5.113240718841553,-5.338130474090576,12.444852828979492,8.392646789550781,46.722625732421875,22.790992736816406,0.487793505191803,0.10555024445056915,9.085676193237305,0.4000000059604645,1.0
473,10.0,20.0,9.33,False,False,0,stable_wrong,10.372116088867188,16.060373306274414,12.237262725830078,8.644351959228516,-3.5929107666015625,17.019258499145508,4.12875509262085,70.93763732910156,19.362468719482422,0.27295055985450745,0.07205192744731903,12.830811500549316,0.4000000059604645,1.0,8.76923656463623,16.985136032104492,11.218926429748535,6.3912739753723145,-4.827652454376221,14.64818286895752,5.239643096923828,63.636016845703125,19.095762252807617,0.300077885389328,-0.1077335849404335,10.779338836669922,0.4000000059604645,1.0
474,80.0,80.0,80.0,True,True,0,stable_correct,12.870223999023438,21.962993621826172,16.384157180786133,10.937600135803223,-5.44655704498291,19.643844604492188,7.761090278625488,66.01387023925781,32.807769775390625,0.49698299169540405,0.37418898940086365,17.331613540649414,0.0,1.0,6.5362653732299805,19.22588539123535,9.615174293518066,4.154060363769531,-5.461113929748535,10.790666580200195,8.52544116973877,37.550758361816406,22.625425338745117,0.6025291085243225,0.2038322389125824,6.729748249053955,0.20000000298023224,1.0
475,20.0,20.0,20.0,True,True,0,stable_correct,12.0929536819458,18.1600399017334,14.382952690124512,8.879530906677246,-5.503421783447266,19.421695709228516,5.0170698165893555,95.33518981933594,26.69136619567871,0.27997392416000366,0.017496587708592415,15.650609016418457,0.4000000059604645,1.0,6.38533353805542,16.28015899658203,8.718181610107422,4.360069751739502,-4.35811185836792,10.52670955657959,6.617414951324463,39.28472900390625,18.17496681213379,0.46264711022377014,0.2951536774635315,7.946510314941406,0.4000000059604645,1.0
476,5.0,5.0,5.0,True,True,0,stable_correct,13.958130836486816,19.257986068725586,16.38804817199707,11.122557640075684,-5.265490531921387,22.62673568725586,7.791759967803955,87.42284393310547,18.10869026184082,0.20713910460472107,0.2820921242237091,17.068084716796875,0.6000000238418579,1.0,8.17109203338623,19.69638442993164,12.17918872833252,5.318924427032471,-6.860264301300049,13.533522605895996,8.04256534576416,46.70641326904297,22.689538955688477,0.4857906401157379,0.40571507811546326,9.285943031311035,0.20000000298023224,1.0
477,20.0,26.0,20.0,False,True,1,recovered,10.848061561584473,18.788532257080078,14.797298431396484,7.2442626953125,-7.553035736083984,17.884857177734375,5.733606815338135,73.624267578125,24.178951263427734,0.3284100890159607,-0.05932449549436569,13.015143394470215,0.0,1.0,7.773636817932129,17.86557960510254,11.003162384033203,4.923215389251709,-6.079946994781494,12.98360538482666,6.405479431152344,52.682552337646484,21.79951286315918,0.4137899875640869,0.0528426356613636,9.227646827697754,0.20000000298023224,1.0
478,621.0,621.0,621.0,True,True,0,stable_correct,13.243894577026367,21.79078483581543,15.222586631774902,11.38455581665039,-3.8380308151245117,20.7535400390625,5.443526744842529,101.74181365966797,29.402114868164062,0.28898751735687256,-0.09206239879131317,18.57151222229004,0.4000000059604645,1.0,5.992095947265625,15.242905616760254,7.8697190284729,4.154289722442627,-3.7154293060302734,10.045086860656738,5.981480121612549,37.660888671875,17.297212600708008,0.45928847789764404,0.09744797646999359,7.106822967529297,0.4000000059604645,1.0
479,15400.0,12400.0,15400.0,False,True,1,recovered,11.103569030761719,17.441923141479492,13.402848243713379,9.471595764160156,-3.9312524795532227,17.751768112182617,4.665162563323975,75.63151550292969,24.633726119995117,0.32570716738700867,-0.03374860808253288,14.381675720214844,0.20000000298023224,1.0,7.6259660720825195,17.181434631347656,9.938356399536133,6.149343013763428,-3.789013385772705,12.098973274230957,6.689088344573975,50.95259094238281,20.253053665161133,0.39748820662498474,-0.08149378001689911,10.190287590026855,0.4000000059604645,1.0
480,11.0,11.0,11.0,True,True,0,stable_correct,10.500266075134277,20.297208786010742,12.732762336730957,8.935837745666504,-3.796924591064453,16.49698257446289,6.114465713500977,80.3333511352539,26.52096176147461,0.33013638854026794,-0.1316809505224228,15.162470817565918,0.4000000059604645,1.0,8.71895694732666,17.87104606628418,11.470782279968262,6.114471435546875,-5.356310844421387,14.557441711425781,5.964813709259033,65.43315887451172,20.413898468017578,0.3119809329509735,-0.29873305559158325,10.516942024230957,0.4000000059604645,1.0
481,84.0,84.0,84.0,True,True,0,stable_correct,12.188591957092285,17.07450294494629,13.851330757141113,9.633875846862793,-4.21745491027832,19.867223739624023,5.232531547546387,88.41397094726562,22.22205352783203,0.25134098529815674,0.0903448760509491,15.271754264831543,0.20000000298023224,1.0,8.065350532531738,20.303293228149414,11.68121337890625,5.33050012588501,-6.35071325302124,13.358741760253906,8.383684158325195,49.50901412963867,22.554683685302734,0.45556721091270447,0.22499719262123108,9.665423393249512,0.20000000298023224,1.0
482,26.0,26.0,26.0,True,True,0,stable_correct,13.688003540039062,21.211793899536133,14.274662971496582,10.593413352966309,-3.6812496185302734,21.397544860839844,6.969163417816162,116.5188980102539,27.036521911621094,0.23203550279140472,-0.09558114409446716,18.54620361328125,0.4000000059604645,1.0,7.472529888153076,18.754955291748047,10.989727020263672,4.393667697906494,-6.596059322357178,12.779414176940918,7.305349826812744,47.877872467041016,21.246915817260742,0.44377318024635315,0.25190702080726624,8.493569374084473,0.20000000298023224,1.0
483,40.0,40.0,40.0,True,True,0,stable_correct,12.701308250427246,18.323482513427734,14.324301719665527,10.794326782226562,-3.529974937438965,20.594079971313477,4.061642169952393,100.95352172851562,25.806318283081055,0.25562572479248047,-0.12356629222631454,16.012887954711914,0.4000000059604645,1.0,7.227650165557861,17.62172508239746,10.076546669006348,4.415747165679932,-5.660799503326416,11.983960151672363,6.99923849105835,43.18241500854492,19.2458553314209,0.44568732380867004,0.34071093797683716,8.932575225830078,0.20000000298023224,1.0
484,240.0,240.0,240.0,True,True,0,stable_correct,13.643789291381836,18.462190628051758,14.949806213378906,11.440598487854004,-3.5092077255249023,22.03048324584961,5.894948482513428,101.81195831298828,25.189268112182617,0.24740971624851227,0.08823183923959732,17.081724166870117,0.4000000059604645,1.0,8.231083869934082,20.13429069519043,12.359774589538574,5.126499652862549,-7.233274936676025,13.679004669189453,8.318705558776855,49.29597091674805,21.972158432006836,0.4457191526889801,0.31370148062705994,9.724461555480957,0.20000000298023224,1.0
485,220.0,220.0,220.0,True,True,0,stable_correct,14.494311332702637,20.402318954467773,17.06072425842285,11.55292797088623,-5.507796287536621,23.624208450317383,8.11667537689209,89.9006118774414,21.356523513793945,0.2375570386648178,0.2422334849834442,17.850927352905273,0.4000000059604645,1.0,7.782394886016846,17.898616790771484,11.298927307128906,5.112525463104248,-6.186401844024658,12.861248970031738,7.281771183013916,46.505062103271484,19.71754264831543,0.4239870309829712,0.29246702790260315,9.081214904785156,0.20000000298023224,1.0
486,6.0,6.0,6.0,True,True,0,stable_correct,13.66400146484375,18.946914672851562,16.408910751342773,11.105910301208496,-5.303000450134277,21.878498077392578,5.765010356903076,85.79364776611328,23.173677444458008,0.27010947465896606,0.12996624410152435,17.50859832763672,0.0,1.0,7.659632205963135,18.121959686279297,11.387831687927246,4.590317249298096,-6.79751443862915,12.752542495727539,7.318145751953125,46.86674118041992,19.387937545776367,0.413682222366333,0.2967812418937683,9.076445579528809,0.20000000298023224,1.0
487,4.0,4.0,4.0,True,True,0,stable_correct,12.395703315734863,18.020570755004883,14.086932182312012,11.060259819030762,-3.02667236328125,19.41153907775879,4.059810638427734,87.20632934570312,25.954246520996094,0.2976188361644745,-0.08717221021652222,17.35606575012207,0.20000000298023224,1.0,8.297918319702148,16.890331268310547,9.661515235900879,7.261798858642578,-2.399716377258301,13.665350914001465,5.5637969970703125,62.33112335205078,19.820894241333008,0.31799352169036865,-0.18546369671821594,10.465412139892578,0.800000011920929,1.0
488,6.0,6.0,6.0,True,True,0,stable_correct,13.310129165649414,18.866029739379883,16.151033401489258,9.842798233032227,-6.308235168457031,21.691082000732422,7.487780570983887,82.61968994140625,18.740488052368164,0.22682835161685944,0.291994571685791,16.354581832885742,0.4000000059604645,1.0,8.313560485839844,18.86862564086914,12.099947929382324,5.206153869628906,-6.893794059753418,13.485381126403809,7.829522132873535,48.242401123046875,20.05901336669922,0.41579633951187134,0.36823946237564087,10.060025215148926,0.20000000298023224,1.0
489,-10.0,16.0,0.0,False,False,0,stable_wrong,9.209237098693848,14.81479263305664,11.455220222473145,6.809042453765869,-4.646177768707275,15.069304466247559,4.161178112030029,60.011409759521484,19.224395751953125,0.3203456699848175,-0.02984263002872467,11.038955688476562,0.0,1.0,6.806197643280029,15.575018882751465,8.658878326416016,5.822718143463135,-2.836160182952881,11.114592552185059,5.499864101409912,43.101173400878906,20.080242156982422,0.4658862054347992,0.05764308571815491,8.626673698425293,0.20000000298023224,1.0
490,4.0,4.0,4.0,True,True,0,stable_correct,12.874531745910645,17.628765106201172,14.75726318359375,10.568253517150879,-4.189009666442871,20.72722625732422,5.187784194946289,96.35734558105469,21.957027435302734,0.22787082195281982,0.036685727536678314,16.462297439575195,0.6000000238418579,1.0,7.437675952911377,17.143606185913086,9.766963005065918,5.207781791687012,-4.559181213378906,12.124897956848145,6.498775005340576,47.60053634643555,19.380720138549805,0.4071533977985382,0.2254936695098877,9.581464767456055,0.0,1.0
491,16.0,16.0,16.0,True,True,0,stable_correct,13.456354141235352,20.591581344604492,16.891511917114258,9.559993743896484,-7.331518173217773,22.053003311157227,7.17654275894165,88.5279312133789,27.29662322998047,0.30833911895751953,0.054170142859220505,16.34212875366211,0.0,1.0,7.17252779006958,17.964967727661133,10.684136390686035,4.327029705047607,-6.357106685638428,12.13978385925293,7.1251726150512695,43.61329650878906,20.43874168395996,0.46863555908203125,0.3277587294578552,8.117974281311035,0.20000000298023224,1.0
492,32.0,32.0,32.0,True,True,0,stable_correct,14.34196949005127,20.162858963012695,16.634824752807617,11.787335395812988,-4.847489356994629,23.224393844604492,7.9475483894348145,88.26663970947266,22.09663963317871,0.25033965706825256,0.25473183393478394,17.677082061767578,0.6000000238418579,1.0,7.240062236785889,17.355552673339844,10.59067440032959,4.411428928375244,-6.179245471954346,12.21892261505127,6.957566261291504,43.42962646484375,18.756179809570312,0.43187522888183594,0.3174962103366852,8.250167846679688,0.20000000298023224,1.0
493,25.0,50.0,50.0,False,False,0,stable_wrong,9.046072006225586,14.18018627166748,10.628436088562012,7.624103546142578,-3.0043325424194336,14.627634048461914,3.7888689041137695,62.718055725097656,16.947317123413086,0.270214319229126,0.07912453263998032,11.642964363098145,0.4000000059604645,1.0,7.781752586364746,14.886165618896484,8.56265640258789,7.109474182128906,-1.4531822204589844,12.37732219696045,4.7569684982299805,54.97596740722656,17.879573822021484,0.32522526383399963,-0.09458597004413605,10.872001647949219,0.4000000059604645,1.0
494,21.0,13.65,18.5,False,False,0,stable_wrong,8.78551197052002,16.769771575927734,11.790379524230957,6.383983135223389,-5.406396389007568,14.471091270446777,5.427231788635254,56.95478439331055,20.013437271118164,0.35139167308807373,0.1920984536409378,10.780070304870605,0.20000000298023224,1.0,7.823772430419922,16.16053581237793,10.033363342285156,6.204984188079834,-3.8283791542053223,12.635826110839844,5.6659650802612305,44.22947311401367,20.338354110717773,0.4598371386528015,0.22543291747570038,9.552566528320312,0.0,1.0
495,200.0,200.0,200.0,True,True,0,stable_correct,12.591315269470215,17.57573699951172,14.243484497070312,10.097155570983887,-4.146328926086426,20.466064453125,5.303770542144775,90.68059539794922,22.17190933227539,0.24450555443763733,0.12213174998760223,15.758889198303223,0.4000000059604645,1.0,7.918950080871582,17.185104370117188,9.838530540466309,5.7893900871276855,-4.049140453338623,12.896635055541992,6.565096855163574,51.554412841796875,17.27532386779785,0.33508914709091187,0.17192503809928894,10.525177001953125,0.20000000298023224,1.0
496,38.0,38.0,38.0,True,True,0,stable_correct,12.068257331848145,19.635042190551758,14.531142234802246,9.600472450256348,-4.930669784545898,19.249719619750977,5.252647399902344,81.31517028808594,26.40071678161621,0.3246714770793915,0.05373034626245499,16.010425567626953,0.20000000298023224,1.0,7.891534328460693,19.124469757080078,11.298617362976074,4.5699639320373535,-6.728653430938721,13.409619331359863,7.196054935455322,53.913963317871094,22.49725341796875,0.4172806441783905,0.06442705541849136,9.190412521362305,0.20000000298023224,1.0
497,112.0,112.0,112.0,True,True,0,stable_correct,10.646820068359375,15.741395950317383,12.9975004196167,8.220657348632812,-4.776843070983887,17.11505889892578,4.217353343963623,74.49130249023438,18.020204544067383,0.2419101893901825,0.14447766542434692,14.06183910369873,0.4000000059604645,1.0,6.949516296386719,17.201950073242188,8.716083526611328,5.301115036010742,-3.414968490600586,11.7099027633667,6.603404998779297,43.03987121582031,20.140127182006836,0.46794116497039795,0.16468337178230286,8.12141227722168,0.20000000298023224,1.0
498,40.0,40.0,40.0,True,True,0,stable_correct,15.837339401245117,20.695213317871094,17.232603073120117,14.213204383850098,-3.0193986892700195,24.694110870361328,4.156180381774902,113.5230484008789,29.446969985961914,0.25939199328422546,-0.08657028526067734,22.000808715820312,0.20000000298023224,1.0,9.437850952148438,18.71275520324707,12.15353012084961,7.013485431671143,-5.140044689178467,15.453441619873047,6.531283378601074,63.64178466796875,21.296571731567383,0.33463191986083984,-0.010305548086762428,11.67883014678955,0.4000000059604645,1.0
499,10.0,8.0,8.0,False,False,0,stable_wrong,12.234074592590332,18.316221237182617,13.56253719329834,11.069740295410156,-2.4927968978881836,19.318876266479492,3.9911534786224365,92.12522888183594,25.44605827331543,0.27621161937713623,-0.08070697635412216,16.74192237854004,0.4000000059604645,1.0,7.266922473907471,17.34942626953125,9.6492919921875,5.601399898529053,-4.047892093658447,11.97339153289795,6.5755085945129395,46.958457946777344,20.886167526245117,0.4447796642780304,0.10304280370473862,9.17852783203125,0.4000000059604645,1.0
500,16.0,14.0,14.0,False,False,0,stable_wrong,9.136290550231934,16.773040771484375,12.111640930175781,6.090490341186523,-6.021150588989258,15.393037796020508,4.665897369384766,70.68751525878906,21.076265335083008,0.2981610596179962,-0.23585078120231628,10.918098449707031,0.20000000298023224,1.0,7.303685665130615,19.42756462097168,9.86433219909668,5.412990093231201,-4.4513421058654785,12.312422752380371,7.919208526611328,46.36627960205078,21.979896545410156,0.4740491807460785,0.15852013230323792,8.345311164855957,0.4000000059604645,1.0
501,273.0,273.0,273.0,True,True,0,stable_correct,11.610343933105469,16.109683990478516,13.281505584716797,10.085942268371582,-3.195563316345215,18.09758186340332,3.081897497177124,91.57205200195312,23.48415756225586,0.25645551085472107,-0.2610365152359009,16.691892623901367,0.4000000059604645,1.0,8.490828514099121,17.72100067138672,10.86324405670166,6.258403301239014,-4.6048407554626465,13.79346752166748,6.098069667816162,58.36090087890625,22.05912971496582,0.3779778778553009,-0.25082144141197205,10.660127639770508,0.4000000059604645,1.0
502,26.0,26.0,26.0,True,True,0,stable_correct,15.042229652404785,18.766664505004883,17.297807693481445,13.046278953552246,-4.251528739929199,23.677045822143555,4.253810405731201,114.52882385253906,26.7980899810791,0.2339855581521988,-0.1265883445739746,20.77387046813965,0.4000000059604645,1.0,9.735142707824707,17.8699951171875,13.37929630279541,6.261271953582764,-7.1180243492126465,16.137712478637695,5.9958648681640625,68.90680694580078,22.159912109375,0.3215925097465515,-0.07310285419225693,11.629653930664062,0.4000000059604645,1.0
503,18.0,18.0,18.0,True,True,0,stable_correct,12.515024185180664,19.784435272216797,15.344304084777832,10.0427827835083,-5.301521301269531,19.626596450805664,4.847095012664795,95.38904571533203,28.15776824951172,0.29518869519233704,-0.09762527048587799,17.726015090942383,0.20000000298023224,1.0,8.378101348876953,17.43236541748047,11.889260292053223,5.443809509277344,-6.445450782775879,13.994901657104492,6.342647075653076,57.78509521484375,18.578170776367188,0.32150453329086304,-0.033372849225997925,10.034225463867188,0.20000000298023224,1.0
504,2.0,1.5,1.0,False,False,0,stable_wrong,8.586941719055176,14.65184211730957,10.165472030639648,7.325754642486572,-2.839717388153076,13.744550704956055,3.953220844268799,61.219398498535156,18.999229431152344,0.3103465437889099,0.0834333747625351,11.415035247802734,0.4000000059604645,1.0,6.901947975158691,16.245481491088867,9.3465576171875,5.069056510925293,-4.277501106262207,11.2183198928833,6.394610404968262,42.538795471191406,18.396883010864258,0.4324730634689331,0.2013557255268097,8.799825668334961,0.0,1.0
505,1600.0,160.0,1600.0,True,True,0,stable_correct,9.634796142578125,14.355860710144043,11.897685050964355,7.5851898193359375,-4.312495231628418,15.581969261169434,3.492257595062256,72.825439453125,17.719131469726562,0.2433096468448639,-0.04449787735939026,12.629871368408203,0.4000000059604645,1.0,6.7557854652404785,16.33282470703125,8.582390785217285,5.723470211029053,-2.8589205741882324,11.052248001098633,6.104338645935059,43.80757522583008,20.715497970581055,0.47287479043006897,-0.05041142553091049,8.633633613586426,0.4000000059604645,1.0
506,144.0,288.0,288.0,False,False,0,stable_wrong,11.118982315063477,17.636409759521484,13.291659355163574,8.386222839355469,-4.9054365158081055,18.279170989990234,4.573347568511963,81.45284271240234,22.846691131591797,0.28048980236053467,0.07828503847122192,13.689703941345215,0.4000000059604645,1.0,7.061539649963379,16.801193237304688,8.879344940185547,5.2936787605285645,-3.5856661796569824,11.355816841125488,6.926161289215088,41.06394958496094,18.446455001831055,0.4492128789424896,0.30637598037719727,9.22470474243164,0.4000000059604645,1.0
507,2.0,9.0,2.0,False,True,1,recovered,10.724103927612305,16.312843322753906,11.676129341125488,9.450348854064941,-2.225780487060547,16.2994441986084,3.6653618812561035,82.2506332397461,25.81537437438965,0.31386232376098633,-0.05053837224841118,16.56660270690918,0.20000000298023224,1.0,8.948385238647461,18.5667781829834,11.428088188171387,6.667262554168701,-4.7608256340026855,14.41403865814209,6.3637495040893555,62.063846588134766,22.685361862182617,0.3655165433883667,0.004079073667526245,11.631348609924316,0.4000000059604645,1.0
508,120.0,120.0,120.0,True,True,0,stable_correct,11.1239013671875,19.482982635498047,14.374463081359863,8.102494239807129,-6.271968841552734,18.269969940185547,5.512095928192139,78.37242126464844,24.62519073486328,0.3142073452472687,0.031961314380168915,13.83837604522705,0.20000000298023224,1.0,8.56752872467041,16.04798698425293,10.443190574645996,7.060633182525635,-3.3825573921203613,14.110273361206055,4.73391056060791,58.05214309692383,19.902446746826172,0.3428374230861664,-0.19044139981269836,10.526148796081543,0.20000000298023224,1.0
509,4.0,4.0,4.0,True,True,0,stable_correct,11.74049186706543,17.357873916625977,14.214649200439453,9.264404296875,-4.950244903564453,18.825870513916016,3.8826279640197754,87.9881362915039,24.302215576171875,0.27619877457618713,-0.15405628085136414,15.513846397399902,0.20000000298023224,1.0,8.25804328918457,17.171213150024414,10.600627899169922,6.478673934936523,-4.121953964233398,13.4896879196167,5.854231357574463,52.23814010620117,20.671405792236328,0.39571481943130493,0.08689241111278534,10.293397903442383,0.20000000298023224,1.0
510,525.0,375.0,350.0,False,False,0,stable_wrong,10.88732624053955,18.055543899536133,12.783573150634766,9.120887756347656,-3.6626853942871094,17.154739379882812,4.4444499015808105,86.06000518798828,25.095413208007812,0.2916036546230316,-0.11115430295467377,15.036431312561035,0.4000000059604645,1.0,9.07731819152832,18.646129608154297,12.228102684020996,6.816331386566162,-5.411771297454834,15.215999603271484,6.369128227233887,68.60832214355469,21.304067611694336,0.31051725149154663,-0.2614895701408386,11.010357856750488,0.20000000298023224,1.0
511,110.0,110.0,110.0,True,True,0,stable_correct,15.467674255371094,23.607940673828125,19.977100372314453,11.632800102233887,-8.344300270080566,24.881498336791992,9.657118797302246,86.26524353027344,28.44525909423828,0.32974183559417725,0.23267993330955505,17.86290168762207,0.0,1.0,7.753140449523926,18.70464515686035,11.58792781829834,4.601125240325928,-6.986802577972412,13.031339645385742,7.563282489776611,47.94924545288086,20.339393615722656,0.4241859018802643,0.2565576136112213,8.971772193908691,0.20000000298023224,1.0
512,120.0,120.0,1200.0,True,True,0,stable_correct,13.021035194396973,16.950637817382812,13.759941101074219,11.341690063476562,-2.4182510375976562,20.855501174926758,5.615284442901611,92.36387634277344,21.118127822875977,0.22864055633544922,0.13427357375621796,16.48966407775879,0.6000000238418579,1.0,8.120376586914062,19.13313865661621,11.564288139343262,5.248112201690674,-6.316175937652588,13.649415969848633,7.5389814376831055,51.75588607788086,21.400222778320312,0.4134838581085205,0.2611272931098938,9.317408561706543,0.20000000298023224,1.0
513,300.0,300.0,300.0,True,True,0,stable_correct,15.292427062988281,21.085824966430664,18.44312286376953,12.528515815734863,-5.914607048034668,23.76776885986328,4.737459182739258,110.87305450439453,30.761770248413086,0.2774503827095032,-0.1598011553287506,22.159997940063477,0.0,1.0,8.769709587097168,17.49382972717285,11.55481243133545,5.910589218139648,-5.644223213195801,14.555395126342773,5.443496227264404,69.49617767333984,21.905597686767578,0.31520578265190125,-0.40896230936050415,10.650853157043457,0.4000000059604645,1.0
514,90000.0,90000.0,90000.0,True,True,0,stable_correct,13.886756896972656,17.80168914794922,16.073589324951172,11.259880065917969,-4.813709259033203,22.417579650878906,5.278489112854004,101.59215545654297,24.61819839477539,0.24232381582260132,0.04476895183324814,17.799428939819336,0.4000000059604645,1.0,7.8776984214782715,22.16391372680664,11.200882911682129,5.333107948303223,-5.867774963378906,13.089229583740234,9.374933242797852,49.293113708496094,26.229299545288086,0.5321087837219238,0.14771774411201477,9.053714752197266,0.4000000059604645,1.0
515,160.0,32.0,160.0,False,True,1,recovered,12.308547019958496,18.488645553588867,13.928211212158203,10.357213020324707,-3.570998191833496,19.018997192382812,4.381134033203125,86.95841217041016,26.986942291259766,0.31034308671951294,-0.019476408138871193,18.22869300842285,0.20000000298023224,1.0,8.141630172729492,16.231201171875,9.731463432312012,6.167540073394775,-3.5639233589172363,13.1304292678833,5.437380313873291,53.267662048339844,20.7447509765625,0.38944360613822937,-0.08008995652198792,10.51162338256836,0.20000000298023224,1.0
516,375.0,375.0,375.0,True,True,0,stable_correct,12.949798583984375,18.466585159301758,15.741786003112793,9.509844779968262,-6.231941223144531,20.91626739501953,4.9368791580200195,97.82901763916016,26.303380966186523,0.2688709497451782,0.046249497681856155,16.7908992767334,0.4000000059604645,1.0,7.7245354652404785,18.058773040771484,11.19915771484375,4.74932861328125,-6.4498291015625,12.831517219543457,7.293903350830078,48.0261344909668,19.310895919799805,0.4020914137363434,0.30755916237831116,9.386033058166504,0.20000000298023224,1.0
517,18.0,18.0,18.0,True,True,0,stable_correct,13.871528625488281,19.32172966003418,16.105051040649414,11.23868179321289,-4.866369247436523,22.364490509033203,7.0260329246521,88.19497680664062,17.770362854003906,0.20148950815200806,0.29892584681510925,17.241392135620117,0.6000000238418579,1.0,8.0811128616333,18.669044494628906,11.794258117675781,5.325926780700684,-6.468331336975098,13.348958969116211,7.4196014404296875,46.22126770019531,21.031187057495117,0.4550110399723053,0.3855375647544861,9.407034873962402,0.20000000298023224,1.0
518,32.0,32.0,32.0,True,True,0,stable_correct,14.877589225769043,19.60428810119629,17.38203239440918,11.755383491516113,-5.626648902893066,23.59256362915039,4.427731037139893,117.56733703613281,24.891460418701172,0.21172088384628296,-0.23148688673973083,20.672943115234375,0.20000000298023224,1.0,11.524327278137207,21.39600372314453,14.751965522766113,8.653343200683594,-6.0986223220825195,18.890228271484375,6.360246658325195,87.18995666503906,26.293441772460938,0.301565021276474,-0.2970275282859802,14.433692932128906,0.4000000059604645,1.0
519,280.0,160.0,160.0,False,False,0,stable_wrong,12.704832077026367,19.312984466552734,16.30472183227539,8.595497131347656,-7.709224700927734,20.956144332885742,5.581381797790527,87.09842681884766,24.62099838256836,0.2826801836490631,0.041570305824279785,15.487942695617676,0.0,1.0,8.324763298034668,18.8387508392334,11.012138366699219,5.455851078033447,-5.5562872886657715,13.946598052978516,7.241013050079346,53.29658126831055,20.4533748626709,0.38376522064208984,0.18889811635017395,10.089529991149902,0.20000000298023224,1.0
520,63.0,45.0,27.0,False,False,0,stable_wrong,9.547990798950195,14.760405540466309,11.322346687316895,8.253928184509277,-3.068418502807617,15.358268737792969,4.593482494354248,64.97794342041016,16.97028923034668,0.26116999983787537,0.16651076078414917,12.280133247375488,0.4000000059604645,1.0,5.973247051239014,15.501287460327148,8.09908390045166,4.709798336029053,-3.3892855644226074,9.889463424682617,6.140596866607666,35.38395309448242,18.97141456604004,0.5361586809158325,0.13224342465400696,6.981081008911133,0.20000000298023224,1.0
521,39.0,39.0,39.0,True,True,0,stable_correct,15.421775817871094,19.499479293823242,16.250883102416992,14.497832298278809,-1.7530508041381836,23.500598907470703,3.8914480209350586,116.54542541503906,29.74319839477539,0.2552069127559662,-0.1610449254512787,23.191404342651367,0.0,1.0,10.577691078186035,17.544870376586914,12.731712341308594,8.312355995178223,-4.419356346130371,17.015310287475586,5.1967902183532715,75.60633850097656,21.28119468688965,0.28147369623184204,-0.090126633644104,13.661572456359863,0.6000000238418579,1.0
522,29.0,29.0,29.0,True,True,0,stable_correct,11.441641807556152,17.924057006835938,15.192878723144531,8.531659126281738,-6.661219596862793,18.469329833984375,5.539133548736572,89.84111022949219,24.063457489013672,0.26784461736679077,-0.17284861207008362,15.2039213180542,0.20000000298023224,1.0,9.351418495178223,16.86508560180664,11.84466552734375,7.551044464111328,-4.293621063232422,14.916894912719727,5.4111223220825195,64.40422058105469,21.699424743652344,0.3369255065917969,-0.06023479625582695,12.151123046875,0.20000000298023224,1.0
523,74.0,74.0,74.0,True,True,0,stable_correct,14.775789260864258,19.590465545654297,16.069276809692383,13.94192886352539,-2.127347946166992,22.55647850036621,3.370467185974121,120.169189453125,29.816320419311523,0.2481195032596588,-0.21884863078594208,22.249290466308594,0.4000000059604645,1.0,8.713665008544922,17.128068923950195,11.90349292755127,6.200479984283447,-5.703012943267822,13.946950912475586,6.12089729309082,59.793514251708984,21.11288833618164,0.3530966341495514,0.01242157258093357,11.441792488098145,0.20000000298023224,1.0
524,9.0,9.0,9.0,True,True,0,stable_correct,12.552815437316895,17.522171020507812,13.675244331359863,11.518802642822266,-2.1564416885375977,18.569974899291992,3.549537181854248,100.84659576416016,27.98603057861328,0.2775109112262726,-0.17458072304725647,20.716745376586914,0.4000000059604645,1.0,8.850152969360352,18.659133911132812,11.266151428222656,7.204451084136963,-4.061700344085693,14.389606475830078,6.393742561340332,53.696990966796875,23.454891204833984,0.43680083751678467,0.035182010382413864,10.99005126953125,0.20000000298023224,1.0
525,12.0,36.0,36.0,False,False,0,stable_wrong,10.48702335357666,19.402708053588867,14.140422821044922,7.553258419036865,-6.587164402008057,16.70885467529297,6.539834976196289,65.80999755859375,26.270586013793945,0.399188369512558,0.14218860864639282,13.764521598815918,0.0,1.0,7.527347087860107,18.097688674926758,9.829700469970703,5.355448246002197,-4.474252223968506,12.389721870422363,7.131690502166748,46.908973693847656,20.631399154663086,0.43981775641441345,0.12829437851905823,9.147007942199707,0.4000000059604645,1.0
526,21.0,84.0,21.0,False,True,1,recovered,11.684700012207031,17.501216888427734,14.746779441833496,8.99836254119873,-5.748416900634766,18.78209686279297,5.094385147094727,75.76763153076172,22.374784469604492,0.2953079640865326,0.07693210244178772,14.739645957946777,0.0,1.0,6.6034932136535645,16.992605209350586,8.359959602355957,5.353254795074463,-3.006704807281494,10.726923942565918,6.714770317077637,43.58795166015625,20.655393600463867,0.47387850284576416,-0.10985992848873138,8.812500953674316,0.4000000059604645,1.0
527,48.0,2.0,30.0,False,False,0,stable_wrong,9.348567008972168,14.835179328918457,12.11919116973877,6.252472400665283,-5.866718769073486,15.583707809448242,4.114810466766357,69.67486572265625,19.117467880249023,0.2743811309337616,0.06274943798780441,11.383149147033691,0.20000000298023224,1.0,6.162640571594238,14.60876750946045,7.593369007110596,4.952520847320557,-2.640848159790039,10.273758888244629,5.411617279052734,40.47945022583008,17.296649932861328,0.4272945821285248,0.008955943398177624,7.45598030090332,0.6000000238418579,1.0
528,172.0,96.0,118.0,False,False,0,stable_wrong,10.440505027770996,17.114213943481445,13.372187614440918,7.375278472900391,-5.996909141540527,17.193239212036133,5.287753582000732,70.66808319091797,18.559284210205078,0.26262611150741577,0.14928530156612396,13.036754608154297,0.0,1.0,7.940749645233154,17.260427474975586,10.138537406921387,6.451643466949463,-3.686893939971924,12.622293472290039,5.964285850524902,54.4224739074707,21.48473358154297,0.394776850938797,-0.18734264373779297,11.187103271484375,0.20000000298023224,1.0
529,11.0,11.0,11.0,True,True,0,stable_correct,13.652873039245605,20.835468292236328,17.551355361938477,9.899311065673828,-7.652044296264648,22.384103775024414,7.012745380401611,86.2523193359375,26.59595489501953,0.3083505928516388,0.003639471484348178,16.064661026000977,0.0,1.0,7.806466102600098,17.798664093017578,10.930115699768066,4.83278751373291,-6.097328186035156,13.324904441833496,6.506974697113037,49.72709655761719,19.83129119873047,0.3988025188446045,0.13436059653759003,8.767060279846191,0.4000000059604645,1.0
530,36.0,38.0,48.0,False,False,0,stable_wrong,12.445457458496094,18.794166564941406,15.543644905090332,9.738089561462402,-5.80555534362793,19.754741668701172,4.99064826965332,91.96842193603516,23.225805282592773,0.25254109501838684,-0.1594710648059845,17.258867263793945,0.4000000059604645,1.0,8.840174674987793,18.085458755493164,11.534024238586426,6.7378716468811035,-4.796152591705322,14.15631103515625,6.436430931091309,52.70482635498047,21.46268653869629,0.40722429752349854,0.09731171280145645,11.314661979675293,0.0,1.0
531,66.0,60.0,66.0,False,True,1,recovered,13.732178688049316,16.568368911743164,15.096366882324219,11.954747200012207,-3.1416196823120117,21.30864715576172,3.8976950645446777,102.70162200927734,19.55182456970215,0.19037503004074097,-0.13960325717926025,19.63899803161621,0.4000000059604645,1.0,10.504987716674805,16.10211944580078,12.604357719421387,8.534388542175293,-4.069969177246094,17.086776733398438,3.5787556171417236,86.74079132080078,21.505443572998047,0.2479276806116104,-0.3856293559074402,13.526580810546875,0.4000000059604645,1.0
532,25.0,21.0,24.0,False,False,0,stable_wrong,11.791427612304688,17.902660369873047,14.100083351135254,9.789284706115723,-4.310798645019531,18.8308162689209,4.03578519821167,83.68177032470703,24.3371639251709,0.29082992672920227,-0.048422690480947495,15.746062278747559,0.20000000298023224,1.0,9.086806297302246,17.449316024780273,10.857833862304688,7.36858606338501,-3.4892477989196777,14.645490646362305,4.970183849334717,64.02869415283203,23.227872848510742,0.3627728521823883,-0.14885084331035614,11.882584571838379,0.20000000298023224,1.0
533,300.0,600.0,200.0,False,False,0,stable_wrong,11.463418960571289,16.74700927734375,13.560760498046875,9.280531883239746,-4.280228614807129,18.840333938598633,3.3800137042999268,92.39459228515625,22.045612335205078,0.23860284686088562,-0.29320400953292847,14.115252494812012,0.20000000298023224,1.0,7.74552059173584,16.01954460144043,10.360391616821289,5.82027006149292,-4.540121555328369,12.763757705688477,5.541574478149414,49.023014068603516,19.186145782470703,0.39137017726898193,0.002741229487583041,9.282299995422363,0.4000000059604645,1.0
534,300.0,240.0,60.0,False,False,0,stable_wrong,11.943495750427246,20.27583885192871,15.201098442077637,9.05428409576416,-6.146814346313477,19.312580108642578,5.622686386108398,86.34239959716797,27.043527603149414,0.3132126033306122,0.019997138530015945,15.727852821350098,0.20000000298023224,1.0,6.306933403015137,15.585643768310547,8.774003028869629,4.319522380828857,-4.4544806480407715,10.397501945495605,6.204888820648193,37.011104583740234,17.348953247070312,0.4687499403953552,0.301369845867157,7.831949710845947,0.20000000298023224,1.0
535,16.0,16.0,16.0,True,True,0,stable_correct,11.638975143432617,19.407028198242188,15.159863471984863,7.8695387840271,-7.290324687957764,19.447887420654297,6.550837993621826,75.74880981445312,22.478605270385742,0.2967519164085388,0.17356924712657928,13.921050071716309,0.20000000298023224,1.0,7.730303764343262,18.140195846557617,11.949790000915527,4.7021989822387695,-7.247591018676758,13.06066608428955,7.423048496246338,47.88502502441406,19.733396530151367,0.41209954023361206,0.2683998644351959,8.884977340698242,0.4000000059604645,1.0
536,8.0,8.0,8.0,True,True,0,stable_correct,14.18561840057373,19.825971603393555,17.103269577026367,11.5382080078125,-5.565061569213867,23.512685775756836,6.5558977127075195,95.18150329589844,24.154685974121094,0.2537750005722046,0.07678724825382233,16.99371910095215,0.20000000298023224,1.0,7.307499408721924,17.600881576538086,10.073200225830078,4.521463394165039,-5.551736831665039,12.334542274475098,6.906206130981445,47.611595153808594,18.682071685791016,0.39238491654396057,0.1899813860654831,8.774664878845215,0.20000000298023224,1.0
537,188.0,188.0,187.0,True,False,-1,regressed,11.485971450805664,20.30647850036621,13.89450454711914,9.497893333435059,-4.396611213684082,18.366409301757812,5.472907543182373,85.372802734375,26.198177337646484,0.30686795711517334,-0.04065190628170967,15.575688362121582,0.4000000059604645,1.0,8.886643409729004,17.48113250732422,11.046221733093262,7.360609531402588,-3.685612201690674,14.044373512268066,5.9746880531311035,57.276344299316406,20.93267250061035,0.36546802520751953,0.08103934675455093,12.186107635498047,0.20000000298023224,1.0
538,18.0,18.0,18.0,True,True,0,stable_correct,15.259875297546387,21.084129333496094,16.26357078552246,13.848233222961426,-2.415337562561035,24.978168487548828,5.331105709075928,117.74673461914062,26.26481819152832,0.2230619639158249,-0.007380175404250622,18.980554580688477,0.6000000238418579,1.0,7.650849342346191,19.573562622070312,11.380477905273438,4.659488201141357,-6.72098970413208,12.857043266296387,8.015215873718262,46.613059997558594,21.943012237548828,0.4707481563091278,0.19523286819458008,8.608406066894531,0.20000000298023224,1.0
539,35.0,60.0,20.0,False,False,0,stable_wrong,10.538117408752441,15.467105865478516,12.808260917663574,8.190184593200684,-4.618076324462891,16.316438674926758,3.805373191833496,82.53704071044922,24.136301040649414,0.29242992401123047,-0.05873333290219307,15.560604095458984,0.4000000059604645,1.0,7.552730560302734,18.135807037353516,10.451590538024902,4.963130950927734,-5.488459587097168,12.196349143981934,7.392746925354004,43.6862907409668,21.412199020385742,0.49013543128967285,0.3254222273826599,9.236547470092773,0.20000000298023224,1.0
540,39.0,39.0,63.0,True,False,-1,regressed,11.932912826538086,17.539745330810547,13.842345237731934,10.112815856933594,-3.72952938079834,19.157480239868164,3.8541054725646973,88.68145751953125,22.614791870117188,0.25501149892807007,-0.03101542964577675,15.789820671081543,0.4000000059604645,1.0,9.22546672821045,18.27288818359375,12.121977806091309,6.894547939300537,-5.2274298667907715,14.95219612121582,6.027122497558594,63.066925048828125,23.230234146118164,0.3683425784111023,-0.009832924231886864,11.970677375793457,0.4000000059604645,1.0
541,50.0,50.0,50.0,True,True,0,stable_correct,11.40056324005127,16.93514633178711,13.838489532470703,8.709518432617188,-5.128971099853516,18.624174118041992,4.667939186096191,82.95556640625,20.32608413696289,0.24502375721931458,0.14590327441692352,14.20687484741211,0.4000000059604645,1.0,8.440006256103516,19.817323684692383,10.327388763427734,7.015108108520508,-3.3122806549072266,14.15000057220459,7.055572032928467,57.50217056274414,23.538278579711914,0.40934592485427856,-0.16560716927051544,10.159311294555664,0.4000000059604645,1.0
542,7.0,6.5,6.0,False,False,0,stable_wrong,15.53201961517334,18.520164489746094,16.96295738220215,14.613301277160645,-2.349656105041504,24.177709579467773,3.4655027389526367,116.84017944335938,22.392337799072266,0.19164928793907166,-0.2537059783935547,21.80556297302246,0.4000000059604645,1.0,11.557641983032227,19.680715560913086,13.97695541381836,8.3257474899292,-5.65120792388916,18.668180465698242,6.220599174499512,80.37602233886719,25.64955711364746,0.31911951303482056,-0.1768583506345749,14.469902038574219,0.4000000059604645,1.0
543,6.0,6.0,6.0,True,True,0,stable_correct,11.890677452087402,17.178874969482422,13.39232349395752,10.855036735534668,-2.5372867584228516,17.69633674621582,3.6691911220550537,92.75457763671875,25.98650360107422,0.28016412258148193,-0.14926929771900177,19.32349967956543,0.4000000059604645,1.0,9.48884391784668,18.11020851135254,12.345203399658203,7.0598368644714355,-5.285366535186768,15.558615684509277,5.690516471862793,65.98756408691406,22.368288040161133,0.3389773368835449,-0.33331742882728577,11.621586799621582,0.20000000298023224,1.0
544,80.0,80.0,80.0,True,True,0,stable_correct,12.55431079864502,16.04678726196289,13.396903991699219,10.54755687713623,-2.8493471145629883,19.605960845947266,4.927416801452637,102.5140151977539,23.754594802856445,0.2317204624414444,-0.037918560206890106,16.71821403503418,0.20000000298023224,1.0,8.90832805633545,21.387535095214844,12.465258598327637,6.551217555999756,-5.914041042327881,14.790358543395996,7.87278938293457,59.50640106201172,26.300355911254883,0.4419752359390259,0.06384892761707306,10.798872947692871,0.20000000298023224,1.0
545,30.0,30.0,30.0,True,True,0,stable_correct,12.597854614257812,20.406511306762695,15.97282886505127,8.599920272827148,-7.372908592224121,21.284931182861328,6.725166320800781,83.2254638671875,24.04383087158203,0.2888999283313751,0.16066719591617584,14.698521614074707,0.20000000298023224,1.0,6.627598762512207,16.945884704589844,10.302139282226562,3.520162582397461,-6.781976699829102,11.18596076965332,7.202708721160889,40.111419677734375,17.85684585571289,0.44518110156059265,0.2410588264465332,7.523832321166992,0.4000000059604645,1.0
546,130.0,13.0,66.0,True,False,-1,regressed,12.221142768859863,17.295984268188477,15.121399879455566,9.018567085266113,-6.102832794189453,19.788965225219727,4.004298210144043,96.26083374023438,21.621551513671875,0.224614217877388,-0.10991793870925903,16.16312026977539,0.20000000298023224,1.0,9.25414752960205,22.110790252685547,12.308892250061035,6.480995178222656,-5.827897071838379,15.338558197021484,8.336967468261719,57.19129180908203,25.8861083984375,0.45262324810028076,0.0803624615073204,10.979519844055176,0.20000000298023224,1.0
547,81.0,45.0,36.0,False,False,0,stable_wrong,12.972610473632812,18.12413215637207,14.363314628601074,11.286788940429688,-3.0765256881713867,20.343347549438477,3.5858986377716064,96.15206146240234,27.225616455078125,0.28315165638923645,-0.028151238337159157,18.092981338500977,0.20000000298023224,1.0,6.818355560302734,17.549036026000977,9.095895767211914,5.197237491607666,-3.898658275604248,11.105911254882812,7.109926223754883,43.22087860107422,21.035200119018555,0.4866907000541687,-0.011163288727402687,8.446650505065918,0.4000000059604645,1.0
548,100.0,100.0,100.0,True,True,0,stable_correct,14.674699783325195,22.003559112548828,18.265764236450195,11.37691879272461,-6.888845443725586,23.803646087646484,8.481807708740234,89.4494400024414,23.82596778869629,0.26636239886283875,0.2442615032196045,17.976131439208984,0.20000000298023224,1.0,7.694420337677002,18.17076301574707,11.796592712402344,4.439442157745361,-7.357150554656982,12.90705394744873,7.5725178718566895,47.22612380981445,19.081159591674805,0.4040382206439972,0.2453748881816864,8.871588706970215,0.20000000298023224,1.0
549,398.0,402.0,398.0,False,True,1,recovered,14.253654479980469,19.708398818969727,16.231599807739258,11.82677936553955,-4.404820442199707,23.09306526184082,6.874595642089844,104.87505340576172,24.803558349609375,0.23650580644607544,6.191730790305883e-05,17.58451271057129,0.4000000059604645,1.0,8.510416984558105,20.134504318237305,12.27122974395752,5.264091968536377,-7.007137775421143,14.018654823303223,8.207091331481934,53.5717887878418,21.755435943603516,0.40609875321388245,0.26534539461135864,10.4561185836792,0.20000000298023224,1.0
550,27.0,18.15,22.95,False,False,0,stable_wrong,13.928955078125,18.577287673950195,17.03780174255371,11.584582328796387,-5.453219413757324,22.44864273071289,3.6435933113098145,110.77130889892578,23.735567092895508,0.21427540481090546,-0.2685375511646271,18.473588943481445,0.4000000059604645,1.0,10.86000919342041,19.736541748046875,13.355727195739746,8.757513999938965,-4.598213195800781,17.844406127929688,5.393247127532959,80.81087493896484,25.062131881713867,0.310133159160614,-0.2292555570602417,13.496264457702637,0.20000000298023224,1.0
551,17.0,17.0,17.0,True,True,0,stable_correct,16.642492294311523,19.703571319580078,18.888883590698242,14.238690376281738,-4.650193214416504,25.794876098632812,3.4652326107025146,128.20249938964844,27.28288459777832,0.21281085908412933,-0.2309376299381256,23.89679527282715,0.20000000298023224,1.0,11.647085189819336,20.452857971191406,14.474376678466797,8.213744163513184,-6.260632514953613,19.155109405517578,5.830431938171387,82.10275268554688,25.76601791381836,0.31382647156715393,-0.30996185541152954,13.802177429199219,0.4000000059604645,1.0
552,450.0,850.0,425.0,False,False,0,stable_wrong,9.631790161132812,15.663593292236328,12.729842185974121,7.144730091094971,-5.58511209487915,15.517501831054688,4.336401462554932,67.2753677368164,20.85392951965332,0.3099786639213562,-0.14045092463493347,12.534674644470215,0.0,1.0,7.8724565505981445,15.798447608947754,9.14322280883789,6.651405334472656,-2.4918174743652344,12.64848804473877,5.2771477699279785,48.101837158203125,19.204322814941406,0.399243026971817,0.02490393817424774,10.323836326599121,0.0,1.0
553,92.0,92.0,92.0,True,True,0,stable_correct,14.40247917175293,20.39723014831543,15.719218254089355,13.249397277832031,-2.469820976257324,21.956357955932617,4.276029109954834,117.51775360107422,29.123140335083008,0.24781906604766846,-0.21664568781852722,21.51997184753418,0.4000000059604645,1.0,9.471806526184082,18.030576705932617,12.446866035461426,6.693837642669678,-5.753028392791748,15.484138488769531,5.800754547119141,66.66157531738281,21.583820343017578,0.3237820267677307,-0.29018768668174744,11.744793891906738,0.20000000298023224,1.0
554,54.0,48.0,54.0,False,True,1,recovered,11.960467338562012,18.086349487304688,14.462613105773926,9.63232421875,-4.830288887023926,19.06664276123047,5.21379280090332,75.29950714111328,23.147470474243164,0.30740535259246826,0.09649749100208282,15.473584175109863,0.0,1.0,8.330660820007324,17.97976303100586,11.253101348876953,6.227595806121826,-5.025505542755127,13.304662704467773,6.608767032623291,54.29649353027344,22.462650299072266,0.4137035310268402,0.029257606714963913,11.037753105163574,0.4000000059604645,1.0
555,2.0,2.0,2.0,True,True,0,stable_correct,13.274989128112793,19.457603454589844,14.82574462890625,11.424622535705566,-3.4011220932006836,20.575834274291992,4.198066234588623,107.89697265625,28.701709747314453,0.2660103440284729,-0.1447727382183075,18.78108787536621,0.20000000298023224,1.0,8.892144203186035,18.759552001953125,12.204909324645996,5.723794460296631,-6.481114864349365,14.499353408813477,6.946435451507568,58.52944564819336,21.59092903137207,0.36889001727104187,0.0989786833524704,10.836052894592285,0.4000000059604645,1.0
556,160.0,160.0,160.0,True,True,0,stable_correct,12.549909591674805,18.52878761291504,14.760319709777832,9.09444522857666,-5.665874481201172,20.787790298461914,6.6786956787109375,84.86479949951172,21.129758834838867,0.24898143112659454,0.21387457847595215,15.32481861114502,0.20000000298023224,1.0,7.488707065582275,17.650625228881836,10.376985549926758,4.93306303024292,-5.443922519683838,12.37282943725586,6.903872966766357,45.01021957397461,19.827226638793945,0.4405049979686737,0.3108382225036621,9.122557640075684,0.20000000298023224,1.0
557,70.0,70.0,70.0,True,True,0,stable_correct,14.559836387634277,17.219839096069336,15.755568504333496,13.34222412109375,-2.413344383239746,22.14743423461914,3.8113625049591064,104.6298599243164,27.023773193359375,0.2582797408103943,-0.07495417445898056,21.790687561035156,0.4000000059604645,1.0,8.077845573425293,17.924530029296875,11.210919380187988,4.685427188873291,-6.525492191314697,13.500870704650879,6.582218647003174,62.931575775146484,20.690649032592773,0.32878008484840393,-0.19955143332481384,9.920363426208496,0.20000000298023224,1.0
558,3.0,3.0,3.0,True,True,0,stable_correct,13.900544166564941,22.131155014038086,17.752355575561523,10.494668006896973,-7.257687568664551,22.465641021728516,8.748251914978027,76.34223175048828,26.562055587768555,0.34793397784233093,0.30046743154525757,16.09227180480957,0.0,1.0,7.87581729888916,17.958749771118164,11.214892387390137,5.071425914764404,-6.143466472625732,12.939667701721191,7.153214454650879,47.07411575317383,19.04526138305664,0.40458032488822937,0.3731723427772522,9.750842094421387,0.20000000298023224,1.0
559,16.0,2.0,4.5,False,False,0,stable_wrong,12.161170959472656,20.306629180908203,14.789036750793457,9.435521125793457,-5.353515625,19.87908363342285,5.257809638977051,86.61138916015625,26.530746459960938,0.30631938576698303,0.03437855839729309,15.209656715393066,0.4000000059604645,1.0,8.920267105102539,18.635774612426758,12.749423027038574,5.78449010848999,-6.964932918548584,14.406034469604492,7.108487606048584,59.55751037597656,20.805030822753906,0.3493267297744751,0.08725287020206451,11.540745735168457,0.20000000298023224,1.0
560,45.0,45.0,45.0,True,True,0,stable_correct,12.817851066589355,20.248083114624023,14.54407024383545,11.225326538085938,-3.3187437057495117,19.660049438476562,4.907962322235107,97.79695129394531,28.159212112426758,0.2879354655742645,-0.13324202597141266,19.31073570251465,0.20000000298023224,1.0,8.156609535217285,15.671321868896484,10.875718116760254,5.950573444366455,-4.925144672393799,13.188138961791992,5.247928619384766,53.22422790527344,19.229969024658203,0.3613010346889496,-0.1300376057624817,10.268980979919434,0.20000000298023224,1.0
561,180.0,163.33,163.33,False,False,0,stable_wrong,14.963372230529785,19.004379272460938,16.814861297607422,13.355032920837402,-3.4598283767700195,23.207279205322266,3.431293487548828,121.08090209960938,28.218280792236328,0.23305310308933258,-0.23042544722557068,21.760498046875,0.4000000059604645,1.0,10.743980407714844,18.701934814453125,14.00048828125,8.154207229614258,-5.846281051635742,17.052080154418945,6.6069560050964355,73.92997741699219,22.12555503845215,0.2992771863937378,-0.027509212493896484,14.039692878723145,0.4000000059604645,1.0
562,82.0,82.0,82.0,True,True,0,stable_correct,14.19788646697998,19.341033935546875,15.453655242919922,12.296133995056152,-3.1575212478637695,22.702011108398438,6.646475315093994,104.22742462158203,24.51009750366211,0.235159769654274,0.09039629995822906,18.030569076538086,0.6000000238418579,1.0,8.149650573730469,20.221872329711914,12.973625183105469,4.651153087615967,-8.322471618652344,14.027518272399902,8.26455020904541,54.51803970336914,22.586071014404297,0.41428619623184204,0.10473628342151642,9.302428245544434,0.20000000298023224,1.0
563,12.0,12.0,12.0,True,True,0,stable_correct,13.392098426818848,20.444087982177734,16.977182388305664,10.461888313293457,-6.515294075012207,21.44508171081543,5.621142387390137,90.11000061035156,27.939477920532227,0.31005966663360596,-0.1071210727095604,17.139192581176758,0.0,1.0,10.569083213806152,15.853704452514648,13.237700462341309,7.885705471038818,-5.35199499130249,17.122787475585938,4.348146438598633,78.05364990234375,19.85309600830078,0.2543519139289856,-0.1774202436208725,13.311875343322754,0.20000000298023224,1.0
564,240.0,200.0,220.0,False,False,0,stable_wrong,11.788792610168457,18.11203956604004,14.0794677734375,9.064574241638184,-5.014893531799316,19.04894256591797,4.434823513031006,89.72993469238281,23.992372512817383,0.26738426089286804,0.010416304692626,15.253567695617676,0.20000000298023224,1.0,8.779147148132324,17.1669921875,11.001240730285645,6.80707311630249,-4.194167613983154,14.102302551269531,5.935145378112793,54.393699645996094,19.476877212524414,0.35807231068611145,0.023150885477662086,11.108440399169922,0.20000000298023224,1.0
565,5.0,5.0,5.0,True,True,0,stable_correct,14.3764009475708,18.780521392822266,17.14920997619629,11.906991004943848,-5.242218971252441,22.512985229492188,4.85098123550415,96.88505554199219,26.83350944519043,0.2769623100757599,-0.018911540508270264,19.69908332824707,0.4000000059604645,1.0,8.992952346801758,17.634523391723633,12.663485527038574,6.1013617515563965,-6.562123775482178,14.720063209533691,6.283627986907959,60.40497970581055,22.08504295349121,0.3656162619590759,-0.12569312751293182,10.786602973937988,0.20000000298023224,1.0
566,10.0,10.33,10.33,False,False,0,stable_wrong,14.693239212036133,20.49795150756836,15.956685066223145,13.777114868164062,-2.179570198059082,22.201290130615234,4.465741157531738,107.3304672241211,31.55937957763672,0.2940393388271332,-0.09000910818576813,22.655508041381836,0.20000000298023224,1.0,9.659956932067871,19.00388526916504,12.308703422546387,7.260865688323975,-5.047837734222412,16.02044677734375,6.348050594329834,73.4151840209961,21.313268661499023,0.29031145572662354,-0.2587357461452484,11.615704536437988,0.4000000059604645,1.0
567,9.0,9.0,9.0,True,True,0,stable_correct,9.153777122497559,15.140572547912598,12.404373168945312,6.416569232940674,-5.987803936004639,14.987875938415527,4.6945366859436035,61.200157165527344,17.478002548217773,0.2855875492095947,0.07900109887123108,11.216167449951172,0.0,1.0,8.562952995300293,15.46142292022705,10.01663875579834,8.178823471069336,-1.837815284729004,12.635222434997559,5.513306140899658,56.72884750366211,19.39217758178711,0.3418397903442383,-0.2809267044067383,13.580370903015137,0.4000000059604645,1.0
568,175.0,185.0,175.0,False,True,1,recovered,11.658964157104492,15.428662300109863,12.730570793151855,10.689351081848145,-2.041219711303711,17.636579513549805,2.95847225189209,87.6814956665039,24.79469108581543,0.28278133273124695,-0.08098996430635452,17.99127769470215,0.4000000059604645,1.0,7.8308892250061035,14.865974426269531,8.685094833374023,7.198034763336182,-1.4870600700378418,12.646395683288574,4.648333549499512,49.3784065246582,19.113544464111328,0.3870830535888672,0.12638458609580994,10.317791938781738,0.4000000059604645,1.0
569,21.0,21.0,21.0,True,True,0,stable_correct,14.18383502960205,19.834623336791992,14.685297966003418,12.12643814086914,-2.5588598251342773,22.885099411010742,8.075751304626465,96.05631256103516,17.470226287841797,0.1818748414516449,0.17770783603191376,17.061166763305664,0.6000000238418579,1.0,7.598148345947266,18.393033981323242,11.0907621383667,4.7311692237854,-6.359592914581299,12.651735305786133,7.415271759033203,46.46625518798828,20.19942283630371,0.43471166491508484,0.2852793335914612,9.055781364440918,0.20000000298023224,1.0
570,23.0,24.0,23.0,False,True,1,recovered,11.699186325073242,15.571940422058105,13.5724458694458,9.791366577148438,-3.7810792922973633,18.8377628326416,3.482443332672119,83.11541748046875,19.76839256286621,0.23784266412258148,-0.11160097271203995,14.995807647705078,0.20000000298023224,1.0,7.916327953338623,16.32295799255371,8.936604499816895,7.2070231437683105,-1.729581356048584,12.845024108886719,5.318441390991211,50.960716247558594,20.452754974365234,0.40134355425834656,0.035713713616132736,10.477385520935059,0.4000000059604645,1.0
571,308.0,308.0,308.0,True,True,0,stable_correct,13.153437614440918,19.851552963256836,14.780543327331543,11.647598266601562,-3.1329450607299805,20.15378761291504,4.673623561859131,107.00928497314453,28.623498916625977,0.2674861252307892,-0.2014956772327423,19.774364471435547,0.4000000059604645,1.0,8.008821487426758,15.820526123046875,10.845952033996582,5.742454528808594,-5.103497505187988,12.71342658996582,5.658759593963623,52.29974365234375,19.904699325561523,0.3805888593196869,0.023470263928174973,10.578723907470703,0.4000000059604645,1.0
572,100.0,90.0,95.0,False,False,0,stable_wrong,12.5275239944458,16.894607543945312,15.700416564941406,10.32373332977295,-5.376683235168457,19.545616149902344,5.022505760192871,84.61426544189453,24.083486557006836,0.2846267819404602,-0.02907375432550907,17.152212142944336,0.0,1.0,8.641680717468262,15.879755973815918,10.207657814025879,8.221453666687012,-1.9862041473388672,13.612336158752441,5.0998005867004395,51.86312484741211,21.921024322509766,0.42267072200775146,0.11547543108463287,11.86713695526123,0.20000000298023224,1.0
573,600.0,600.0,600.0,True,True,0,stable_correct,13.392313003540039,21.77202606201172,14.675806999206543,11.55649471282959,-3.119312286376953,21.25995635986328,5.412302494049072,106.16395568847656,30.767894744873047,0.28981488943099976,-0.11384017765522003,18.094900131225586,0.4000000059604645,1.0,6.8384294509887695,15.053631782531738,9.296784400939941,4.947078227996826,-4.349706172943115,11.28042221069336,5.548998832702637,46.98027420043945,17.127824783325195,0.3645748198032379,-0.04760819673538208,8.513321876525879,0.4000000059604645,1.0
574,37.0,40.0,40.0,False,False,0,stable_wrong,10.638895988464355,17.89542579650879,12.95392894744873,8.491104125976562,-4.462824821472168,17.341533660888672,4.731047630310059,74.21524047851562,22.80789566040039,0.3073209226131439,0.039548229426145554,13.532919883728027,0.4000000059604645,1.0,9.043745994567871,18.503616333007812,10.248111724853516,7.776519775390625,-2.4715919494628906,14.461312294006348,6.352461338043213,57.52128601074219,22.33724021911621,0.38832998275756836,0.10861172527074814,11.951565742492676,0.4000000059604645,1.0
575,36.0,24.0,24.0,False,False,0,stable_wrong,11.364787101745605,21.311111450195312,15.982417106628418,6.880838871002197,-9.101577758789062,19.062469482421875,6.825824737548828,78.8228759765625,26.613100051879883,0.3376316726207733,-0.0380416139960289,13.027403831481934,0.0,1.0,8.187931060791016,18.87085723876953,11.46368408203125,5.153720378875732,-6.309963703155518,13.770323753356934,7.136565208435059,55.47404861450195,19.81279182434082,0.3571542501449585,0.03158082813024521,9.727910041809082,0.20000000298023224,1.0
576,11232.0,1008.0,900.0,False,False,0,stable_wrong,11.169449806213379,16.708826065063477,14.169703483581543,8.761128425598145,-5.408575057983398,17.783342361450195,5.755197525024414,71.49667358398438,20.867359161376953,0.2918647527694702,0.12725766003131866,14.510665893554688,0.20000000298023224,1.0,9.096847534179688,16.421878814697266,11.152754783630371,7.464690685272217,-3.6880640983581543,14.739386558532715,5.323079586029053,66.19475555419922,20.752622604370117,0.3135085701942444,-0.06850345432758331,12.078868865966797,0.20000000298023224,1.0
577,40.0,87.0,35.0,False,False,0,stable_wrong,8.392451286315918,15.566085815429688,10.387056350708008,6.4812798500061035,-3.9057765007019043,14.050568580627441,4.309505462646484,58.154903411865234,19.191791534423828,0.3300115764141083,-0.041186653077602386,9.81511402130127,0.20000000298023224,1.0,6.718300819396973,15.370944023132324,8.763526916503906,5.075654029846191,-3.687872886657715,11.020503997802734,5.911678791046143,39.7633171081543,18.344161987304688,0.4613337814807892,0.12091396003961563,7.895949840545654,0.20000000298023224,1.0
578,48.0,8.0,28.0,False,False,0,stable_wrong,8.400667190551758,16.2523136138916,11.24432373046875,5.433511734008789,-5.810811996459961,14.018583297729492,5.180116653442383,52.881683349609375,19.369699478149414,0.36628371477127075,0.07706477493047714,9.654949188232422,0.0,1.0,7.919499397277832,16.72593116760254,9.505768775939941,5.676823139190674,-3.8289456367492676,13.340956687927246,5.935542106628418,51.87869644165039,19.04143524169922,0.36703765392303467,0.09705637395381927,9.681933403015137,0.20000000298023224,1.0
579,7.0,7.0,7.0,True,True,0,stable_correct,14.569562911987305,20.794151306152344,17.589130401611328,12.036677360534668,-5.55245304107666,23.100601196289062,8.416552543640137,79.31407928466797,27.30525779724121,0.34426748752593994,0.1639903038740158,17.244050979614258,0.20000000298023224,1.0,7.15189266204834,17.65619468688965,10.656983375549316,4.013870716094971,-6.643112659454346,12.207376480102539,7.064808368682861,44.630760192871094,18.617143630981445,0.4171370565891266,0.37870487570762634,8.33945369720459,0.20000000298023224,1.0
580,500.0,520.0,490.0,False,False,0,stable_wrong,11.024633407592773,16.125980377197266,13.779974937438965,8.38271427154541,-5.397260665893555,17.603559494018555,4.689587116241455,72.04313659667969,21.985240936279297,0.3051677346229553,0.026618635281920433,14.107928276062012,0.0,1.0,8.229928016662598,19.656095504760742,10.770102500915527,6.174308776855469,-4.595793724060059,13.624044418334961,7.827095031738281,48.59585952758789,21.82913589477539,0.4491974413394928,0.3595607876777649,9.71169662475586,0.20000000298023224,1.0
581,215.0,215.0,215.0,True,True,0,stable_correct,12.384432792663574,20.915884017944336,15.291476249694824,10.058928489685059,-5.232547760009766,19.405662536621094,5.736862659454346,99.6838607788086,27.6893253326416,0.27777138352394104,-0.2869884967803955,18.121244430541992,0.20000000298023224,1.0,8.698881149291992,17.35834503173828,10.516329765319824,7.037928104400635,-3.4784016609191895,14.044615745544434,5.971519470214844,53.87269592285156,20.543256759643555,0.38132965564727783,0.11260485649108887,11.096487998962402,0.20000000298023224,1.0
582,129200.0,119200.0,1288000.0,False,False,0,stable_wrong,12.10991096496582,16.598398208618164,12.767398834228516,10.512444496154785,-2.2549543380737305,19.256690979003906,4.277124881744385,98.16482543945312,24.316862106323242,0.24771462380886078,-0.03857504203915596,15.961474418640137,0.4000000059604645,1.0,9.476471900939941,21.494171142578125,11.75821590423584,7.346455097198486,-4.4117608070373535,15.776993751525879,7.883870601654053,63.725955963134766,24.538578033447266,0.38506409525871277,0.07565149664878845,11.535624504089355,0.4000000059604645,1.0
583,120.0,136.0,136.0,False,False,0,stable_wrong,13.148473739624023,20.165225982666016,15.442885398864746,11.737808227539062,-3.7050771713256836,20.10140609741211,5.382875919342041,86.66727447509766,27.574182510375977,0.31816139817237854,-0.05971423536539078,19.646907806396484,0.20000000298023224,1.0,9.08248233795166,16.24983787536621,10.261311531066895,8.348114013671875,-1.9131975173950195,14.862910270690918,4.722521781921387,64.4718017578125,18.82793617248535,0.29203367233276367,-0.19411708414554596,11.605644226074219,0.6000000238418579,1.0
584,2.0,4.5,2.0,False,True,1,recovered,10.465731620788574,14.870441436767578,11.95807933807373,8.72791576385498,-3.23016357421875,16.947059631347656,3.2568578720092773,80.58003997802734,18.83746910095215,0.2337733954191208,-0.00796140730381012,13.469040870666504,0.6000000238418579,1.0,10.283949851989746,20.50798797607422,13.24604320526123,7.93191385269165,-5.31412935256958,16.372074127197266,7.636940002441406,63.18510437011719,23.838991165161133,0.37728816270828247,0.20742850005626678,13.313385963439941,0.20000000298023224,1.0
585,40.0,20.0,20.0,False,False,0,stable_wrong,10.263361930847168,14.879304885864258,12.809764862060547,8.43540096282959,-4.374363899230957,15.999059677124023,4.978333950042725,57.69647979736328,20.002479553222656,0.3466845750808716,0.215855211019516,13.126643180847168,0.0,1.0,6.59788179397583,15.65657901763916,8.860011100769043,5.136172771453857,-3.7238383293151855,10.849831581115723,5.8557305335998535,41.018531799316406,19.435998916625977,0.4738345742225647,-0.014865165576338768,7.962239742279053,0.0,1.0
586,800.0,800.0,800.0,True,True,0,stable_correct,14.927854537963867,18.45976448059082,16.716922760009766,12.59890365600586,-4.118019104003906,23.21662712097168,3.8906610012054443,115.56404113769531,24.74247169494629,0.21410182118415833,-0.14481604099273682,21.66984748840332,0.4000000059604645,1.0,9.508095741271973,17.28484344482422,11.913899421691895,7.08799409866333,-4.8259053230285645,15.679286003112793,5.044597148895264,78.39252471923828,20.815195083618164,0.2655252516269684,-0.526897668838501,11.906834602355957,0.6000000238418579,1.0
587,30.0,94.0,82.0,False,False,0,stable_wrong,7.218092918395996,11.820832252502441,8.756523132324219,6.06317663192749,-2.6933465003967285,11.522759437561035,3.235145092010498,48.09300994873047,14.79365062713623,0.30760499835014343,0.1259196400642395,9.59958553314209,0.0,1.0,5.997323036193848,16.443017959594727,8.334380149841309,4.356556415557861,-3.9778237342834473,9.88749885559082,6.869295120239258,34.04140090942383,19.873788833618164,0.5838122963905334,0.17257454991340637,6.880542755126953,0.20000000298023224,1.0
588,52.0,49.67,48.67,False,False,0,stable_wrong,9.671841621398926,13.229034423828125,11.122973442077637,8.155434608459473,-2.967538833618164,15.382325172424316,3.344919443130493,63.94335174560547,17.645679473876953,0.27595800161361694,0.07312455028295517,12.630440711975098,0.20000000298023224,1.0,6.947295665740967,16.403255462646484,8.858868598937988,5.755950450897217,-3.1029181480407715,11.62192440032959,6.134966850280762,41.51873779296875,19.378334045410156,0.4667370617389679,0.12545263767242432,8.159139633178711,0.20000000298023224,1.0
589,15.0,8.75,1.0,False,False,0,stable_wrong,8.7548828125,13.87092399597168,11.109292030334473,6.352807998657227,-4.756484031677246,14.42739200592041,3.592818260192871,65.6532211303711,17.63434600830078,0.268598347902298,-0.18343111872673035,10.933903694152832,0.20000000298023224,1.0,7.470386028289795,16.730756759643555,8.756718635559082,6.892436981201172,-1.8642816543579102,12.34760856628418,5.967404842376709,50.52057647705078,19.99703598022461,0.39581963419914246,-0.10274777561426163,9.634562492370605,0.20000000298023224,1.0
590,319.0,418.0,428.0,False,False,0,stable_wrong,13.558004379272461,17.46769142150879,14.831452369689941,11.911189079284668,-2.9202632904052734,21.009660720825195,4.958265781402588,89.3378677368164,23.00400161743164,0.25749441981315613,0.06096470355987549,18.97991371154785,0.4000000059604645,1.0,8.669164657592773,18.19896697998047,10.885540008544922,6.975765705108643,-3.9097743034362793,14.555380821228027,6.0310540199279785,58.84853744506836,20.630924224853516,0.3505766689777374,0.009350841864943504,10.388346672058105,0.4000000059604645,1.0
591,220.0,220.0,220.0,True,True,0,stable_correct,12.857195854187012,20.245670318603516,14.814715385437012,10.560772895812988,-4.253942489624023,20.280412673950195,4.745949745178223,107.20233154296875,27.78669548034668,0.2591986060142517,-0.19060063362121582,17.671655654907227,0.4000000059604645,1.0,9.108509063720703,18.262754440307617,12.393193244934082,6.0034565925598145,-6.389736652374268,14.805401802062988,6.487668037414551,64.38621520996094,21.82304573059082,0.33893972635269165,-0.0743393748998642,11.983386993408203,0.4000000059604645,1.0
592,1.0,1.0,1.0,True,True,0,stable_correct,10.808178901672363,16.283035278320312,14.060816764831543,8.208510398864746,-5.852306365966797,17.668066024780273,4.863507270812988,74.22682189941406,20.180801391601562,0.271880179643631,-0.04894508793950081,13.212895393371582,0.0,1.0,9.550850868225098,16.512025833129883,11.91933536529541,8.059481620788574,-3.859853744506836,15.551264762878418,4.485585689544678,69.22569274902344,21.478118896484375,0.3102622330188751,-0.1544022262096405,12.248859405517578,0.20000000298023224,1.0
593,3.0,5.0,5.0,False,False,0,stable_wrong,9.12753963470459,14.154504776000977,11.179930686950684,6.512416362762451,-4.667514324188232,14.88939094543457,3.8042232990264893,69.92893981933594,19.199909210205078,0.27456313371658325,0.05563928931951523,11.588162422180176,0.20000000298023224,1.0,8.016295433044434,16.829301834106445,10.140276908874512,5.959674835205078,-4.180602073669434,13.203065872192383,6.069187641143799,50.957210540771484,19.06264877319336,0.3740912973880768,0.13912388682365417,9.782002449035645,0.4000000059604645,1.0
594,42.0,42.0,42.0,True,True,0,stable_correct,10.817390441894531,17.141489028930664,13.914997100830078,7.09628438949585,-6.8187127113342285,18.1102237701416,4.618562698364258,81.54965209960938,21.816240310668945,0.267520934343338,-0.011884614825248718,13.156662940979004,0.20000000298023224,1.0,8.698596000671387,18.475059509277344,10.593689918518066,6.786085605621338,-3.8076043128967285,14.350664138793945,6.518433570861816,60.69599151611328,21.263925552368164,0.35033491253852844,-0.07174869626760483,10.195806503295898,0.6000000238418579,1.0
595,13.0,13.0,13.0,True,True,0,stable_correct,10.985433578491211,15.82494068145752,13.189033508300781,7.889848232269287,-5.299185276031494,17.6971435546875,4.408148765563965,87.78404998779297,22.20071792602539,0.25290149450302124,0.01031945738941431,14.417574882507324,0.20000000298023224,1.0,5.12793493270874,14.007692337036133,6.9196343421936035,3.538545846939087,-3.3810884952545166,8.525562286376953,6.011931419372559,29.84572982788086,15.601397514343262,0.5227346420288086,0.3154105246067047,5.911768436431885,0.4000000059604645,1.0
596,260.0,253.0,254.0,False,False,0,stable_wrong,11.960661888122559,16.707569122314453,13.05657958984375,10.983383178710938,-2.0731964111328125,19.272323608398438,3.185084819793701,97.47325134277344,22.572799682617188,0.23157942295074463,-0.24713099002838135,15.86229419708252,0.4000000059604645,1.0,8.880831718444824,16.946306228637695,11.19095516204834,7.1441497802734375,-4.046805381774902,14.305309295654297,5.233676433563232,61.648223876953125,20.21910858154297,0.3279755115509033,-0.08477184176445007,11.865615844726562,0.4000000059604645,1.0
597,90.0,90.0,40.0,True,False,-1,regressed,10.482245445251465,17.5864200592041,12.873568534851074,8.196144104003906,-4.677424430847168,16.701128005981445,4.728330135345459,77.66411590576172,23.733007431030273,0.30558523535728455,0.04934022203087807,14.35733699798584,0.4000000059604645,1.0,8.801033973693848,22.279619216918945,12.17154312133789,5.755232334136963,-6.416310787200928,14.697003364562988,8.89517593383789,58.691349029541016,25.245447158813477,0.4301391541957855,0.024843107908964157,10.26092529296875,0.20000000298023224,1.0
598,69.0,1.0,46.0,False,False,0,stable_wrong,11.51170539855957,17.940731048583984,14.413769721984863,9.52790355682373,-4.885866165161133,18.340103149414062,5.310401439666748,74.95195770263672,23.75046157836914,0.31687578558921814,0.023471474647521973,15.108248710632324,0.20000000298023224,1.0,9.514022827148438,19.08489418029785,12.585944175720215,7.273749828338623,-5.312194347381592,15.458609580993652,6.3277106285095215,61.14583206176758,23.531553268432617,0.3848431408405304,-0.10686127841472626,11.657790184020996,0.20000000298023224,1.0
599,48.0,48.0,68.0,True,False,-1,regressed,13.450148582458496,18.758852005004883,15.931897163391113,10.956189155578613,-4.9757080078125,20.78948402404785,4.585256099700928,107.24362182617188,25.069807052612305,0.23376502096652985,-0.16007936000823975,20.298635482788086,0.4000000059604645,1.0,8.979009628295898,19.265399932861328,11.730969429016113,7.085896968841553,-4.6450724601745605,14.733100891113281,6.582491874694824,58.93466567993164,22.799055099487305,0.38685303926467896,-0.16734936833381653,11.157845497131348,0.20000000298023224,1.0
600,10.0,10.0,10.0,True,True,0,stable_correct,13.37159252166748,19.191381454467773,15.037270545959473,10.890976905822754,-4.146293640136719,22.069059371948242,6.939504623413086,90.69917297363281,20.635868072509766,0.2275199145078659,0.1990521252155304,16.061038970947266,0.4000000059604645,1.0,8.604642868041992,19.305757522583008,12.05517292022705,5.135197162628174,-6.919975757598877,14.385810852050781,7.352358818054199,55.53928756713867,21.618574142456055,0.3892483115196228,0.25208228826522827,10.317769050598145,0.20000000298023224,1.0
601,104.0,95.0,97.0,False,False,0,stable_wrong,10.760404586791992,18.00542449951172,14.42219066619873,7.660112380981445,-6.762078285217285,17.43681526184082,5.8440327644348145,66.74330139160156,21.915050506591797,0.328348308801651,0.16663093864917755,13.327736854553223,0.0,1.0,7.558841228485107,17.812929153442383,10.151911735534668,5.620938777923584,-4.530972957611084,12.530494689941406,6.538475036621094,48.40595626831055,21.48935890197754,0.4439403712749481,0.0006630122661590576,8.991832733154297,0.20000000298023224,1.0
602,5.0,5.0,5.0,True,True,0,stable_correct,16.152366638183594,22.87247657775879,20.1154842376709,13.699727058410645,-6.415757179260254,24.663936614990234,8.275635719299316,85.51260375976562,33.98744201660156,0.3974553644657135,0.25465720891952515,20.984819412231445,0.0,1.0,8.057847023010254,20.143632888793945,11.54649829864502,4.971397399902344,-6.575100898742676,13.445842742919922,8.275635719299316,48.59494400024414,21.99241828918457,0.4525659680366516,0.3042152523994446,9.384255409240723,0.20000000298023224,1.0
603,1800.0,1500.0,1260.0,False,False,0,stable_wrong,11.922586441040039,18.95503044128418,14.652987480163574,9.547654151916504,-5.10533332824707,19.10971450805664,5.483707904815674,72.1364974975586,24.306350708007812,0.3369494080543518,0.15385054051876068,14.856886863708496,0.0,1.0,8.887052536010742,18.549728393554688,11.452921867370605,6.7994704246521,-4.653451442718506,14.332635879516602,7.007263660430908,58.38597106933594,21.67344856262207,0.37120985984802246,0.024052511900663376,11.35147476196289,0.20000000298023224,1.0
604,12.0,12.0,12.0,True,True,0,stable_correct,14.58165168762207,18.502227783203125,16.19462013244629,12.915542602539062,-3.2790775299072266,22.90073585510254,2.780186653137207,118.32080078125,26.700111389160156,0.22565864026546478,-0.29473069310188293,20.505462646484375,0.20000000298023224,1.0,9.628671646118164,17.386146545410156,13.0233154296875,7.031852722167969,-5.991462707519531,15.412996292114258,5.968061447143555,64.54499053955078,22.012516021728516,0.3410414457321167,-0.09281782805919647,12.341526985168457,0.4000000059604645,1.0
605,42.0,42.0,42.0,True,True,0,stable_correct,11.30959415435791,18.660688400268555,14.326985359191895,8.727115631103516,-5.599869728088379,17.90713882446289,5.590339660644531,72.06855773925781,24.541440963745117,0.34052908420562744,0.040775373578071594,15.066436767578125,0.0,1.0,8.959944725036621,16.627559661865234,10.734728813171387,7.103670597076416,-3.6310582160949707,14.16385555267334,5.24633264541626,57.027042388916016,21.48741340637207,0.37679341435432434,-0.1093108057975769,12.060157775878906,0.0,1.0
606,6.0,19.0,7.44,False,False,0,stable_wrong,10.038212776184082,17.24252700805664,12.121323585510254,8.377422332763672,-3.743901252746582,16.268739700317383,4.229304313659668,78.09117889404297,22.839183807373047,0.2924681603908539,-0.15792253613471985,12.886093139648438,0.20000000298023224,1.0,9.336920738220215,19.91781997680664,12.05452823638916,7.284789562225342,-4.769738674163818,15.215317726135254,7.047688007354736,62.755149841308594,22.621530532836914,0.3604728877544403,0.03733646869659424,11.816200256347656,0.20000000298023224,1.0
607,10.0,20.0,20.0,False,False,0,stable_wrong,10.523819923400879,15.570995330810547,12.419913291931152,8.138705253601074,-4.281208038330078,17.316184997558594,4.2696638107299805,72.73926544189453,18.205734252929688,0.25028756260871887,0.1706705093383789,12.86894702911377,0.4000000059604645,1.0,7.585408687591553,18.021635055541992,9.4316987991333,5.9435343742370605,-3.4881644248962402,12.388459205627441,6.67048454284668,47.109107971191406,22.516063690185547,0.4779556393623352,0.07180847972631454,9.725728034973145,0.4000000059604645,1.0
608,8.0,10.0,10.0,False,False,0,stable_wrong,13.033355712890625,20.176660537719727,14.993433952331543,11.76281452178955,-3.230619430541992,20.804763793945312,4.755932331085205,94.53246307373047,25.7083740234375,0.27195286750793457,-0.05949040502309799,17.669384002685547,0.20000000298023224,1.0,10.156573295593262,21.417627334594727,13.145187377929688,7.9350128173828125,-5.210174560546875,16.81583595275879,7.14287805557251,68.14281463623047,25.97844123840332,0.3812352120876312,-0.18370966613292694,12.270137786865234,0.20000000298023224,1.0
609,7.0,7.0,7.0,True,True,0,stable_correct,10.827600479125977,17.465227127075195,12.730925559997559,8.899877548217773,-3.831048011779785,17.01789093017578,4.488194942474365,73.07050323486328,25.351961135864258,0.34695205092430115,0.08284550160169601,15.070392608642578,0.20000000298023224,1.0,6.867067813873291,16.877962112426758,9.797659873962402,4.26483678817749,-5.532823085784912,11.605338096618652,6.69373083114624,44.47416687011719,18.54106903076172,0.4168952405452728,0.14736923575401306,8.274269104003906,0.4000000059604645,1.0
610,65960.0,56400.0,68530.0,False,False,0,stable_wrong,10.256200790405273,14.333194732666016,10.72452163696289,9.387333869934082,-1.3371877670288086,15.458431243896484,3.211606502532959,83.45330810546875,22.787349700927734,0.2730550765991211,-0.1911936104297638,16.216360092163086,0.4000000059604645,1.0,8.057005882263184,20.578937530517578,11.189038276672363,5.807309627532959,-5.381728649139404,13.247075080871582,8.290898323059082,50.15354919433594,23.37949562072754,0.46615836024284363,0.13638071715831757,10.174040794372559,0.4000000059604645,1.0
611,1450000.0,125000.0,1150000.0,False,False,0,stable_wrong,10.417425155639648,16.034944534301758,12.874913215637207,8.714927673339844,-4.159985542297363,16.262422561645508,4.884659767150879,57.57685852050781,21.207448959350586,0.3683328628540039,0.26043418049812317,13.49499797821045,0.0,1.0,7.72594690322876,16.300716400146484,10.265145301818848,5.743897914886475,-4.521247386932373,12.58552360534668,5.541726589202881,51.908809661865234,19.793506622314453,0.3813130557537079,-0.08173099905252457,9.821518898010254,0.20000000298023224,1.0
612,30.0,70.0,78.0,False,False,0,stable_wrong,11.69151496887207,18.4389705657959,14.94184398651123,8.450631141662598,-6.491212844848633,19.13795280456543,5.380021095275879,82.4408950805664,23.580547332763672,0.28602972626686096,-0.07109817862510681,14.588050842285156,0.20000000298023224,1.0,7.830322742462158,17.74034309387207,9.905731201171875,5.692875385284424,-4.212855815887451,13.0367431640625,6.253644943237305,54.60143280029297,21.036514282226562,0.3852740228176117,-0.14713600277900696,9.60921573638916,0.20000000298023224,1.0
613,93000.0,93000.0,90000.0,True,False,-1,regressed,14.4961576461792,19.986412048339844,16.900163650512695,12.17264461517334,-4.7275190353393555,23.409029006958008,7.962972640991211,89.48494720458984,21.071199417114258,0.23547199368476868,0.2720206379890442,17.755586624145508,0.4000000059604645,1.0,7.992592811584473,17.976280212402344,10.833333015441895,5.304275035858154,-5.52905797958374,13.506465911865234,6.83113956451416,52.27867126464844,18.995901107788086,0.3633585274219513,0.16083702445030212,9.571343421936035,0.20000000298023224,1.0
614,312.0,312.0,312.0,True,True,0,stable_correct,13.558046340942383,19.03367042541504,15.283867835998535,12.13378620147705,-3.1500816345214844,21.304285049438477,3.822910785675049,108.3378677368164,27.317745208740234,0.2521532475948334,-0.1443302035331726,18.912220001220703,0.4000000059604645,1.0,9.402727127075195,19.413219451904297,11.63959789276123,7.3542046546936035,-4.285393238067627,15.202983856201172,6.731673717498779,62.90989685058594,22.774118423461914,0.36201170086860657,0.0901433676481247,11.908203125,0.4000000059604645,1.0
615,33.0,23.0,23.0,False,False,0,stable_wrong,12.813230514526367,16.20941734313965,14.637332916259766,11.123141288757324,-3.5141916275024414,19.652118682861328,3.3813488483428955,110.9865493774414,23.949705123901367,0.21578925848007202,-0.3648633658885956,18.62778663635254,0.6000000238418579,1.0,9.6066255569458,17.344669342041016,12.183181762695312,7.6895432472229,-4.493638515472412,15.692530632019043,5.256145477294922,65.9416732788086,22.254770278930664,0.3374917507171631,-0.29821133613586426,11.516727447509766,0.4000000059604645,1.0
616,10.0,11.0,10.0,False,True,1,recovered,13.174850463867188,19.475095748901367,16.564821243286133,10.234027862548828,-6.330793380737305,21.383317947387695,6.962032794952393,77.61112213134766,23.418792724609375,0.30174532532691956,0.22172585129737854,15.649130821228027,0.0,1.0,7.241836071014404,17.88731575012207,10.147459983825684,4.315467357635498,-5.8319926261901855,12.234756469726562,7.28093147277832,44.98678970336914,19.110898971557617,0.42481136322021484,0.29475137591362,8.731294631958008,0.20000000298023224,1.0
617,5.0,5.0,5.0,True,True,0,stable_correct,14.463783264160156,23.11908531188965,17.98938751220703,11.511780738830566,-6.477606773376465,23.347740173339844,9.131734848022461,80.25967407226562,27.205835342407227,0.33897265791893005,0.2839849889278412,17.060415267944336,0.20000000298023224,1.0,7.526437282562256,18.114818572998047,11.40186595916748,4.337428569793701,-7.064437389373779,12.687591552734375,7.417075157165527,47.547569274902344,19.551454544067383,0.4111977815628052,0.24897508323192596,8.79898452758789,0.20000000298023224,1.0
618,36.0,36.0,36.0,True,True,0,stable_correct,13.615424156188965,19.414644241333008,14.695098876953125,12.826766014099121,-1.868332862854004,21.60911750793457,3.9715166091918945,107.90265655517578,23.86468505859375,0.221168652176857,-0.21198365092277527,18.667985916137695,0.4000000059604645,1.0,9.367347717285156,19.701875686645508,11.859034538269043,7.1578850746154785,-4.7011494636535645,15.095320701599121,6.451529502868652,69.3555908203125,24.34957504272461,0.35108309984207153,-0.23703448474407196,12.845376014709473,0.4000000059604645,1.0
619,76.0,76.0,76.0,True,True,0,stable_correct,12.957819938659668,19.25177001953125,14.459053039550781,10.590838432312012,-3.8682146072387695,20.430295944213867,4.564420700073242,104.92658996582031,27.7436580657959,0.2644101679325104,-0.11303818225860596,17.984636306762695,0.20000000298023224,1.0,8.787076950073242,16.78525161743164,11.195605278015137,6.334496974945068,-4.861108303070068,14.1337308883667,6.318158149719238,58.10311508178711,17.58439064025879,0.3026410937309265,0.04924830049276352,10.759732246398926,0.4000000059604645,1.0
620,1509.0,935.0,509.0,False,False,0,stable_wrong,10.714166641235352,21.098825454711914,13.938166618347168,8.862200736999512,-5.075965881347656,16.660497665405273,7.872481822967529,55.39529800415039,29.964859008789062,0.5409278273582458,0.30546921491622925,13.775919914245605,0.0,1.0,8.275425910949707,20.32102394104004,11.455718994140625,5.752616882324219,-5.703102111816406,13.40471076965332,8.028610229492188,52.44559860229492,23.869842529296875,0.4551352858543396,0.25803080201148987,10.737303733825684,0.6000000238418579,1.0
621,3000.0,3000.0,3000.0,True,True,0,stable_correct,9.84796142578125,15.760602951049805,12.617226600646973,6.833972454071045,-5.783254146575928,16.051902770996094,4.219788551330566,74.1289291381836,20.757572174072266,0.2800198495388031,0.06423649191856384,12.766617774963379,0.20000000298023224,1.0,10.067095756530762,19.57095718383789,13.371792793273926,7.005349636077881,-6.366443157196045,16.252696990966797,6.876533508300781,69.12409973144531,22.270145416259766,0.3221762776374817,0.07239299267530441,12.761628150939941,0.20000000298023224,1.0
622,7.0,4.5,8.0,False,False,0,stable_wrong,10.827250480651855,16.130613327026367,13.031832695007324,8.850668907165527,-4.181163787841797,17.510963439941406,4.056127071380615,74.4840087890625,19.488567352294922,0.26164767146110535,0.07549265772104263,13.923202514648438,0.4000000059604645,1.0,9.595599174499512,16.927200317382812,12.122153282165527,7.312679290771484,-4.809473991394043,15.37951946258545,5.257878303527832,71.04658508300781,21.573169708251953,0.3036482334136963,-0.15729042887687683,12.848698616027832,0.4000000059604645,1.0
623,8.0,20.0,20.0,False,False,0,stable_wrong,12.101381301879883,19.69432830810547,15.718863487243652,8.458050727844238,-7.260812759399414,19.98969268798828,6.904481410980225,72.65101623535156,22.80467987060547,0.31389346718788147,0.22945702075958252,14.077214241027832,0.0,1.0,5.756600856781006,14.805770874023438,7.801611423492432,3.975130081176758,-3.826481342315674,9.779423713684082,5.870404243469238,36.56549072265625,16.77226448059082,0.4586910903453827,0.1813596487045288,6.439886569976807,0.4000000059604645,1.0
624,85.0,85.0,85.0,True,True,0,stable_correct,13.141278266906738,21.852802276611328,14.26657772064209,12.189624786376953,-2.0769529342651367,20.224628448486328,5.9795098304748535,111.36920166015625,28.450265884399414,0.2554590106010437,-0.25418704748153687,19.539060592651367,0.4000000059604645,1.0,9.393633842468262,17.592594146728516,11.863572120666504,7.347099304199219,-4.516472816467285,15.085021018981934,5.713810920715332,62.34095001220703,20.586896896362305,0.330230712890625,-0.07145659625530243,11.998237609863281,0.20000000298023224,1.0
625,160.0,160.0,160.0,True,True,0,stable_correct,14.506757736206055,22.75555419921875,18.20526885986328,11.26528549194336,-6.939983367919922,23.147912979125977,9.307150840759277,77.05943298339844,29.1177978515625,0.37786155939102173,0.20146426558494568,16.565977096557617,0.0,1.0,7.986282825469971,19.116363525390625,11.695713996887207,4.643181324005127,-7.05253267288208,13.230364799499512,7.807039260864258,49.78279495239258,20.51572608947754,0.4121047556400299,0.24117283523082733,9.620784759521484,0.20000000298023224,1.0
626,72.0,72.0,720.0,True,True,0,stable_correct,9.866841316223145,15.738941192626953,11.829737663269043,7.593388080596924,-4.236349582672119,15.798090934753418,4.114804267883301,75.21452331542969,22.211959838867188,0.295314759016037,0.055485665798187256,12.813522338867188,0.4000000059604645,1.0,8.363719940185547,19.20003318786621,12.367866516113281,5.233170032501221,-7.1346964836120605,14.090618133544922,7.169561862945557,58.12633514404297,21.04087257385254,0.3619852066040039,0.04776691645383835,10.202454566955566,0.20000000298023224,1.0
627,54.0,54.0,54.0,True,True,0,stable_correct,13.175201416015625,20.221572875976562,17.042633056640625,9.69281005859375,-7.349822998046875,20.88997459411621,6.215900897979736,83.57403564453125,25.9977970123291,0.31107503175735474,0.12630245089530945,17.229249954223633,0.0,1.0,8.988275527954102,16.11837387084961,10.205933570861816,8.267863273620605,-1.938070297241211,13.60634994506836,5.62134313583374,55.27895736694336,20.604114532470703,0.3727298080921173,-0.09742610901594162,12.934014320373535,0.4000000059604645,1.0
628,4.0,4.0,4.0,True,True,0,stable_correct,13.7826509475708,18.811208724975586,15.503951072692871,12.48847484588623,-3.0154762268066406,21.20912742614746,3.6357223987579346,106.70634460449219,28.468494415283203,0.266792893409729,-0.19142720103263855,20.516704559326172,0.4000000059604645,1.0,8.337541580200195,16.740400314331055,11.883369445800781,5.237143516540527,-6.646225929260254,14.141050338745117,5.458035469055176,62.660675048828125,18.397602081298828,0.29360681772232056,-0.05659893900156021,10.306918144226074,0.4000000059604645,1.0
629,17500.0,17500.0,17500.0,True,True,0,stable_correct,10.780291557312012,15.320905685424805,12.318313598632812,9.529529571533203,-2.7887840270996094,17.024141311645508,3.4604482650756836,81.35285949707031,19.248048782348633,0.23659953474998474,-0.07707848399877548,14.99290943145752,0.4000000059604645,1.0,9.385396957397461,17.573951721191406,12.046019554138184,7.266458988189697,-4.779560565948486,15.126761436462402,5.549509525299072,65.86426544189453,21.36515998840332,0.32438164949417114,-0.02591734007000923,12.32413101196289,0.6000000238418579,1.0
630,10.0,10.0,10.0,True,True,0,stable_correct,11.091259956359863,16.061403274536133,13.246365547180176,8.834027290344238,-4.4123382568359375,17.427127838134766,3.7448408603668213,80.37439727783203,23.761266708374023,0.2956322729587555,-0.03816350921988487,15.447039604187012,0.20000000298023224,1.0,8.349172592163086,17.199073791503906,10.685307502746582,6.0547776222229,-4.630529880523682,13.905356407165527,5.883654594421387,54.48790740966797,19.928476333618164,0.3657412528991699,-0.08168049156665802,9.798762321472168,0.20000000298023224,1.0
631,4800.0,4800.0,4800.0,True,True,0,stable_correct,13.287668228149414,18.20993423461914,13.213661193847656,13.110444068908691,-0.10321712493896484,20.86925506591797,3.803224802017212,103.07540893554688,25.899152755737305,0.25126412510871887,-0.08608914911746979,18.748964309692383,0.4000000059604645,1.0,8.8599214553833,19.672000885009766,10.867431640625,7.065937042236328,-3.801494598388672,14.878851890563965,6.959976673126221,60.593318939208984,22.073532104492188,0.36428987979888916,-0.0021019100677222013,10.62307071685791,0.4000000059604645,1.0
632,45.0,45.0,45.0,True,True,0,stable_correct,14.196907997131348,17.50669288635254,14.294593811035156,14.41368579864502,0.11909198760986328,20.866361618041992,2.9212238788604736,106.14842224121094,28.848939895629883,0.27177926898002625,-0.07756806910037994,23.390878677368164,0.4000000059604645,1.0,9.62830638885498,17.608219146728516,11.796294212341309,7.056807041168213,-4.739487171173096,15.930800437927246,5.318328857421875,75.61332702636719,20.049034118652344,0.26515212655067444,-0.36581844091415405,11.745015144348145,0.20000000298023224,1.0
633,5.0,5.0,5.0,True,True,0,stable_correct,11.384137153625488,14.083817481994629,11.554997444152832,11.153756141662598,-0.4012413024902344,16.92336082458496,3.1124398708343506,86.26656341552734,24.80790138244629,0.28757262229919434,-0.042850784957408905,17.76504898071289,0.4000000059604645,1.0,8.496075630187988,20.421085357666016,11.920429229736328,5.986377239227295,-5.934051990509033,14.021903991699219,7.8145928382873535,53.780189514160156,25.36764907836914,0.4716913402080536,0.16102057695388794,10.255568504333496,0.20000000298023224,1.0
634,14.0,14.0,14.0,True,True,0,stable_correct,13.492569923400879,19.400728225708008,14.338534355163574,11.754374504089355,-2.5841598510742188,22.029743194580078,7.571682929992676,86.9334487915039,17.508548736572266,0.2014017552137375,0.298630028963089,16.170934677124023,0.4000000059604645,1.0,8.243412971496582,18.454374313354492,11.809077262878418,5.658576488494873,-6.150500774383545,13.525930404663086,7.242135047912598,49.57295227050781,20.55762481689453,0.4146943688392639,0.39682498574256897,10.093415260314941,0.4000000059604645,1.0
635,4.0,1.0,4.0,False,True,1,recovered,10.270218849182129,23.950502395629883,13.911133766174316,7.867581844329834,-6.043551921844482,15.939334869384766,10.304997444152832,45.44973373413086,31.567068099975586,0.694549024105072,0.41051846742630005,11.01608657836914,0.0,1.0,7.108333110809326,16.8956298828125,9.346450805664062,5.036529064178467,-4.309921741485596,11.87694263458252,6.387833118438721,41.986427307128906,19.07952880859375,0.45442134141921997,0.32869136333465576,8.42482852935791,0.20000000298023224,1.0
636,1050.0,1050.0,1050.0,True,True,0,stable_correct,14.074834823608398,18.514385223388672,16.33637237548828,12.037856101989746,-4.298516273498535,21.64568328857422,4.275823593139648,104.53160858154297,26.14218521118164,0.25008881092071533,0.031897563487291336,20.722394943237305,0.20000000298023224,1.0,7.198324680328369,16.386579513549805,9.104610443115234,5.409186840057373,-3.6954236030578613,11.97488021850586,6.103842258453369,50.063720703125,18.840158462524414,0.3763235807418823,-0.011805951595306396,8.98011589050293,0.6000000238418579,1.0
637,17.0,7.0,17.0,False,True,1,recovered,13.858771324157715,21.91016960144043,18.42371368408203,10.119088172912598,-8.304625511169434,22.361927032470703,8.3595609664917,80.44725799560547,26.922836303710938,0.3346644341945648,0.22551283240318298,16.235998153686523,0.0,1.0,8.258435249328613,19.922821044921875,11.652714729309082,4.9640021324157715,-6.6887125968933105,13.855815887451172,7.987512111663818,52.2022590637207,20.941162109375,0.4011543393135071,0.2848815321922302,10.192798614501953,0.20000000298023224,1.0
638,12.0,11.9,12.75,False,False,0,stable_wrong,11.223703384399414,16.627012252807617,13.958521842956543,8.930004119873047,-5.028517723083496,18.209970474243164,3.901843309402466,82.97786712646484,21.274703979492188,0.2563900947570801,-0.04142243415117264,14.463091850280762,0.20000000298023224,1.0,8.42840576171875,18.148828506469727,9.997615814208984,7.579442501068115,-2.418173313140869,13.661197662353516,6.198793411254883,56.198936462402344,22.268890380859375,0.3962511122226715,-0.0263084527105093,11.347594261169434,0.4000000059604645,1.0
639,216.0,216.0,216.0,True,True,0,stable_correct,11.371642112731934,17.67266273498535,12.145278930664062,10.396507263183594,-1.7487716674804688,17.182506561279297,4.799972057342529,96.57630157470703,25.989187240600586,0.2691052258014679,-0.18906621634960175,17.35921287536621,0.20000000298023224,1.0,8.41630744934082,21.601346969604492,11.477248191833496,5.906689167022705,-5.570559024810791,13.435070991516113,8.92129135131836,54.07489776611328,25.532779693603516,0.47217434644699097,0.14898043870925903,11.157647132873535,0.4000000059604645,1.0
640,43500.0,38000.0,33500.0,False,False,0,stable_wrong,10.072131156921387,16.18230438232422,12.562896728515625,7.614210605621338,-4.948686122894287,16.628826141357422,4.286576747894287,70.3113784790039,20.19281578063965,0.2871913015842438,-0.001988766249269247,12.266608238220215,0.20000000298023224,1.0,8.594095230102539,17.663244247436523,11.335854530334473,5.708127975463867,-5.6277265548706055,14.407567024230957,6.175024509429932,56.9043083190918,18.71561622619629,0.32889628410339355,0.08119132369756699,10.315400123596191,0.20000000298023224,1.0
641,262500.0,30600.0,31500.0,False,False,0,stable_wrong,9.467371940612793,16.82689094543457,12.559849739074707,6.940867900848389,-5.618981838226318,15.540573120117188,5.014527320861816,61.91181564331055,20.694625854492188,0.3342597186565399,0.018819043412804604,11.559185981750488,0.20000000298023224,1.0,9.672833442687988,17.98904800415039,11.497170448303223,8.700922966003418,-2.7962474822998047,16.088481903076172,5.0926690101623535,82.77428436279297,20.756031036376953,0.25075459480285645,-0.49039602279663086,12.095242500305176,0.6000000238418579,1.0
642,10800.0,11100.0,11100.0,False,False,0,stable_wrong,11.6530179977417,18.967479705810547,14.82544994354248,8.95433521270752,-5.871114730834961,18.41982650756836,6.245635509490967,74.55078887939453,20.814489364624023,0.2791987955570221,0.12585963308811188,15.776198387145996,0.20000000298023224,1.0,7.847965717315674,17.514522552490234,9.29870319366455,6.812400817871094,-2.486302375793457,12.68785572052002,6.5426201820373535,47.447120666503906,20.792810440063477,0.4382312297821045,0.2537305951118469,10.205211639404297,0.4000000059604645,1.0
643,840.0,840.0,840.0,True,True,0,stable_correct,13.662083625793457,21.06393814086914,16.641578674316406,11.0701322555542,-5.571446418762207,21.96809196472168,5.418163299560547,97.86711120605469,28.049560546875,0.28660863637924194,-0.1203756183385849,17.766155242919922,0.20000000298023224,1.0,8.039495468139648,17.81135368347168,10.52694034576416,5.6109700202941895,-4.915970325469971,13.221339225769043,6.428027629852295,50.31330871582031,21.583450317382812,0.4289809465408325,0.08984863758087158,9.67528247833252,0.20000000298023224,1.0
644,29.0,29.0,29.0,True,True,0,stable_correct,13.939927101135254,18.919631958007812,15.53085994720459,12.570694923400879,-2.960165023803711,21.596343994140625,3.620180368423462,110.38874816894531,27.29365348815918,0.24725031852722168,-0.14226415753364563,20.027490615844727,0.4000000059604645,1.0,8.554003715515137,17.534088134765625,11.354020118713379,5.956376552581787,-5.397643566131592,14.161209106445312,6.071369647979736,59.285682678222656,20.504558563232422,0.34586021304130554,-0.059215985238552094,10.28250789642334,0.20000000298023224,1.0
645,48.0,48.0,48.0,True,True,0,stable_correct,13.932226181030273,21.049236297607422,16.928285598754883,10.785629272460938,-6.142656326293945,22.77007484436035,7.707159519195557,84.21302795410156,26.334274291992188,0.3127102255821228,0.13498225808143616,16.64130973815918,0.20000000298023224,1.0,7.8453898429870605,17.736520767211914,11.37233829498291,5.02238130569458,-6.34995698928833,13.061643600463867,7.126829624176025,49.74091339111328,19.578670501708984,0.3936130106449127,0.2251582145690918,9.165996551513672,0.4000000059604645,1.0
646,79.0,79.0,79.0,True,True,0,stable_correct,12.910744667053223,20.257360458374023,14.537063598632812,11.711396217346191,-2.825667381286621,19.46169662475586,5.011232852935791,104.0321273803711,29.040374755859375,0.279148131608963,-0.2495100200176239,20.435306549072266,0.20000000298023224,1.0,10.225969314575195,18.97721290588379,13.167418479919434,7.980432033538818,-5.186986446380615,16.476318359375,6.32102632522583,68.2919921875,22.403635025024414,0.32805654406547546,-0.2816753685474396,12.931490898132324,0.20000000298023224,1.0
647,10.0,10.0,10.0,True,True,0,stable_correct,12.46209716796875,16.742481231689453,13.991759300231934,11.4025297164917,-2.5892295837402344,18.89357566833496,3.496177911758423,92.02223205566406,26.174304962158203,0.28443458676338196,-0.03897637873888016,19.082792282104492,0.20000000298023224,1.0,8.833142280578613,14.505093574523926,9.588353157043457,8.75685977935791,-0.8314933776855469,13.61716079711914,4.176319599151611,56.05294418334961,20.05826759338379,0.3578450381755829,-0.1523139625787735,12.592486381530762,0.20000000298023224,1.0
648,54.0,54.0,56.0,True,False,-1,regressed,12.759541511535645,18.318147659301758,14.241564750671387,10.135988235473633,-4.105576515197754,19.992431640625,5.096590042114258,103.00863647460938,27.953031539916992,0.2713659107685089,-0.04590697959065437,17.582191467285156,0.4000000059604645,1.0,8.27584171295166,20.282020568847656,11.231799125671387,5.8190436363220215,-5.412755489349365,13.69171142578125,7.826189041137695,53.60313415527344,23.97026824951172,0.4471803605556488,-0.21617698669433594,9.678804397583008,0.4000000059604645,1.0
649,162000.0,160000.0,36000.0,False,False,0,stable_wrong,11.676636695861816,17.014719009399414,12.122790336608887,9.451123237609863,-2.6716670989990234,18.656391143798828,4.601161956787109,89.83845520019531,19.487117767333984,0.2169128805398941,0.08417105674743652,15.205623626708984,0.20000000298023224,1.0,8.64357852935791,17.88671112060547,11.750079154968262,6.025508880615234,-5.724570274353027,14.19179916381836,6.121026515960693,63.33344268798828,20.434877395629883,0.32265540957450867,-0.06425000727176666,11.109906196594238,0.4000000059604645,1.0
650,142.0,2.0,22.0,False,False,0,stable_wrong,12.875810623168945,17.056690216064453,15.860480308532715,9.85147762298584,-6.009002685546875,21.080249786376953,3.839691400527954,104.1716079711914,21.123510360717773,0.20277607440948486,-0.2490004599094391,16.450576782226562,0.20000000298023224,1.0,11.186845779418945,19.40482521057129,14.324722290039062,8.512167930603027,-5.812554359436035,18.45130729675293,5.310708522796631,93.10983276367188,24.693538665771484,0.26520872116088867,-0.5065479874610901,13.525788307189941,0.20000000298023224,1.0
651,2100.0,2000.0,1800.0,False,False,0,stable_wrong,9.792884826660156,15.643593788146973,11.03796672821045,9.464836120605469,-1.5731306076049805,15.214434623718262,3.9462921619415283,69.29496765136719,22.27100372314453,0.3213942348957062,0.005237555596977472,14.31623363494873,0.4000000059604645,1.0,7.274899482727051,15.846555709838867,9.454147338867188,5.852687358856201,-3.6014599800109863,11.98481559753418,5.393200874328613,50.461997985839844,19.10956573486328,0.3786922097206116,-0.11853010952472687,9.21267032623291,0.4000000059604645,1.0
652,75.0,135.0,105.0,False,False,0,stable_wrong,11.946008682250977,21.447650909423828,14.85425090789795,9.412384033203125,-5.441866874694824,19.577178955078125,6.20408821105957,77.1523666381836,26.09588623046875,0.33823829889297485,0.12632596492767334,14.736397743225098,0.0,1.0,10.080050468444824,18.302356719970703,12.386665344238281,7.884767532348633,-4.501897811889648,15.869341850280762,6.273650646209717,73.56936645507812,18.880313873291016,0.25663280487060547,-0.10658571869134903,13.656855583190918,0.20000000298023224,1.0
653,80.0,0.0,80.0,False,True,1,recovered,12.874661445617676,23.634117126464844,16.46201515197754,10.728276252746582,-5.733738899230957,19.56390380859375,9.952431678771973,55.877357482910156,33.894065856933594,0.606579601764679,0.48255816102027893,15.352420806884766,0.0,1.0,6.948026180267334,14.142122268676758,8.944332122802734,5.426668167114258,-3.5176639556884766,11.019878387451172,5.374598503112793,39.843788146972656,15.750740051269531,0.3953123092651367,0.3744710385799408,8.9487943649292,0.20000000298023224,1.0
654,2.0,2.0,2.0,True,True,0,stable_correct,11.583312034606934,17.502138137817383,13.280261039733887,9.347561836242676,-3.932699203491211,18.447696685791016,4.33950138092041,81.17474365234375,24.10836410522461,0.2969934046268463,0.07896318286657333,15.575325012207031,0.20000000298023224,1.0,8.71337604522705,17.603729248046875,10.590556144714355,7.197890758514404,-3.392665386199951,14.187163352966309,5.979172229766846,61.39393615722656,20.376216888427734,0.3318929970264435,0.12072441726922989,11.236952781677246,0.4000000059604645,1.0
655,10.0,10.0,10.0,True,True,0,stable_correct,14.14332389831543,20.135591506958008,17.45602035522461,11.044052124023438,-6.411968231201172,22.732791900634766,7.706624984741211,81.34060668945312,24.66767120361328,0.30326393246650696,0.24558034539222717,16.91358757019043,0.0,1.0,7.433811187744141,18.846609115600586,10.984456062316895,4.551494598388672,-6.432961463928223,12.516158103942871,7.690816879272461,44.83211898803711,20.927169799804688,0.4667896628379822,0.26499831676483154,8.479438781738281,0.20000000298023224,1.0
656,10.0,20.0,20.0,False,False,0,stable_wrong,10.845312118530273,22.61979103088379,14.30538272857666,8.42025089263916,-5.8851318359375,16.940492630004883,8.268759727478027,58.09278869628906,31.522794723510742,0.5426283478736877,0.272274911403656,14.302870750427246,0.0,1.0,4.51572847366333,13.532511711120605,6.6670355796813965,2.7026805877685547,-3.964354991912842,7.3301682472229,6.245650768280029,24.950252532958984,15.335611343383789,0.6146475672721863,0.4063590466976166,4.893218040466309,0.20000000298023224,1.0
657,330000.0,270000.0,210000.0,False,False,0,stable_wrong,11.636199951171875,15.96312427520752,12.882949829101562,10.574886322021484,-2.308063507080078,18.0977725982666,3.7617006301879883,79.9909439086914,23.223329544067383,0.29032447934150696,0.01759273372590542,16.411556243896484,0.4000000059604645,1.0,7.613628387451172,17.010095596313477,10.244545936584473,5.543985843658447,-4.700560092926025,12.540820121765137,6.096059799194336,56.313987731933594,20.3592529296875,0.36153101921081543,-0.3156002163887024,9.434406280517578,0.4000000059604645,1.0
658,120.0,120.0,120.0,True,True,0,stable_correct,14.19499397277832,22.919147491455078,17.442052841186523,11.663300514221191,-5.778752326965332,22.190223693847656,5.826450824737549,102.72747802734375,31.55351448059082,0.3071574866771698,-0.12263202667236328,20.535884857177734,0.20000000298023224,1.0,9.421944618225098,17.028993606567383,12.592692375183105,6.75671911239624,-5.835973262786865,15.402308464050293,5.280627250671387,74.62120819091797,20.792768478393555,0.27864423394203186,-0.36850303411483765,11.820891380310059,0.4000000059604645,1.0
659,3.0,6.0,0.0,False,False,0,stable_wrong,10.462675094604492,14.513838768005371,11.92088794708252,9.296502113342285,-2.6243858337402344,16.200889587402344,3.4862184524536133,66.53417205810547,20.07538604736328,0.3017304539680481,-0.03344590216875076,14.599324226379395,0.20000000298023224,1.0,8.241007804870605,18.12731170654297,9.618910789489746,7.362226963043213,-2.256683826446533,13.521217346191406,6.176279067993164,53.858123779296875,22.437841415405273,0.41661015152931213,-0.050283707678318024,10.58335018157959,0.4000000059604645,1.0
660,15.0,15.0,10.0,True,False,-1,regressed,11.005280494689941,18.931640625,13.155097961425781,8.874249458312988,-4.280848503112793,17.68021583557129,4.739556789398193,83.30975341796875,25.14676856994629,0.30184662342071533,-0.07051198184490204,14.832659721374512,0.20000000298023224,1.0,7.757076740264893,17.145410537719727,10.376912117004395,5.939836025238037,-4.437076091766357,12.799735069274902,6.3634161949157715,52.927162170410156,18.789201736450195,0.3550011217594147,-0.06229797750711441,9.791970252990723,0.4000000059604645,1.0
661,44.0,44.0,44.0,True,True,0,stable_correct,13.640424728393555,20.7868595123291,16.999052047729492,11.166038513183594,-5.833013534545898,21.634666442871094,6.391905784606934,90.53423309326172,29.646068572998047,0.3274570107460022,-0.07101611793041229,17.832605361938477,0.20000000298023224,1.0,10.378473281860352,21.403892517089844,13.116822242736816,8.082375526428223,-5.034446716308594,17.174808502197266,7.0662617683410645,79.07685852050781,25.239463806152344,0.3191763460636139,-0.29586076736450195,13.01050090789795,0.20000000298023224,1.0
662,7.0,7.0,7.0,True,True,0,stable_correct,12.911967277526855,18.484561920166016,13.498387336730957,12.532984733581543,-0.9654026031494141,19.78194808959961,4.411830425262451,94.46415710449219,25.940805435180664,0.2746100425720215,-0.09461487084627151,19.35585594177246,0.20000000298023224,1.0,9.002472877502441,18.904878616333008,12.17457103729248,6.1221604347229,-6.05241060256958,14.753740310668945,6.804226875305176,59.00887680053711,22.733261108398438,0.38525155186653137,0.17877289652824402,11.293224334716797,0.4000000059604645,1.0
663,193.0,193.0,203.0,True,False,-1,regressed,12.025306701660156,19.259788513183594,12.296116828918457,9.343003273010254,-2.953113555908203,19.194305419921875,6.291996479034424,104.9136734008789,22.183582305908203,0.21144606173038483,-0.12404420226812363,16.146848678588867,0.20000000298023224,1.0,7.057850360870361,18.846364974975586,10.300549507141113,4.559453964233398,-5.741095542907715,11.56497573852539,7.9761199951171875,43.70301055908203,21.424888610839844,0.4902382791042328,0.14520910382270813,8.615962982177734,0.20000000298023224,1.0
664,32.0,32.0,32.0,True,True,0,stable_correct,12.40246295928955,18.626861572265625,13.662479400634766,10.57688045501709,-3.085598945617676,19.520095825195312,4.231357097625732,101.48171997070312,26.392845153808594,0.2600748836994171,-0.1529075652360916,16.976261138916016,0.20000000298023224,1.0,9.226975440979004,18.299396514892578,11.978797912597656,6.746901035308838,-5.231896877288818,15.07266902923584,6.27030086517334,63.89813232421875,20.82631492614746,0.3259299397468567,0.0018931820522993803,11.142096519470215,0.6000000238418579,1.0
665,360.0,360.0,360.0,True,True,0,stable_correct,13.692540168762207,20.942289352416992,16.75459861755371,9.904844284057617,-6.849754333496094,22.235454559326172,5.668432235717773,104.0610580444336,28.89494514465332,0.27767297625541687,-0.0020962669514119625,17.852819442749023,0.20000000298023224,1.0,8.620718002319336,19.64602279663086,11.8265380859375,5.397571563720703,-6.428966522216797,14.21413803100586,7.487889766693115,55.7158088684082,23.070693969726562,0.4140780568122864,0.23772446811199188,10.54195499420166,0.20000000298023224,1.0
666,120.0,120.0,150.0,True,False,-1,regressed,11.929068565368652,19.343143463134766,14.155418395996094,10.680073738098145,-3.475344657897949,18.567237854003906,5.487985134124756,76.47150421142578,25.968509674072266,0.3395841419696808,0.07466195523738861,16.775493621826172,0.0,1.0,8.834675788879395,18.812273025512695,11.1580228805542,7.33770227432251,-3.8203206062316895,14.155556678771973,6.659106731414795,55.70452117919922,22.611278533935547,0.4059146046638489,0.09886280447244644,11.780632019042969,0.20000000298023224,1.0
667,53.0,53.0,53.0,True,True,0,stable_correct,14.227447509765625,22.87562370300293,18.091079711914062,10.809326171875,-7.2817535400390625,22.858184814453125,8.541089057922363,79.4261703491211,29.598323822021484,0.3726520240306854,0.18539297580718994,16.737051010131836,0.0,1.0,8.020444869995117,18.70102882385254,11.816081047058105,4.982310771942139,-6.833770275115967,13.36284351348877,7.71591854095459,50.01231384277344,19.770191192626953,0.39530646800994873,0.2710812985897064,9.521912574768066,0.20000000298023224,1.0
668,3.0,3.0,3.0,True,True,0,stable_correct,12.227567672729492,20.863428115844727,15.924054145812988,8.531458854675293,-7.392595291137695,20.261608123779297,7.659836292266846,72.49848937988281,23.669397354125977,0.32648125290870667,0.2719709873199463,14.242176055908203,0.0,1.0,7.92926025390625,19.36549949645996,11.784061431884766,4.970761775970459,-6.813299655914307,13.296879768371582,7.874901294708252,50.525779724121094,21.317075729370117,0.42190492153167725,0.3446202874183655,9.80111312866211,0.20000000298023224,1.0
669,132.0,136.0,128.0,False,False,0,stable_wrong,13.078535079956055,17.027952194213867,15.301338195800781,11.385009765625,-3.9163284301757812,20.729206085205078,3.9527204036712646,95.91922760009766,22.518037796020508,0.23476041853427887,-0.01862514577805996,17.850250244140625,0.20000000298023224,1.0,10.470759391784668,21.180837631225586,13.935465812683105,7.864065170288086,-6.0714006423950195,17.277915954589844,6.684807777404785,73.4601821899414,25.76854133605957,0.3507824242115021,-0.22278115153312683,12.904370307922363,0.20000000298023224,1.0
670,4.0,4.0,4.0,True,True,0,stable_correct,12.729344367980957,20.026762008666992,13.765332221984863,11.184173583984375,-2.5811586380004883,20.207250595092773,5.392670631408691,100.66171264648438,28.60386085510254,0.28415828943252563,-0.024137750267982483,16.815574645996094,0.4000000059604645,1.0,7.6617231369018555,17.331727981567383,10.388069152832031,5.050316333770752,-5.337752819061279,12.674042701721191,6.528700351715088,46.37408447265625,19.695905685424805,0.4247179329395294,0.330574095249176,9.217801094055176,0.20000000298023224,1.0
671,4.0,4.5,4.0,False,True,1,recovered,14.44696044921875,18.590219497680664,16.236085891723633,12.617890357971191,-3.6181955337524414,22.46871566772461,4.606166839599609,109.53102111816406,23.34377098083496,0.21312475204467773,-0.12228532880544662,20.548341751098633,0.6000000238418579,1.0,10.409006118774414,19.517044067382812,13.496453285217285,8.526118278503418,-4.970335006713867,17.096593856811523,5.83827543258667,84.48481750488281,24.96822166442871,0.29553502798080444,-0.39808201789855957,12.811894416809082,0.4000000059604645,1.0
672,2.0,9.0,9.0,False,False,0,stable_wrong,7.390568733215332,14.308332443237305,9.869658470153809,5.105917453765869,-4.7637410163879395,12.262040138244629,5.011111259460449,44.52649688720703,16.77163314819336,0.3766663372516632,0.2729807496070862,8.636993408203125,0.0,1.0,6.769454002380371,15.44918155670166,8.40340805053711,5.119811058044434,-3.283596992492676,11.234884262084961,5.73101806640625,42.80956268310547,17.747190475463867,0.41456136107444763,0.13493411242961884,8.302522659301758,0.20000000298023224,1.0
673,9.0,9.0,9.0,True,True,0,stable_correct,12.627039909362793,26.80447769165039,17.18940544128418,9.476880073547363,-7.712525367736816,19.346851348876953,12.271662712097168,53.723121643066406,35.27031326293945,0.6565201878547668,0.5250460505485535,13.025761604309082,0.0,1.0,6.181066036224365,14.667436599731445,8.054762840270996,4.8480072021484375,-3.2067556381225586,10.03759479522705,5.952428817749023,39.150638580322266,16.794376373291016,0.4289681315422058,0.2059362828731537,7.9438605308532715,0.4000000059604645,1.0
674,12.0,16.0,20.0,False,False,0,stable_wrong,13.812551498413086,18.71023941040039,15.060872077941895,13.07712173461914,-1.983750343322754,20.848154067993164,3.511937379837036,109.47056579589844,28.147506713867188,0.2571239769458771,-0.1473526507616043,21.602888107299805,0.4000000059604645,1.0,8.794133186340332,20.741348266601562,12.091800689697266,6.456071376800537,-5.6357293128967285,13.855598449707031,8.197456359863281,56.98621368408203,24.258834838867188,0.42569655179977417,-0.059610165655612946,12.369335174560547,0.20000000298023224,1.0
675,33.0,23.0,23.0,False,False,0,stable_wrong,9.363426208496094,14.734443664550781,11.86803913116455,7.49439811706543,-4.373641014099121,14.934280395507812,4.1223039627075195,61.61767578125,19.53469467163086,0.3170306980609894,0.02489534579217434,12.313714027404785,0.0,1.0,6.357725620269775,12.877179145812988,7.698060512542725,5.319793224334717,-2.378267288208008,10.244546890258789,4.375903129577637,39.24528503417969,15.61382007598877,0.3978521227836609,0.20400425791740417,8.248096466064453,0.4000000059604645,1.0
676,240.0,240.0,240.0,True,True,0,stable_correct,14.69775676727295,19.441484451293945,16.374797821044922,13.224468231201172,-3.15032958984375,22.770099639892578,4.4040751457214355,100.46043395996094,28.764665603637695,0.2863283157348633,-0.024777894839644432,20.82982063293457,0.20000000298023224,1.0,9.636442184448242,18.321577072143555,12.88387680053711,6.593230724334717,-6.290646076202393,15.721100807189941,5.9871649742126465,81.15680694580078,22.457599639892578,0.2767186164855957,-0.5135666131973267,12.212047576904297,0.6000000238418579,1.0
677,36.0,32.0,26.0,False,False,0,stable_wrong,12.410857200622559,16.805830001831055,14.870606422424316,9.750587463378906,-5.12001895904541,20.125804901123047,3.812349319458008,90.65898132324219,23.01983070373535,0.2539167106151581,-0.16834266483783722,15.670478820800781,0.20000000298023224,1.0,7.602145671844482,18.467941284179688,10.000328063964844,5.627607345581055,-4.372720718383789,12.440428733825684,7.100397109985352,50.003746032714844,22.23739242553711,0.4447145164012909,-0.08430778980255127,9.515767097473145,0.20000000298023224,1.0
678,120.0,120.0,120.0,True,True,0,stable_correct,13.582240104675293,19.186418533325195,15.038756370544434,11.98255443572998,-3.056201934814453,21.270524978637695,3.8013434410095215,106.45384979248047,28.453659057617188,0.2672863304615021,-0.0657387524843216,18.78980827331543,0.4000000059604645,1.0,8.371020317077637,16.598663330078125,10.702338218688965,6.000390529632568,-4.7019476890563965,13.61328125,5.8439531326293945,55.35645294189453,19.592208862304688,0.35392817854881287,0.05237089842557907,10.317999839782715,0.4000000059604645,1.0
679,576.0,576.0,192.0,True,False,-1,regressed,14.244298934936523,20.171253204345703,17.65729331970215,11.264060974121094,-6.393232345581055,23.185161590576172,7.042531490325928,89.1606216430664,21.231231689453125,0.23812341690063477,0.14470024406909943,17.275991439819336,0.20000000298023224,1.0,7.78285551071167,19.525903701782227,11.171031951904297,4.974668025970459,-6.196363925933838,13.001861572265625,7.700107097625732,46.83161926269531,22.78177833557129,0.48646146059036255,0.3494625985622406,9.024237632751465,0.20000000298023224,1.0
680,20.0,60.0,40.0,False,False,0,stable_wrong,12.885846138000488,18.257286071777344,16.241764068603516,8.731026649475098,-7.510737419128418,21.308130264282227,6.103667736053467,86.45417022705078,21.824596405029297,0.2524412274360657,0.04806450009346008,15.488789558410645,0.0,1.0,7.825111389160156,19.252872467041016,11.426976203918457,4.6767578125,-6.750218391418457,12.93393325805664,7.863450527191162,51.53211212158203,20.491113662719727,0.3976377546787262,0.24522057175636292,10.160538673400879,0.20000000298023224,1.0
681,298.0,274.0,346.0,False,False,0,stable_wrong,9.534475326538086,15.35977554321289,11.92797565460205,7.238960266113281,-4.6890153884887695,15.801664352416992,3.859614133834839,71.32232666015625,19.956262588500977,0.2798038721084595,-0.14147697389125824,11.504081726074219,0.4000000059604645,1.0,7.905326843261719,17.023067474365234,9.883830070495605,6.845596790313721,-3.0382332801818848,12.99013614654541,5.595305919647217,56.4792366027832,21.343311309814453,0.37789660692214966,-0.1515660583972931,10.255594253540039,0.4000000059604645,1.0
682,80.0,80.0,80.0,True,True,0,stable_correct,12.85324764251709,17.391738891601562,13.692933082580566,10.70055866241455,-2.9923744201660156,20.79913330078125,5.811534881591797,95.46031188964844,21.383514404296875,0.22400423884391785,0.05314826965332031,15.774781227111816,0.20000000298023224,1.0,8.11817455291748,19.232223510742188,11.981823921203613,5.458593845367432,-6.523230075836182,13.490800857543945,7.709109306335449,53.01462936401367,22.102476119995117,0.4169127643108368,0.2355300635099411,10.037158012390137,0.4000000059604645,1.0
683,50.0,70.0,70.0,False,False,0,stable_wrong,10.456235885620117,15.58772087097168,12.299629211425781,8.351466178894043,-3.9481630325317383,16.91606903076172,3.6996965408325195,80.29930877685547,21.299739837646484,0.26525434851646423,0.01750565692782402,13.37274169921875,0.4000000059604645,1.0,7.377626895904541,14.988116264343262,8.611050605773926,6.406708240509033,-2.2043423652648926,12.075187683105469,5.102438449859619,45.12624740600586,18.39447784423828,0.4076225757598877,0.15282610058784485,9.241259574890137,0.4000000059604645,1.0
684,11.0,11.0,11.0,True,True,0,stable_correct,14.250651359558105,20.347185134887695,14.556782722473145,12.893799781799316,-1.6629829406738281,22.93506622314453,6.873990535736084,110.88130950927734,27.873329162597656,0.2513798773288727,-0.008963841013610363,17.579580307006836,0.4000000059604645,1.0,8.89171314239502,19.224071502685547,12.94937515258789,5.648317813873291,-7.3010573387146,14.474640846252441,7.715498447418213,55.97016906738281,21.367504119873047,0.3817659318447113,0.34439149498939514,11.11635971069336,0.20000000298023224,1.0
685,14.0,14.0,14.0,True,True,0,stable_correct,10.927594184875488,17.42647933959961,12.040603637695312,10.017176628112793,-2.0234270095825195,16.536394119262695,4.151254653930664,80.79946899414062,25.904399871826172,0.32060110569000244,-0.045764900743961334,17.171953201293945,0.4000000059604645,1.0,7.363226413726807,14.673539161682129,9.037469863891602,5.467607498168945,-3.5698623657226562,12.048380851745605,4.9903717041015625,45.02672576904297,17.787878036499023,0.3950515687465668,0.12178176641464233,9.10249137878418,0.20000000298023224,1.0
686,80.0,80.0,80.0,True,True,0,stable_correct,16.02548599243164,21.159116744995117,16.697526931762695,14.505269050598145,-2.192257881164551,25.158466339111328,7.008382797241211,120.32038116455078,24.161563873291016,0.2008102387189865,0.05233544111251831,20.93229866027832,0.6000000238418579,1.0,8.739248275756836,18.082202911376953,12.644363403320312,4.757767677307129,-7.886595726013184,14.773857116699219,6.838634967803955,58.70598220825195,20.629104614257812,0.35139697790145874,0.1271587312221527,10.208769798278809,0.0,1.0
687,13.0,20.0,20.5,False,False,0,stable_wrong,9.542054176330566,15.582807540893555,12.057669639587402,6.954765796661377,-5.102903842926025,15.639654159545898,4.083967208862305,65.80854797363281,19.94728660583496,0.30311086773872375,-0.1730007380247116,11.540165901184082,0.0,1.0,7.267471790313721,17.26515769958496,9.361075401306152,5.5088324546813965,-3.852242946624756,12.296960830688477,6.506152629852295,49.98427200317383,19.41588592529297,0.3884398937225342,0.0028451443649828434,8.283953666687012,0.4000000059604645,1.0
688,100.0,40.0,100.0,False,True,1,recovered,12.139297485351562,21.881132125854492,15.044631958007812,10.386298179626465,-4.658333778381348,18.469839096069336,7.344460964202881,74.63088989257812,30.721454620361328,0.4116452932357788,0.05231161043047905,18.254182815551758,0.20000000298023224,1.0,8.521864891052246,17.103317260742188,10.475380897521973,7.05061149597168,-3.424769401550293,13.723672866821289,5.964099407196045,56.98518753051758,20.772672653198242,0.3645275831222534,0.05277693271636963,11.297455787658691,0.4000000059604645,1.0
689,7.0,6.0,6.0,False,False,0,stable_wrong,9.707559585571289,13.609111785888672,11.559754371643066,8.241854667663574,-3.317899703979492,15.506638526916504,4.324962615966797,57.97184371948242,16.54229164123535,0.2853504419326782,0.13961854577064514,11.845084190368652,0.20000000298023224,1.0,7.370693683624268,15.859702110290527,8.25963020324707,7.350454807281494,-0.9091753959655762,11.264789581298828,6.306652545928955,45.954166412353516,20.558286666870117,0.44736501574516296,0.009218144230544567,11.282444953918457,0.20000000298023224,1.0
690,5760.0,5760.0,720.0,True,False,-1,regressed,13.300859451293945,18.630096435546875,15.233790397644043,11.281529426574707,-3.952260971069336,20.565959930419922,4.922149658203125,90.48278045654297,22.478208541870117,0.24842526018619537,0.12589339911937714,19.144573211669922,0.4000000059604645,1.0,9.099400520324707,17.303403854370117,10.902344703674316,7.368966579437256,-3.5333781242370605,14.65909194946289,5.3021769523620605,61.95981979370117,21.96006965637207,0.3544243574142456,0.041983820497989655,11.881329536437988,0.4000000059604645,1.0
691,25.0,69.0,45.0,False,False,0,stable_wrong,12.35155963897705,19.780275344848633,15.477997779846191,9.611104011535645,-5.866893768310547,19.549331665039062,5.534444332122803,84.8265609741211,25.837875366210938,0.30459651350975037,0.07442792505025864,16.935508728027344,0.20000000298023224,1.0,7.733550071716309,20.87358283996582,10.511808395385742,5.634098052978516,-4.877710342407227,13.01620864868164,8.565333366394043,46.359275817871094,24.286230087280273,0.5238699316978455,0.1011330634355545,8.477066993713379,0.4000000059604645,1.0
692,32.0,25.0,34.0,False,False,0,stable_wrong,10.169937133789062,13.08665657043457,11.450057983398438,9.035931587219238,-2.414126396179199,15.946527481079102,3.6805052757263184,62.80622100830078,16.217517852783203,0.25821515917778015,0.13178256154060364,13.40792179107666,0.20000000298023224,1.0,6.585300922393799,14.893866539001465,7.747951030731201,5.803600311279297,-1.9443507194519043,10.409613609313965,5.463386058807373,43.49622344970703,18.620521545410156,0.42809513211250305,-0.010191184468567371,9.42623233795166,0.6000000238418579,1.0
693,68.0,70.0,58.0,False,False,0,stable_wrong,13.748473167419434,16.550039291381836,15.487927436828613,12.95159912109375,-2.5363283157348633,21.417463302612305,4.402371406555176,99.35690307617188,24.86853790283203,0.2502950131893158,-0.10864627361297607,19.126493453979492,0.4000000059604645,1.0,10.428716659545898,18.651229858398438,13.149650573730469,8.394721031188965,-4.754929542541504,16.89377784729004,5.550049781799316,72.60896301269531,24.241403579711914,0.33386242389678955,-0.07583988457918167,13.2888765335083,0.4000000059604645,1.0
694,9.0,3.0,3.0,False,False,0,stable_wrong,11.27987003326416,18.325132369995117,13.623550415039062,9.553385734558105,-4.070164680480957,17.750137329101562,5.180587291717529,78.26983642578125,24.125272750854492,0.30823206901550293,-0.0008995391544885933,15.56739330291748,0.20000000298023224,1.0,8.152711868286133,18.27714729309082,10.974194526672363,5.998514175415039,-4.975680351257324,13.351961135864258,6.526571750640869,55.43745040893555,22.640506744384766,0.4083973169326782,-0.12888145446777344,10.069363594055176,0.20000000298023224,1.0
695,5.0,5.0,5.0,True,True,0,stable_correct,11.544041633605957,16.49188804626465,14.013199806213379,8.5942964553833,-5.418903350830078,18.653743743896484,4.8269243240356445,73.70906829833984,21.66863250732422,0.2939751148223877,0.11378737539052963,14.432389259338379,0.20000000298023224,1.0,7.517409324645996,18.309680938720703,10.64478588104248,4.817046642303467,-5.827739238739014,12.719801902770996,7.259998321533203,47.227054595947266,19.786468505859375,0.418964684009552,0.29231131076812744,8.894667625427246,0.20000000298023224,1.0
696,145.0,130.0,170.0,False,False,0,stable_wrong,13.483342170715332,18.65226173400879,14.948746681213379,12.40356731414795,-2.5451793670654297,20.859975814819336,4.7088398933410645,85.77408599853516,27.18377685546875,0.31692296266555786,0.028929686173796654,18.825681686401367,0.0,1.0,9.799287796020508,21.352066040039062,12.069530487060547,7.660091400146484,-4.4094390869140625,16.023937225341797,7.360982418060303,61.23154830932617,27.017587661743164,0.4412364065647125,-0.01951955445110798,11.879420280456543,0.20000000298023224,1.0
697,27.0,27.0,36.0,True,False,-1,regressed,10.405476570129395,16.297222137451172,13.297810554504395,6.777220249176025,-6.520590305328369,17.360641479492188,4.385293483734131,74.54505157470703,20.063983917236328,0.2691524624824524,-0.009234036318957806,12.488300323486328,0.4000000059604645,1.0,7.305787086486816,15.45140552520752,8.956846237182617,5.440286159515381,-3.5165600776672363,12.080718040466309,5.254304885864258,49.961544036865234,18.432605743408203,0.36893588304519653,-0.15408793091773987,8.994236946105957,0.4000000059604645,1.0
698,720.0,720.0,720.0,True,True,0,stable_correct,13.628874778747559,17.955902099609375,15.958369255065918,11.28094482421875,-4.677424430847168,21.872249603271484,3.8948349952697754,103.00006866455078,20.862207412719727,0.20254556834697723,-0.157612606883049,17.986644744873047,0.4000000059604645,1.0,8.739838600158691,17.786340713500977,10.580645561218262,6.789073944091797,-3.791571617126465,14.502135276794434,5.72447395324707,59.651763916015625,21.077028274536133,0.35333454608917236,-0.11475129425525665,10.689144134521484,0.20000000298023224,1.0
699,8.0,8.0,8.0,True,True,0,stable_correct,13.389184951782227,18.761180877685547,14.282305717468262,11.549717903137207,-2.7325878143310547,21.834636688232422,6.9740986824035645,92.9701919555664,21.293655395507812,0.22903744876384735,0.16205421090126038,16.31368064880371,0.4000000059604645,1.0,7.843348979949951,17.997859954833984,11.275404930114746,5.151758193969727,-6.1236467361450195,13.012925148010254,7.153527736663818,48.02749252319336,20.254074096679688,0.4217183291912079,0.28026190400123596,9.206416130065918,0.20000000298023224,1.0
700,135.0,135.0,135.0,True,True,0,stable_correct,12.7057523727417,20.961843490600586,16.523664474487305,9.184518814086914,-7.339145660400391,20.82538414001465,6.787124156951904,82.96012878417969,25.76913833618164,0.3106207549571991,0.08196655660867691,15.433798789978027,0.20000000298023224,1.0,9.637815475463867,16.20789909362793,12.327842712402344,7.228726863861084,-5.09911584854126,15.589738845825195,4.823445796966553,69.97344207763672,20.58431625366211,0.2941732704639435,-0.3172658681869507,11.989112854003906,0.20000000298023224,1.0
701,200.0,72.0,78.0,False,False,0,stable_wrong,10.996880531311035,19.67325782775879,13.962727546691895,8.368599891662598,-5.594127655029297,17.856908798217773,5.871323108673096,70.83741760253906,24.41510581970215,0.34466397762298584,0.17166337370872498,13.812630653381348,0.20000000298023224,1.0,8.653141975402832,20.420419692993164,10.748250007629395,6.974979400634766,-3.773270606994629,14.150989532470703,7.722319602966309,52.21715545654297,24.508068084716797,0.4693489670753479,0.18455645442008972,10.955730438232422,0.4000000059604645,1.0
702,2800.0,3200.0,2800.0,False,True,1,recovered,14.338004112243652,18.72519874572754,15.298161506652832,13.53327465057373,-1.7648868560791016,21.877883911132812,3.80010986328125,122.83837890625,29.017675399780273,0.23622645437717438,-0.300365149974823,21.51558494567871,0.20000000298023224,1.0,8.082269668579102,16.341989517211914,10.3274564743042,5.772190570831299,-4.5552659034729,13.121277809143066,5.849827766418457,51.8232536315918,16.868019104003906,0.3254913091659546,0.2193601131439209,10.319788932800293,0.20000000298023224,1.0
703,50.0,36.0,34.0,False,False,0,stable_wrong,12.15839672088623,18.835012435913086,14.929290771484375,10.07832145690918,-4.850969314575195,19.405868530273438,4.513696193695068,89.20635223388672,25.642921447753906,0.287456214427948,-0.046816371381282806,16.43816566467285,0.20000000298023224,1.0,6.663331031799316,15.70770263671875,8.418972969055176,4.82332181930542,-3.595651149749756,11.407011032104492,5.716020584106445,45.03987121582031,17.824588775634766,0.39575132727622986,-0.023272216320037842,7.626906871795654,0.4000000059604645,1.0
704,50.0,50.0,50.0,True,True,0,stable_correct,14.830079078674316,22.708616256713867,17.12644386291504,13.109869956970215,-4.016573905944824,23.19049644470215,5.22592306137085,111.45610809326172,31.99472999572754,0.28706124424934387,-0.1422807276248932,21.092283248901367,0.4000000059604645,1.0,9.623417854309082,21.65705108642578,12.722522735595703,6.739622116088867,-5.982900619506836,15.455495834350586,8.292226791381836,64.95611572265625,26.162866592407227,0.4027775824069977,0.052002858370542526,12.884052276611328,0.20000000298023224,1.0
705,120.0,120.0,120.0,True,True,0,stable_correct,13.98178768157959,21.310321807861328,17.653467178344727,10.504100799560547,-7.14936637878418,22.374963760375977,8.31934928894043,76.75421142578125,25.698707580566406,0.3348182141780853,0.30645886063575745,16.504287719726562,0.0,1.0,8.003763198852539,19.826303482055664,11.666752815246582,5.242644309997559,-6.424108505249023,13.374496459960938,7.9702301025390625,49.489986419677734,22.499040603637695,0.45461803674697876,0.32320666313171387,9.390517234802246,0.4000000059604645,1.0
706,9.0,21.0,13.0,False,False,0,stable_wrong,12.582385063171387,18.142675399780273,15.87890625,9.077272415161133,-6.801633834838867,20.63859748840332,5.263772010803223,84.90455627441406,22.692893981933594,0.267275333404541,0.016566505655646324,15.294459342956543,0.0,1.0,8.093899726867676,17.903501510620117,10.652130126953125,5.914333820343018,-4.737796306610107,13.316216468811035,6.3714599609375,52.88482666015625,20.470417022705078,0.38707542419433594,0.1885107457637787,10.205989837646484,0.20000000298023224,1.0
707,8.0,12.0,24.0,False,False,0,stable_wrong,10.95415210723877,15.18632984161377,13.289291381835938,8.585310935974121,-4.703980445861816,17.58580780029297,4.551424980163574,69.78932189941406,18.153667449951172,0.2601209878921509,0.1790986806154251,13.885807991027832,0.0,1.0,6.640313148498535,16.965246200561523,8.903393745422363,4.886631488800049,-4.0167622566223145,11.021339416503906,6.807886123657227,38.711238861083984,19.647029876708984,0.5075278282165527,0.2899971604347229,7.610284328460693,0.20000000298023224,1.0
708,168.0,168.0,168.0,True,True,0,stable_correct,13.487510681152344,19.911466598510742,16.298046112060547,9.763945579528809,-6.534100532531738,22.356258392333984,5.913538932800293,101.52555847167969,24.27872085571289,0.23913900554180145,0.0017890215385705233,16.453413009643555,0.20000000298023224,1.0,7.366985321044922,18.760461807250977,10.205536842346191,4.506170749664307,-5.699366092681885,12.353347778320312,7.837965965270996,44.39282989501953,19.132680892944336,0.43098583817481995,0.40472450852394104,9.156867027282715,0.20000000298023224,1.0
709,3000.0,3600.0,3600.0,False,False,0,stable_wrong,11.535698890686035,18.082782745361328,14.641410827636719,8.429893493652344,-6.211517333984375,18.853178024291992,4.77978515625,81.27420806884766,23.306310653686523,0.28676146268844604,0.05847910791635513,14.51928997039795,0.20000000298023224,1.0,8.965089797973633,18.53642463684082,11.010448455810547,7.528911590576172,-3.481536865234375,14.655142784118652,6.182514190673828,61.90376663208008,22.62074851989746,0.3654179573059082,-0.020824026316404343,11.50208568572998,0.4000000059604645,1.0
710,45.0,45.5,44.8,False,False,0,stable_wrong,14.650626182556152,17.895313262939453,16.10968589782715,13.314053535461426,-2.7956323623657227,23.013505935668945,3.7026710510253906,102.35419464111328,23.54433822631836,0.23002807796001434,-0.19363076984882355,19.724349975585938,0.20000000298023224,1.0,11.569382667541504,21.261669158935547,13.425437927246094,10.518168449401855,-2.9072694778442383,18.385873794555664,6.15714168548584,78.59059143066406,28.81929588317871,0.366701602935791,-0.274930477142334,15.382664680480957,0.20000000298023224,1.0
711,6.0,8.0,4.0,False,False,0,stable_wrong,10.503496170043945,16.397018432617188,12.409213066101074,8.652851104736328,-3.756361961364746,16.743526458740234,3.8113255500793457,78.65735626220703,22.805757522583008,0.2899380028247833,0.020106064155697823,14.10694408416748,0.4000000059604645,1.0,7.360756874084473,16.980085372924805,8.670002937316895,6.467308044433594,-2.202694892883301,12.042990684509277,6.211028575897217,48.80915451049805,19.87127685546875,0.4071219265460968,0.06132709980010986,9.72565746307373,0.4000000059604645,1.0
712,14.0,8.0,58.0,False,False,0,stable_wrong,11.439862251281738,17.354045867919922,13.971095085144043,9.428519248962402,-4.542575836181641,18.450902938842773,4.561094760894775,77.05845642089844,21.943689346313477,0.2847667932510376,0.11511006206274033,14.660514831542969,0.0,1.0,7.573912620544434,15.661487579345703,10.001469612121582,5.038978099822998,-4.962491512298584,12.537089347839355,5.288035869598389,52.340118408203125,18.262651443481445,0.34892261028289795,-0.032338306307792664,9.424580574035645,0.20000000298023224,1.0
713,576.0,576.0,576.0,True,True,0,stable_correct,14.722355842590332,19.646034240722656,15.319358825683594,12.701983451843262,-2.617375373840332,23.65700340270996,7.587636470794678,104.95314025878906,21.91016960144043,0.20876145362854004,0.1273229569196701,17.887828826904297,0.6000000238418579,1.0,7.8251953125,19.354660034179688,11.038363456726074,4.961872577667236,-6.076490879058838,12.784655570983887,8.073465347290039,46.27149963378906,21.037817001342773,0.4546603560447693,0.28594374656677246,9.438156127929688,0.20000000298023224,1.0
714,10.0,30.0,10.0,False,True,1,recovered,10.48395824432373,15.4979829788208,12.47509765625,8.16892147064209,-4.30617618560791,16.96526336669922,3.833366632461548,74.8816146850586,20.673690795898438,0.2760849893093109,0.08785217255353928,13.445388793945312,0.20000000298023224,1.0,9.28084659576416,16.40044403076172,11.41987133026123,7.24896240234375,-4.1709089279174805,14.629032135009766,5.244832515716553,60.84858322143555,21.88588523864746,0.35967782139778137,-0.2100355178117752,12.262616157531738,0.20000000298023224,1.0
715,385000.0,350000.0,385000.0,False,True,1,recovered,12.630759239196777,19.84601402282715,12.512457847595215,10.343976020812988,-2.1684818267822266,20.17447280883789,5.632076740264893,104.97230529785156,21.651058197021484,0.2062549591064453,-0.06651519984006882,16.433223724365234,0.20000000298023224,1.0,8.7218599319458,20.57408905029297,12.21907901763916,5.738169193267822,-6.480909824371338,14.389952659606934,7.8789520263671875,56.05796813964844,23.83524513244629,0.4251892566680908,0.127943754196167,10.688919067382812,0.4000000059604645,1.0
716,770.0,610.0,770.0,False,True,1,recovered,12.482912063598633,19.192398071289062,15.23266887664795,10.041265487670898,-5.191403388977051,20.094404220581055,5.3898138999938965,84.03352355957031,24.00946807861328,0.28571298718452454,0.019585346803069115,16.09227180480957,0.20000000298023224,1.0,7.378607749938965,14.729995727539062,8.696105003356934,6.346704006195068,-2.3494009971618652,11.702431678771973,4.907900333404541,44.14108657836914,18.79058837890625,0.4256938397884369,-0.051571376621723175,9.81396198272705,0.20000000298023224,1.0
717,5.0,5.0,5.0,True,True,0,stable_correct,14.433966636657715,18.5781192779541,16.690723419189453,12.112494468688965,-4.578228950500488,22.44008445739746,3.90156626701355,107.56465148925781,25.06074333190918,0.2329830825328827,-0.1195821613073349,20.763381958007812,0.4000000059604645,1.0,9.854266166687012,19.575410842895508,14.358736991882324,5.880802631378174,-8.477933883666992,16.533098220825195,6.9746294021606445,67.77213287353516,23.775745391845703,0.3508189022541046,-0.13107280433177948,11.042218208312988,0.0,1.0
718,2.0,2.0,2.0,True,True,0,stable_correct,12.793536186218262,18.722042083740234,14.921856880187988,10.069029808044434,-4.852827072143555,20.075775146484375,4.153199195861816,101.31391906738281,27.973796844482422,0.27611011266708374,-0.0855049341917038,18.06547737121582,0.20000000298023224,1.0,9.63604736328125,17.25511360168457,12.268634796142578,6.713762283325195,-5.554872512817383,15.653969764709473,6.385498523712158,68.0057601928711,19.978452682495117,0.29377588629722595,-0.2049640715122223,12.051945686340332,0.20000000298023224,1.0
719,175.0,175.0,175.0,True,True,0,stable_correct,13.16126823425293,18.27369499206543,16.880159378051758,9.139063835144043,-7.741095542907715,21.449199676513672,5.697016716003418,96.30915832519531,25.752338409423828,0.26739242672920227,-0.07839609682559967,16.649187088012695,0.20000000298023224,1.0,6.203122615814209,16.161527633666992,9.119363784790039,3.777168035507202,-5.342195510864258,10.350119590759277,6.694669723510742,35.89553451538086,17.935707092285156,0.4996640086174011,0.36072972416877747,7.052875518798828,0.20000000298023224,1.0
720,4.0,4.0,4.0,True,True,0,stable_correct,14.237616539001465,20.599355697631836,17.385690689086914,11.077560424804688,-6.308130264282227,22.925830841064453,6.9781904220581055,86.72879028320312,25.63124656677246,0.29553329944610596,0.21148106455802917,17.652055740356445,0.0,1.0,7.806020259857178,18.975910186767578,11.215853691101074,4.993319988250732,-6.222533702850342,13.06015682220459,7.720291614532471,48.96757125854492,20.40540885925293,0.4167127013206482,0.26248306035995483,9.266111373901367,0.20000000298023224,1.0
721,2450.0,2300.0,3100.0,False,False,0,stable_wrong,11.707647323608398,17.315357208251953,14.313762664794922,9.229313850402832,-5.08444881439209,18.415355682373047,4.968934059143066,81.14217376708984,20.08359718322754,0.24751120805740356,0.05449039861559868,16.19942283630371,0.20000000298023224,1.0,8.817380905151367,17.663652420043945,10.50951099395752,7.881875991821289,-2.6276350021362305,13.84520435333252,6.063143253326416,57.60443878173828,22.12611961364746,0.3841044306755066,-0.06849483400583267,12.307246208190918,0.20000000298023224,1.0
722,255.0,255.0,255.0,True,True,0,stable_correct,15.337859153747559,19.21932601928711,16.756662368774414,13.89736270904541,-2.859299659729004,23.81705665588379,4.896896839141846,105.08084106445312,28.036800384521484,0.266811728477478,-0.017395591363310814,21.197629928588867,0.20000000298023224,1.0,7.910106658935547,18.88576889038086,11.628249168395996,4.8657732009887695,-6.762475967407227,13.311025619506836,7.206076145172119,52.988555908203125,21.243000030517578,0.40089789032936096,-0.021333616226911545,9.320040702819824,0.4000000059604645,1.0
723,160.0,160.0,160.0,True,True,0,stable_correct,11.815945625305176,18.905170440673828,13.310614585876465,10.77486801147461,-2.5357465744018555,17.9835147857666,4.700063705444336,83.11090087890625,29.393957138061523,0.35367149114608765,-0.04134170338511467,18.0903263092041,0.4000000059604645,1.0,9.49787425994873,18.369951248168945,10.866321563720703,8.62999439239502,-2.2363271713256836,15.32562255859375,5.984386444091797,57.93229675292969,22.320755004882812,0.38529035449028015,0.11752139031887054,12.346977233886719,0.4000000059604645,1.0
724,18.0,20.0,18.0,False,True,1,recovered,11.398758888244629,19.30274200439453,13.579184532165527,9.788000106811523,-3.791184425354004,17.22040557861328,6.464546203613281,61.98662567138672,22.973642349243164,0.37062257528305054,0.4065369665622711,16.4314022064209,0.0,1.0,10.215110778808594,20.195947647094727,12.468384742736816,8.90664005279541,-3.5617446899414062,16.334774017333984,6.801732063293457,60.03328323364258,25.8673095703125,0.4308828115463257,0.06018532067537308,12.870736122131348,0.0,1.0
725,25.0,15.0,7.5,False,False,0,stable_wrong,12.337174415588379,20.6915340423584,14.679198265075684,9.821955680847168,-4.857242584228516,19.945064544677734,5.215481758117676,85.62092590332031,26.569713592529297,0.3103179931640625,-0.05866624787449837,15.939866065979004,0.20000000298023224,1.0,8.784536361694336,19.506494522094727,10.913071632385254,7.2005486488342285,-3.7125229835510254,14.241620063781738,6.997768402099609,56.320281982421875,23.761531829833984,0.42190009355545044,0.07386894524097443,11.273643493652344,0.4000000059604645,1.0
726,10.0,8.44,10.44,False,False,0,stable_wrong,9.846606254577637,15.870713233947754,12.540478706359863,6.543748378753662,-5.996730327606201,16.41466522216797,4.617743968963623,73.79306030273438,18.288667678833008,0.24783723056316376,0.0648583471775055,12.127408027648926,0.4000000059604645,1.0,7.848735332489014,20.13494873046875,11.42263412475586,5.128473281860352,-6.294160842895508,12.875399589538574,8.21462631225586,53.59124755859375,22.87037467956543,0.42675578594207764,-0.016182254999876022,9.905055046081543,0.4000000059604645,1.0
727,112.0,80.0,320.0,False,False,0,stable_wrong,10.528327941894531,16.982213973999023,14.010403633117676,7.280304431915283,-6.730099201202393,17.306474685668945,4.969112873077393,72.78883361816406,21.254419326782227,0.2920010983943939,0.02224663831293583,13.024993896484375,0.0,1.0,9.136710166931152,17.865053176879883,11.638214111328125,7.240973949432373,-4.397240161895752,14.859986305236816,5.513023853302002,64.77014923095703,22.191009521484375,0.3426116704940796,-0.32020220160484314,11.59759521484375,0.20000000298023224,1.0
728,40.0,50.0,80.0,False,False,0,stable_wrong,11.331154823303223,19.543746948242188,13.898287773132324,8.8364839553833,-5.061803817749023,18.261676788330078,5.0925374031066895,79.19682312011719,27.088991165161133,0.34204643964767456,-0.06163255497813225,14.390534400939941,0.20000000298023224,1.0,8.10009479522705,18.22014808654785,10.72509765625,6.099853038787842,-4.625244617462158,12.810420989990234,7.06646203994751,46.29950714111328,22.533851623535156,0.4866974353790283,0.3224188983440399,10.569111824035645,0.4000000059604645,1.0
729,1000.0,1000.0,1000.0,True,True,0,stable_correct,13.736069679260254,20.17721176147461,15.294205665588379,11.692901611328125,-3.601304054260254,22.157573699951172,4.005279541015625,103.59677124023438,28.16606903076172,0.27188172936439514,-0.1150340661406517,17.84741973876953,0.20000000298023224,1.0,9.39256763458252,18.057771682739258,12.73684310913086,6.446000576019287,-6.290842533111572,15.50840950012207,5.469476222991943,79.86377716064453,22.922975540161133,0.28702592849731445,-0.5852283239364624,11.497763633728027,0.4000000059604645,1.0
730,8.0,8.0,8.0,True,True,0,stable_correct,14.55211353302002,19.888893127441406,16.102323532104492,12.62651538848877,-3.4758081436157227,23.267932891845703,7.316878795623779,96.8670654296875,21.510984420776367,0.22206705808639526,0.226414293050766,18.489953994750977,0.6000000238418579,1.0,7.9669036865234375,18.694181442260742,12.179730415344238,4.669327259063721,-7.510403156280518,13.646177291870117,7.328828811645508,51.12901306152344,20.30921745300293,0.3972151279449463,0.23826713860034943,9.021466255187988,0.20000000298023224,1.0
731,1.0,4.0,1.0,False,True,1,recovered,12.426607131958008,16.734092712402344,15.264513969421387,10.046269416809082,-5.218244552612305,19.673234939575195,4.515406131744385,80.02884674072266,23.71807098388672,0.2963690161705017,0.021977314725518227,16.156566619873047,0.20000000298023224,1.0,9.277907371520996,17.486543655395508,12.592910766601562,6.665992736816406,-5.926918029785156,14.977497100830078,6.217791557312012,59.17113494873047,21.917184829711914,0.37040331959724426,0.08155699819326401,11.440829277038574,0.0,1.0
732,87.0,77.0,87.0,False,True,1,recovered,12.596086502075195,20.082977294921875,15.662151336669922,10.157816886901855,-5.504334449768066,20.017534255981445,4.709283351898193,92.18537139892578,27.097043991088867,0.29394081234931946,-0.11419989168643951,17.310270309448242,0.20000000298023224,1.0,8.848421096801758,19.078365325927734,11.017115592956543,7.445163726806641,-3.5719518661499023,14.443148612976074,6.578859806060791,63.78940200805664,22.1463565826416,0.34717923402786255,-0.17617899179458618,11.467658996582031,0.4000000059604645,1.0
733,5.0,5.0,5.0,True,True,0,stable_correct,10.861783981323242,18.389347076416016,14.366110801696777,7.871150493621826,-6.494960308074951,16.879980087280273,5.818547248840332,67.86711883544922,26.82451629638672,0.3952505588531494,0.18390335142612457,15.579947471618652,0.0,1.0,8.517687797546387,20.138940811157227,11.327056884765625,6.106357574462891,-5.220699310302734,13.911123275756836,7.919880390167236,51.01382827758789,22.89375877380371,0.4487755596637726,0.25418415665626526,10.79845142364502,0.20000000298023224,1.0
734,17.0,15.0,17.0,False,True,1,recovered,10.156977653503418,17.523574829101562,11.5257568359375,8.470240592956543,-3.055516242980957,15.67398452758789,4.722963809967041,77.11164855957031,25.281930923461914,0.32786136865615845,0.034827057272195816,15.341812133789062,0.4000000059604645,1.0,6.960476875305176,16.998390197753906,10.050299644470215,4.39950704574585,-5.650792598724365,11.63565444946289,6.703985214233398,39.70033264160156,20.128406524658203,0.5070084929466248,0.28895145654678345,7.5136590003967285,0.20000000298023224,1.0
735,50.0,50.0,50.0,True,True,0,stable_correct,13.301348686218262,19.02806282043457,15.709746360778809,11.452320098876953,-4.2574262619018555,20.971450805664062,4.184852600097656,93.0150375366211,26.405508041381836,0.28388428688049316,-0.1051403284072876,18.21886444091797,0.0,1.0,9.037297248840332,18.178781509399414,10.87070369720459,7.563938617706299,-3.306765079498291,14.84399700164795,5.874787330627441,57.6354866027832,22.27972412109375,0.38656261563301086,0.10763584077358246,11.204817771911621,0.20000000298023224,1.0
736,3.0,23.0,3.0,False,True,1,recovered,9.229254722595215,12.2868070602417,10.2865571975708,8.170702934265137,-2.115854263305664,14.59914493560791,2.7859153747558594,71.1817855834961,18.331037521362305,0.2575242817401886,0.021043768152594566,12.312315940856934,0.4000000059604645,1.0,8.00153636932373,16.80097198486328,9.91148853302002,6.632411956787109,-3.27907657623291,13.178784370422363,6.136652946472168,48.7512092590332,19.14535903930664,0.39271557331085205,0.12283842265605927,9.812235832214355,0.20000000298023224,1.0
737,2.0,2.0,2.0,True,True,0,stable_correct,17.09827423095703,20.04839515686035,19.281797409057617,15.349223136901855,-3.9325742721557617,26.139202117919922,4.2455735206604,122.95118713378906,28.44261360168457,0.23133257031440735,-0.14908389747142792,25.197616577148438,0.20000000298023224,1.0,11.496744155883789,19.163650512695312,13.757403373718262,8.481935501098633,-5.275467872619629,18.694503784179688,5.550442695617676,81.48524475097656,24.57939338684082,0.3016422688961029,-0.21932104229927063,14.246472358703613,0.4000000059604645,1.0
738,4.0,4.0,4.0,True,True,0,stable_correct,13.981484413146973,18.86675262451172,15.18751049041748,13.48688793182373,-1.70062255859375,21.348817825317383,4.133828639984131,102.3272705078125,27.680692672729492,0.2705113887786865,-0.027135085314512253,20.887237548828125,0.4000000059604645,1.0,9.110857963562012,18.339679718017578,12.262619018554688,6.735433578491211,-5.527185440063477,14.920489311218262,5.925425052642822,66.82904052734375,22.594087600708008,0.33808785676956177,-0.07795865833759308,11.607251167297363,0.4000000059604645,1.0
739,98.0,78.0,92.0,False,False,0,stable_wrong,13.296098709106445,18.753108978271484,16.71281623840332,10.008136749267578,-6.704679489135742,21.760028839111328,4.752816200256348,96.93092346191406,21.980079650878906,0.22676023840904236,-0.08226823806762695,16.7143497467041,0.20000000298023224,1.0,9.690408706665039,19.38822364807129,12.28648853302002,6.7631516456604,-5.523336887359619,15.832476615905762,6.268167495727539,73.10150909423828,23.32547378540039,0.3190833330154419,-0.13149577379226685,12.965588569641113,0.20000000298023224,1.0
740,25.0,25.0,25.0,True,True,0,stable_correct,12.203857421875,16.755756378173828,14.348453521728516,9.810214042663574,-4.538239479064941,19.953445434570312,4.2920331954956055,88.19270324707031,18.70021629333496,0.21203812956809998,-0.035206861793994904,15.316794395446777,0.20000000298023224,1.0,6.829952716827393,16.88185691833496,9.281115531921387,4.309293270111084,-4.971822261810303,11.24583625793457,7.023810386657715,41.2419548034668,17.977977752685547,0.4359147846698761,0.24360069632530212,8.179505348205566,0.4000000059604645,1.0
741,28.0,28.0,28.0,True,True,0,stable_correct,13.543998718261719,18.742042541503906,14.895874977111816,11.557784080505371,-3.3380908966064453,21.98910140991211,6.227152347564697,97.69767761230469,22.451093673706055,0.2298017144203186,0.11975221335887909,16.865076065063477,0.4000000059604645,1.0,7.998428821563721,17.479536056518555,11.705711364746094,4.642362117767334,-7.06334924697876,13.39903450012207,6.690825462341309,51.51847457885742,19.788103103637695,0.38409721851348877,0.22165974974632263,9.392156600952148,0.0,1.0
742,24.0,48.0,24.0,False,True,1,recovered,11.016679763793945,15.634088516235352,12.254830360412598,9.179018020629883,-3.075812339782715,17.55704116821289,3.590980291366577,78.53091430664062,21.41793441772461,0.27273252606391907,0.08153486251831055,14.709444999694824,0.20000000298023224,1.0,7.033230781555176,17.30864143371582,8.844834327697754,5.114303112030029,-3.7305312156677246,11.762365341186523,6.572978973388672,45.4287109375,20.37959098815918,0.4486059844493866,0.11628282070159912,8.529723167419434,0.20000000298023224,1.0
743,8.0,8.0,8.0,True,True,0,stable_correct,13.18961238861084,17.29831886291504,16.098548889160156,10.584823608398438,-5.513725280761719,21.026620864868164,3.88857102394104,102.97825622558594,24.993940353393555,0.24271085858345032,-0.13344547152519226,17.9158992767334,0.20000000298023224,1.0,9.581267356872559,16.837779998779297,12.048267364501953,7.586740970611572,-4.461526393890381,15.522417068481445,5.042455673217773,69.35115051269531,20.8734073638916,0.30098140239715576,-0.11011146008968353,11.996109962463379,0.4000000059604645,1.0
744,4.0,4.0,4.0,True,True,0,stable_correct,11.28369140625,21.621938705444336,14.611838340759277,8.013406753540039,-6.598431587219238,18.27695083618164,6.382364273071289,92.32931518554688,29.267004013061523,0.31698495149612427,-0.2079988420009613,15.08634090423584,0.20000000298023224,1.0,8.68848991394043,19.30812644958496,11.215031623840332,6.739247798919678,-4.475783824920654,14.392298698425293,6.905478000640869,54.15548324584961,23.42973518371582,0.4326382875442505,0.15061914920806885,10.250277519226074,0.4000000059604645,1.0
745,1100.0,9000.0,9500.0,False,False,0,stable_wrong,11.1416015625,19.156112670898438,14.560153007507324,8.775553703308105,-5.784599304199219,17.462900161743164,6.005959987640381,76.29235076904297,23.518163681030273,0.30826371908187866,0.019713249057531357,16.014923095703125,0.0,1.0,10.216095924377441,19.987863540649414,13.660674095153809,7.773565292358398,-5.88710880279541,16.839845657348633,6.134201526641846,78.34922790527344,25.244386672973633,0.3222033977508545,-0.42528241872787476,12.592516899108887,0.4000000059604645,1.0
746,28.0,18.0,10.0,False,False,0,stable_wrong,11.23808479309082,16.06389617919922,12.992127418518066,9.849468231201172,-3.1426591873168945,17.667072296142578,4.1523823738098145,75.85529327392578,21.138002395629883,0.27866220474243164,-0.13396263122558594,15.349106788635254,0.20000000298023224,1.0,9.267704963684082,18.454668045043945,11.450655937194824,7.779350280761719,-3.6713056564331055,15.078206062316895,5.437205791473389,72.40769958496094,24.35280990600586,0.33632901310920715,-0.49659475684165955,11.843562126159668,0.20000000298023224,1.0
747,350.0,350.0,350.0,True,True,0,stable_correct,13.242181777954102,17.672992706298828,15.233216285705566,11.5494384765625,-3.6837778091430664,20.464599609375,4.185092926025391,88.07749938964844,25.808609008789062,0.2930215895175934,0.03754637390375137,18.84193229675293,0.20000000298023224,1.0,9.913603782653809,17.568946838378906,13.683860778808594,6.82905912399292,-6.854801654815674,16.523229598999023,5.5605669021606445,73.06946563720703,21.59068489074707,0.2954816222190857,-0.39113396406173706,11.637429237365723,0.4000000059604645,1.0
748,336.0,336.0,336.0,True,True,0,stable_correct,11.171771049499512,16.88152313232422,11.975415229797363,10.701001167297363,-1.2744140625,16.470582962036133,3.954615831375122,90.69306945800781,25.353694915771484,0.27955493330955505,-0.1576310396194458,18.472715377807617,0.4000000059604645,1.0,7.334939479827881,16.545059204101562,9.597088813781738,5.6729044914245605,-3.9241843223571777,11.732003211975098,6.388644218444824,45.05995178222656,19.842247009277344,0.4403521716594696,0.09645259380340576,9.450446128845215,0.4000000059604645,1.0
749,3.0,3.0,3.0,True,True,0,stable_correct,12.735516548156738,17.270275115966797,15.169224739074707,10.462931632995605,-4.706293106079102,19.999616622924805,4.674260139465332,79.33841705322266,24.51831817626953,0.3090346157550812,0.05237855389714241,16.41604995727539,0.20000000298023224,1.0,8.491476058959961,20.527170181274414,11.011463165283203,6.329137802124023,-4.68232536315918,13.917448043823242,7.9102959632873535,53.77466583251953,23.509130477905273,0.4371785521507263,0.16589011251926422,10.868132591247559,0.20000000298023224,1.0
750,4000.0,1000.0,2000.0,False,False,0,stable_wrong,14.04560375213623,18.64227867126465,16.76372718811035,11.988880157470703,-4.774847030639648,22.236984252929688,4.000540733337402,112.18721771240234,24.403087615966797,0.21752110123634338,-0.22222158312797546,19.571121215820312,0.20000000298023224,1.0,8.778768539428711,16.51437759399414,12.322478294372559,5.975640773773193,-6.346837520599365,14.601802825927734,5.2309393882751465,68.20679473876953,20.318708419799805,0.2978985905647278,-0.31504881381988525,10.813029289245605,0.4000000059604645,1.0
751,43.0,43.0,43.0,True,True,0,stable_correct,11.87064266204834,19.310571670532227,14.526570320129395,10.100531578063965,-4.42603874206543,19.13707160949707,4.706757068634033,93.71871948242188,25.770902633666992,0.27498137950897217,-0.13341805338859558,15.609957695007324,0.4000000059604645,1.0,9.297333717346191,17.37032127380371,12.7958984375,7.104999542236328,-5.690898895263672,14.92243480682373,5.73867654800415,70.29667663574219,22.691648483276367,0.32279831171035767,-0.24740949273109436,12.75983715057373,0.4000000059604645,1.0
752,240.0,300.0,240.0,False,True,1,recovered,12.577489852905273,18.664291381835938,15.941810607910156,8.800326347351074,-7.141484260559082,20.957002639770508,5.8687615394592285,82.9229507446289,21.09372329711914,0.2543773949146271,0.16315984725952148,14.941439628601074,0.20000000298023224,1.0,6.976313591003418,17.526695251464844,10.564872741699219,4.236093521118164,-6.328779220581055,11.906349182128906,7.167593479156494,47.174888610839844,19.364181518554688,0.4104764759540558,0.20192649960517883,8.390414237976074,0.20000000298023224,1.0
753,128.0,128.0,128.0,True,True,0,stable_correct,13.68593692779541,17.99819564819336,15.706642150878906,12.095298767089844,-3.6113433837890625,21.497573852539062,3.8680429458618164,105.34397888183594,25.782861709594727,0.2447492629289627,-0.18947124481201172,19.362972259521484,0.4000000059604645,1.0,10.026461601257324,16.40789794921875,12.041178703308105,8.171566009521484,-3.869612693786621,16.614805221557617,3.4920151233673096,79.15019226074219,20.944028854370117,0.26461121439933777,-0.35547685623168945,12.24753475189209,0.20000000298023224,1.0
754,89.0,99.0,153.0,False,False,0,stable_wrong,10.3558931350708,17.895761489868164,13.13967514038086,8.128747940063477,-5.010927200317383,16.62031364440918,5.1780595779418945,64.04756927490234,22.3913516998291,0.3496050238609314,0.13757826387882233,13.308539390563965,0.0,1.0,8.11266040802002,18.05539894104004,9.73144817352295,7.399944305419922,-2.3315038681030273,12.728818893432617,6.416703224182129,49.59457778930664,23.754505157470703,0.4789738357067108,0.07341275364160538,11.761962890625,0.20000000298023224,1.0
755,7.0,7.0,7.0,True,True,0,stable_correct,11.521885871887207,21.2593936920166,13.685909271240234,9.5775728225708,-4.108336448669434,17.977745056152344,6.118565082550049,86.02218627929688,28.764423370361328,0.3343837857246399,-0.03457619994878769,16.866846084594727,0.4000000059604645,1.0,7.575718402862549,16.578563690185547,10.532179832458496,5.086062908172607,-5.446116924285889,12.621060371398926,5.984730243682861,51.14514923095703,18.98443031311035,0.371187299489975,-0.22454528510570526,8.874688148498535,0.20000000298023224,1.0
756,22.0,22.0,22.0,True,True,0,stable_correct,12.330662727355957,16.006616592407227,13.334033012390137,10.404420852661133,-2.929612159729004,18.969648361206055,4.498114109039307,97.76927185058594,25.1566219329834,0.2573060095310211,0.016382958739995956,17.366870880126953,0.20000000298023224,1.0,8.759255409240723,20.1243896484375,11.792506217956543,6.492027282714844,-5.300478935241699,14.294681549072266,7.543831825256348,52.51570129394531,23.664226531982422,0.4506123960018158,0.3402821123600006,11.075165748596191,0.20000000298023224,1.0
757,75.0,73.0,69.0,False,False,0,stable_wrong,11.656355857849121,17.79834747314453,15.49453067779541,8.376019477844238,-7.118511199951172,19.22101593017578,4.3378400802612305,88.1333236694336,23.438945770263672,0.26594874262809753,-0.2538074851036072,14.3290376663208,0.0,1.0,10.071797370910645,19.005781173706055,12.673060417175293,8.062453269958496,-4.610607147216797,16.689666748046875,5.653146743774414,82.26023864746094,22.539241790771484,0.2739992141723633,-0.3697148859500885,12.147578239440918,0.6000000238418579,1.0
758,133.0,133.0,133.0,True,True,0,stable_correct,14.036091804504395,19.8298397064209,16.641368865966797,11.958462715148926,-4.682906150817871,22.400644302368164,7.7561750411987305,83.60185241699219,21.852636337280273,0.2613893747329712,0.2783994674682617,17.435579299926758,0.4000000059604645,1.0,8.0637788772583,19.67067527770996,11.308497428894043,5.352660655975342,-5.955836772918701,13.527355194091797,7.4492902755737305,54.2561149597168,23.155363082885742,0.4267788529396057,0.0760965496301651,9.75477409362793,0.4000000059604645,1.0
759,60000.0,60000.0,60000.0,True,True,0,stable_correct,12.790132522583008,18.75982666015625,15.158230781555176,10.091484069824219,-5.066746711730957,21.35784339904785,6.772765159606934,83.55673217773438,20.61310386657715,0.24669590592384338,0.21987399458885193,15.223919868469238,0.4000000059604645,1.0,8.089938163757324,18.01681137084961,11.475509643554688,5.388757228851318,-6.086752414703369,13.297371864318848,7.178622245788574,49.11984634399414,19.27066993713379,0.3923194408416748,0.22979703545570374,9.636938095092773,0.20000000298023224,1.0
760,16.0,16.0,16.0,True,True,0,stable_correct,13.532702445983887,19.42437744140625,16.426799774169922,11.204926490783691,-5.2218732833862305,21.63958168029785,4.075092792510986,99.29005432128906,27.162588119506836,0.2735680639743805,-0.24111969769001007,17.924562454223633,0.20000000298023224,1.0,9.688766479492188,17.04842185974121,12.041374206542969,6.822288513183594,-5.219085693359375,16.036893844604492,4.7335333824157715,78.72117614746094,21.24204444885254,0.26983901858329773,-0.4881816804409027,11.902525901794434,0.4000000059604645,1.0
761,27.0,27.0,27.0,True,True,0,stable_correct,13.217763900756836,18.511255264282227,14.673792839050293,10.617506980895996,-4.056285858154297,21.53080940246582,6.184003829956055,97.20752716064453,23.3654727935791,0.24036690592765808,0.060035981237888336,16.119068145751953,0.20000000298023224,1.0,8.304250717163086,19.684783935546875,11.781978607177734,5.537763595581055,-6.24421501159668,13.93810749053955,7.766928195953369,54.265380859375,22.376514434814453,0.41235339641571045,0.2277851551771164,9.760442733764648,0.20000000298023224,1.0
762,85.0,85.0,85.0,True,True,0,stable_correct,14.78123950958252,19.005229949951172,15.801277160644531,14.231108665466309,-1.5701684951782227,23.001089096069336,4.434596538543701,109.91792297363281,26.684757232666016,0.24276985228061676,-0.04540453478693962,20.722719192504883,0.4000000059604645,1.0,10.089165687561035,19.28232765197754,13.252021789550781,7.362459659576416,-5.889562129974365,15.82342529296875,7.404871463775635,67.60444641113281,23.16263771057129,0.34262004494667053,0.11861417442560196,14.11534595489502,0.4000000059604645,1.0
763,100.0,167.0,150.0,False,False,0,stable_wrong,9.613173484802246,15.96336555480957,12.50477123260498,6.846015930175781,-5.658755302429199,15.833179473876953,4.411050319671631,70.2103271484375,20.535160064697266,0.29248061776161194,-0.036077190190553665,12.014442443847656,0.20000000298023224,1.0,6.697307109832764,18.580787658691406,8.829463005065918,5.2631964683532715,-3.5662665367126465,11.27465534210205,7.703431129455566,40.7772102355957,21.902137756347656,0.5371171236038208,0.08443187177181244,7.498964309692383,0.20000000298023224,1.0
764,14.0,19.0,14.0,False,True,1,recovered,11.902764320373535,19.441524505615234,15.808133125305176,8.744997024536133,-7.063136100769043,19.312379837036133,5.740889549255371,81.67874145507812,23.69782257080078,0.2901345193386078,0.005061776842921972,15.303296089172363,0.0,1.0,8.240059852600098,18.15703582763672,10.995942115783691,6.111251354217529,-4.884690761566162,13.397254943847656,6.487534999847412,52.464149475097656,21.50996208190918,0.4099935293197632,-0.1541021466255188,10.314992904663086,0.0,1.0
765,490.0,470.0,490.0,False,True,1,recovered,13.921269416809082,18.23585319519043,14.761696815490723,11.727498054504395,-3.034198760986328,22.377506256103516,5.611758708953857,107.00707244873047,24.62228775024414,0.2300996333360672,0.005199340172111988,17.506685256958008,0.4000000059604645,1.0,8.991495132446289,19.78546142578125,12.96084213256836,5.647696018218994,-7.313146114349365,15.132149696350098,7.0261030197143555,63.4019889831543,22.64422035217285,0.35715314745903015,-0.03699879348278046,10.70205020904541,0.4000000059604645,1.0
766,12.0,12.0,12.0,True,True,0,stable_correct,14.668539047241211,19.95717430114746,16.62349510192871,13.35471248626709,-3.268782615661621,23.382061004638672,8.0325288772583,89.71497344970703,20.540306091308594,0.22895069420337677,0.3132478594779968,18.331161499023438,0.6000000238418579,1.0,7.356847286224365,17.858116149902344,10.87928295135498,4.514780044555664,-6.364502906799316,12.278509140014648,7.257723331451416,46.19208908081055,19.519386291503906,0.4225699007511139,0.3071935772895813,8.878816604614258,0.20000000298023224,1.0
767,60.0,60.0,60.0,True,True,0,stable_correct,13.022900581359863,19.431657791137695,15.437409400939941,8.93453598022461,-6.502873420715332,21.374231338500977,5.918511390686035,100.68197631835938,27.076629638671875,0.2689322531223297,0.006732451729476452,16.27099609375,0.20000000298023224,1.0,8.541852951049805,19.166210174560547,12.197909355163574,5.595317840576172,-6.602591514587402,14.134187698364258,7.725862979888916,51.47096633911133,20.237958908081055,0.39319175481796265,0.2799355387687683,10.078689575195312,0.20000000298023224,1.0
768,675.0,450.0,900.0,False,False,0,stable_wrong,12.880987167358398,17.08724021911621,14.8790283203125,10.783133506774902,-4.095894813537598,20.63312530517578,3.7834503650665283,92.58807373046875,23.719295501708984,0.25618088245391846,-0.0027409910690039396,16.827165603637695,0.20000000298023224,1.0,7.684215068817139,17.34272575378418,10.078534126281738,5.604406356811523,-4.474127769470215,12.585524559020996,6.602770805358887,47.64757537841797,19.103302001953125,0.40092915296554565,0.12445187568664551,9.47409725189209,0.20000000298023224,1.0
769,110.0,175.0,360.0,False,False,0,stable_wrong,11.819239616394043,17.78421974182129,14.086310386657715,9.901988983154297,-4.184321403503418,18.6821346282959,4.695771217346191,75.22183990478516,22.59265899658203,0.30034705996513367,0.09185490012168884,15.798285484313965,0.20000000298023224,1.0,8.694734573364258,19.59461784362793,11.28376293182373,7.041697025299072,-4.242065906524658,13.984317779541016,7.054431438446045,57.826255798339844,24.472885131835938,0.4232140779495239,-0.009123462252318859,11.640403747558594,0.20000000298023224,1.0
770,4.0,4.0,4.0,True,True,0,stable_correct,12.381754875183105,18.828033447265625,15.278264045715332,9.754253387451172,-5.52401065826416,19.461231231689453,4.403554916381836,99.22437286376953,25.037832260131836,0.2523355185985565,-0.16629979014396667,17.71309471130371,0.20000000298023224,1.0,8.285975456237793,16.963680267333984,11.250893592834473,5.793782711029053,-5.45711088180542,13.581171989440918,5.707863807678223,56.07219696044922,19.069475173950195,0.340087890625,-0.0629899874329567,10.66237735748291,0.20000000298023224,1.0
771,3.0,3.0,3.0,True,True,0,stable_correct,14.61737060546875,20.05841636657715,16.503963470458984,13.073210716247559,-3.430752754211426,22.693946838378906,4.205615997314453,111.8416976928711,27.298797607421875,0.24408425390720367,-0.12197040021419525,21.15511131286621,0.20000000298023224,1.0,8.714756965637207,19.766817092895508,12.732382774353027,5.4705810546875,-7.261801719665527,14.17179012298584,7.618260860443115,56.487144470214844,22.516868591308594,0.3986193537712097,0.19778621196746826,11.532927513122559,0.0,1.0
772,50.0,50.0,50.0,True,True,0,stable_correct,10.947347640991211,20.30997657775879,14.065386772155762,8.556492805480957,-5.508893966674805,17.562898635864258,6.500942707061768,70.15869140625,23.706445693969727,0.33789747953414917,0.1760958582162857,14.477383613586426,0.0,1.0,9.212060928344727,17.711013793945312,11.756949424743652,7.195689678192139,-4.561259746551514,14.64892578125,5.695677757263184,68.44892883300781,21.642107009887695,0.3161788880825043,-0.24726080894470215,12.548370361328125,0.4000000059604645,1.0
773,10.0,10.0,10.0,True,True,0,stable_correct,13.282376289367676,19.333847045898438,16.67241096496582,10.553069114685059,-6.119341850280762,21.183168411254883,4.788681507110596,99.47157287597656,26.83562469482422,0.26978185772895813,-0.1432265043258667,17.86789894104004,0.20000000298023224,1.0,9.116118431091309,19.511178970336914,12.406533241271973,6.077338695526123,-6.32919454574585,15.403833389282227,6.452701568603516,69.59661865234375,23.3952693939209,0.3361552655696869,-0.39450904726982117,10.366280555725098,0.4000000059604645,1.0
774,10.0,12.0,12.0,False,False,0,stable_wrong,10.261771202087402,16.139795303344727,12.942832946777344,7.292757511138916,-5.650075435638428,16.995756149291992,4.1783833503723145,74.85936737060547,20.080657958984375,0.2682451009750366,-0.013988235965371132,12.662480354309082,0.20000000298023224,1.0,7.9282379150390625,17.381431579589844,9.846972465515137,6.369096279144287,-3.4778761863708496,13.156929969787598,6.238562107086182,51.987483978271484,19.102006912231445,0.3674347400665283,0.240198016166687,9.680378913879395,0.6000000238418579,1.0
775,276.0,270.0,286.0,False,False,0,stable_wrong,13.941411018371582,18.394929885864258,16.5731143951416,11.78377628326416,-4.789338111877441,21.746063232421875,4.495953559875488,108.0616226196289,25.694293975830078,0.23777446150779724,-0.12379922717809677,20.13224983215332,0.20000000298023224,1.0,9.650591850280762,18.451637268066406,13.243114471435547,6.942169189453125,-6.300945281982422,15.638033866882324,6.265086650848389,69.08906555175781,23.78407096862793,0.3442523181438446,-0.1879228800535202,12.236519813537598,0.20000000298023224,1.0
776,800.0,800.0,800.0,True,True,0,stable_correct,14.82808780670166,21.628149032592773,17.54566764831543,12.202231407165527,-5.343436241149902,23.573368072509766,9.12003231048584,89.33968353271484,22.296653747558594,0.24957166612148285,0.27190473675727844,18.610158920288086,0.4000000059604645,1.0,7.216649532318115,19.31391143798828,11.10959243774414,3.9807379245758057,-7.128854751586914,12.514971733093262,7.964144706726074,46.149723052978516,21.66803550720215,0.4695160388946533,0.2194000780582428,8.017516136169434,0.20000000298023224,1.0
777,4400.0,3600.0,4400.0,False,True,1,recovered,11.024373054504395,18.344202041625977,13.714932441711426,8.801474571228027,-4.913457870483398,17.21379280090332,5.434196949005127,68.93291473388672,25.80195426940918,0.37430527806282043,0.16790056228637695,14.94985294342041,0.20000000298023224,1.0,9.979142189025879,18.511199951171875,12.003341674804688,8.003540992736816,-3.999800682067871,16.099365234375,5.591311454772949,73.94786834716797,23.3621883392334,0.31592780351638794,-0.16443583369255066,12.911328315734863,0.4000000059604645,1.0
778,38.0,38.0,38.0,True,True,0,stable_correct,12.867697715759277,17.7506160736084,15.259169578552246,11.217362403869629,-4.041807174682617,19.893831253051758,4.3409929275512695,100.70097351074219,24.28645133972168,0.24117395281791687,-0.27491435408592224,19.06651496887207,0.20000000298023224,1.0,9.114513397216797,18.544475555419922,11.689396858215332,6.945940017700195,-4.743456840515137,15.018856048583984,5.825553894042969,62.775306701660156,23.34111976623535,0.3718200922012329,-0.2381066083908081,11.025130271911621,0.4000000059604645,1.0
779,255.0,337.5,312.5,False,False,0,stable_wrong,12.278035163879395,20.085330963134766,14.970016479492188,10.06951904296875,-4.9004974365234375,19.37935447692871,5.723393440246582,74.55076599121094,26.672592163085938,0.35777756571769714,0.08018966019153595,16.25033950805664,0.0,1.0,9.613241195678711,18.84305191040039,11.978800773620605,7.783162593841553,-4.195638179779053,15.05836296081543,6.531060218811035,63.13703918457031,23.257978439331055,0.36837297677993774,0.08418860286474228,13.702980995178223,0.20000000298023224,1.0
780,25.0,95.0,75.0,False,False,0,stable_wrong,12.06856632232666,17.89624786376953,15.407840728759766,9.331780433654785,-6.0760602951049805,19.135417938232422,5.968046188354492,82.41796112060547,22.730464935302734,0.275795042514801,-0.05234318971633911,16.29219627380371,0.20000000298023224,1.0,9.656013488769531,18.476665496826172,11.799592018127441,8.333478927612305,-3.4661130905151367,15.316534042358398,6.025035858154297,61.564510345458984,23.329635620117188,0.3789461851119995,-0.10280898958444595,12.944968223571777,0.20000000298023224,1.0
781,17.0,2.0,17.0,False,True,1,recovered,13.492707252502441,17.179378509521484,14.151795387268066,12.896148681640625,-1.2556467056274414,20.53373146057129,2.893106698989868,106.57881164550781,26.982728958129883,0.2531715929508209,-0.17929115891456604,20.35647964477539,0.4000000059604645,1.0,7.691173553466797,18.430397033691406,10.62164306640625,5.6924896240234375,-4.9291534423828125,12.521750450134277,7.017322063446045,48.846038818359375,22.814950942993164,0.46707883477211,0.26108402013778687,9.806323051452637,0.4000000059604645,1.0
782,54.0,23.0,27.0,False,False,0,stable_wrong,10.968863487243652,20.720781326293945,15.11020565032959,7.262224197387695,-7.8479814529418945,18.275447845458984,6.227808952331543,75.2842788696289,25.87138557434082,0.3436492383480072,-0.021943222731351852,13.094346046447754,0.0,1.0,8.1066255569458,14.867572784423828,9.29389476776123,7.518383026123047,-1.7755117416381836,12.401229858398438,4.898520469665527,53.14244842529297,19.07471466064453,0.35893556475639343,-0.20541825890541077,11.813426971435547,0.20000000298023224,1.0
783,4.0,4.0,5.0,True,False,-1,regressed,8.575053215026855,15.76943302154541,11.966687202453613,5.221526622772217,-6.7451605796813965,14.430405616760254,5.164229393005371,57.330596923828125,18.311614990234375,0.31940388679504395,0.07263265550136566,9.943105697631836,0.0,1.0,7.427943229675293,18.080827713012695,9.859162330627441,5.77827787399292,-4.0808844566345215,12.088360786437988,7.2984209060668945,49.25260925292969,19.579750061035156,0.39753732085227966,-0.056159842759370804,9.801626205444336,0.20000000298023224,1.0
784,15.0,15.0,15.0,True,True,0,stable_correct,10.538595199584961,16.45461082458496,13.262059211730957,7.838728427886963,-5.423330783843994,17.308523178100586,4.394316673278809,72.38385009765625,20.300994873046875,0.2804630398750305,0.07048546522855759,12.93620777130127,0.20000000298023224,1.0,5.867964267730713,16.867694854736328,7.951842784881592,4.1371541023254395,-3.8146886825561523,9.782732009887695,7.265191078186035,35.368343353271484,19.52379608154297,0.5520132780075073,0.1453046202659607,6.614952087402344,0.20000000298023224,1.0
785,155.0,34.0,69.0,False,False,0,stable_wrong,11.82940673828125,17.060443878173828,14.105968475341797,9.176244735717773,-4.929723739624023,19.29627227783203,4.270986557006836,85.38043975830078,19.950176239013672,0.23366214334964752,0.03308878093957901,14.990592956542969,0.20000000298023224,1.0,7.328558921813965,16.03928565979004,8.4916410446167,6.3472137451171875,-2.1444272994995117,11.952356338500977,5.629542827606201,48.65861892700195,19.237354278564453,0.3953534662723541,-0.11981449276208878,9.444392204284668,0.6000000238418579,1.0
786,142.0,142.0,142.0,True,True,0,stable_correct,14.63366413116455,22.570608139038086,16.156579971313477,13.303733825683594,-2.852846145629883,22.416391372680664,5.576564788818359,121.3858413696289,29.719074249267578,0.24483147263526917,-0.2241983711719513,21.859296798706055,0.4000000059604645,1.0,10.068344116210938,19.13702392578125,12.414713859558105,8.361083030700684,-4.053630828857422,15.954599380493164,6.466515064239502,66.95435333251953,23.450700759887695,0.3502490818500519,-0.20446813106536865,13.396994590759277,0.20000000298023224,1.0
787,25.0,25.0,25.0,True,True,0,stable_correct,15.073634147644043,18.72260856628418,17.565614700317383,12.850871086120605,-4.714743614196777,23.244136810302734,3.809238910675049,113.1351089477539,28.043621063232422,0.24787725508213043,-0.1609368920326233,22.153282165527344,0.20000000298023224,1.0,9.577845573425293,18.87862205505371,13.346728324890137,6.423673629760742,-6.9230546951293945,15.532055854797363,6.832499980926514,62.17592239379883,23.38308334350586,0.37607941031455994,-0.05565009266138077,11.752808570861816,0.4000000059604645,1.0
788,100.0,150.0,100.0,False,True,1,recovered,13.605765342712402,19.935224533081055,16.7157039642334,10.217707633972168,-6.4979963302612305,22.415424346923828,7.64979887008667,81.20318603515625,23.263877868652344,0.28648972511291504,0.2726310193538666,16.032432556152344,0.20000000298023224,1.0,7.943507671356201,18.451343536376953,11.5382661819458,5.081834316253662,-6.456431865692139,13.385955810546875,7.172978401184082,49.43195343017578,20.396329879760742,0.41261428594589233,0.27642959356307983,9.425773620605469,0.20000000298023224,1.0
789,4.0,12.0,3.0,False,False,0,stable_wrong,11.57567310333252,18.420652389526367,14.536514282226562,8.657951354980469,-5.878562927246094,18.873607635498047,5.541512489318848,72.38507080078125,22.51947021484375,0.3111065626144409,0.20150737464427948,14.049681663513184,0.20000000298023224,1.0,7.204870700836182,17.492712020874023,9.053627967834473,5.433749675750732,-3.6198782920837402,11.8203763961792,6.958088397979736,45.28577423095703,19.460039138793945,0.4297163784503937,0.12906427681446075,9.018614768981934,0.4000000059604645,1.0
790,108.0,12.0,12.0,False,False,0,stable_wrong,12.95332145690918,19.503555297851562,15.203495979309082,10.836688041687012,-4.36680793762207,19.902015686035156,4.293847560882568,98.85121154785156,29.70343589782715,0.300486296415329,-0.06192605569958687,19.57822036743164,0.20000000298023224,1.0,8.748964309692383,20.867717742919922,12.002245903015137,6.170330047607422,-5.831915855407715,14.4794282913208,8.100492477416992,57.579078674316406,24.08473014831543,0.4182896018028259,-0.046471454203128815,10.291813850402832,0.20000000298023224,1.0
791,100.0,100.0,100.0,True,True,0,stable_correct,12.180253982543945,15.736034393310547,13.26715087890625,11.301219940185547,-1.9659309387207031,18.9217529296875,2.9014875888824463,100.3414535522461,23.887914657592773,0.23806625604629517,-0.19652946293354034,17.433088302612305,0.4000000059604645,1.0,7.972084045410156,18.17005157470703,10.886235237121582,5.835862636566162,-5.05037260055542,12.665056228637695,7.127547264099121,50.784732818603516,22.077796936035156,0.43473294377326965,0.022878969088196754,10.500673294067383,0.4000000059604645,1.0
792,75.0,75.0,75.0,True,True,0,stable_correct,15.475631713867188,19.964326858520508,17.56156349182129,14.336678504943848,-3.2248849868774414,23.7858943939209,8.328585624694824,88.04306030273438,24.92128562927246,0.28305792808532715,0.22564153373241425,20.6257381439209,0.20000000298023224,1.0,8.159708023071289,17.20921516418457,10.915827751159668,5.249608993530273,-5.6662187576293945,13.707662582397461,6.265444755554199,56.55493927001953,18.48748779296875,0.3268943130970001,0.0856461301445961,9.769509315490723,0.20000000298023224,1.0
793,250.0,490.0,490.0,False,False,0,stable_wrong,13.334534645080566,20.10752296447754,17.266279220581055,10.191378593444824,-7.0749006271362305,21.148601531982422,6.471811294555664,85.3596420288086,26.912187576293945,0.3152799904346466,0.08034081757068634,17.530160903930664,0.0,1.0,9.424493789672852,16.277297973632812,10.423375129699707,8.998467445373535,-1.4249076843261719,14.65989875793457,5.237112045288086,64.95089721679688,20.92129135131836,0.3221093416213989,-0.24641719460487366,13.205382347106934,0.4000000059604645,1.0
794,32.0,32.0,32.0,True,True,0,stable_correct,13.000897407531738,19.03537368774414,15.977142333984375,10.188267707824707,-5.788874626159668,21.324871063232422,6.4239606857299805,82.27505493164062,24.018117904663086,0.2919246554374695,0.13007831573486328,15.618306159973145,0.20000000298023224,1.0,7.930625915527344,18.114606857299805,11.4395112991333,4.966861248016357,-6.472650051116943,13.346949577331543,7.197325706481934,49.53437805175781,18.522024154663086,0.3739226162433624,0.2654739022254944,9.527023315429688,0.20000000298023224,1.0
795,20.0,20.0,20.0,True,True,0,stable_correct,10.423117637634277,14.958303451538086,12.30406665802002,7.298839092254639,-5.005227565765381,17.17918586730957,4.135200500488281,82.05647277832031,19.81397247314453,0.24146752059459686,-0.02218247577548027,13.019268989562988,0.20000000298023224,1.0,9.674847602844238,20.932645797729492,14.277338981628418,5.71019172668457,-8.567147254943848,16.055875778198242,7.904355049133301,64.2945556640625,24.56020164489746,0.3819950520992279,0.14040020108222961,11.76097583770752,0.20000000298023224,1.0
796,2880000.0,2640000.0,2640000.0,False,False,0,stable_wrong,10.878191947937012,19.565980911254883,13.663776397705078,8.274035453796387,-5.389740943908691,17.692075729370117,5.526481628417969,75.7479248046875,26.08555793762207,0.3443732261657715,-0.08933166414499283,13.457538604736328,0.20000000298023224,1.0,9.505486488342285,16.75091552734375,10.25307846069336,8.957353591918945,-1.295724868774414,14.887321472167969,5.745804786682129,67.24774169921875,18.335330963134766,0.2726534903049469,-0.015473484992980957,13.524555206298828,0.20000000298023224,1.0
797,540.0,540.0,540.0,True,True,0,stable_correct,13.556190490722656,21.730634689331055,16.715667724609375,10.45092487335205,-6.264742851257324,21.94132423400879,5.6789679527282715,92.22492980957031,28.00821876525879,0.3036946654319763,0.011530989781022072,16.99860382080078,0.20000000298023224,1.0,7.5775628089904785,17.95713996887207,10.312094688415527,5.302183628082275,-5.009911060333252,12.076436042785645,7.330657005310059,46.36731719970703,19.334808349609375,0.4169921875,0.09917797148227692,10.08336353302002,0.20000000298023224,1.0
798,20.0,10.0,0.0,False,False,0,stable_wrong,12.456893920898438,15.295941352844238,13.743985176086426,11.291049003601074,-2.4529361724853516,18.904983520507812,4.414384365081787,75.87157440185547,19.651342391967773,0.2590079605579376,0.1573406606912613,17.652063369750977,0.4000000059604645,1.0,7.726307392120361,17.3677921295166,10.308140754699707,6.172656536102295,-4.135484218597412,12.56171989440918,6.0236968994140625,58.618507385253906,21.986339569091797,0.3750750422477722,-0.4656016230583191,10.29825496673584,0.4000000059604645,1.0
799,4.0,4.0,4.0,True,True,0,stable_correct,11.908669471740723,17.935468673706055,14.291865348815918,9.477015495300293,-4.814849853515625,18.815670013427734,3.9045679569244385,97.33699035644531,24.662384033203125,0.25337114930152893,-0.17235562205314636,16.580299377441406,0.20000000298023224,1.0,7.3713788986206055,15.772185325622559,9.548531532287598,5.9484686851501465,-3.600062847137451,11.758729934692383,5.738311767578125,45.57808303833008,19.459453582763672,0.42694762349128723,-0.0482725128531456,9.712631225585938,0.20000000298023224,1.0
800,428.0,433.0,428.0,False,True,1,recovered,12.235124588012695,16.47555160522461,13.020323753356934,10.578437805175781,-2.4418859481811523,18.973098754882812,3.5225589275360107,96.5905990600586,24.492717742919922,0.2535724937915802,-0.10422738641500473,17.796409606933594,0.20000000298023224,1.0,8.425643920898438,17.926410675048828,9.90560531616211,6.907834529876709,-2.9977707862854004,13.918647766113281,6.2470622062683105,56.241371154785156,21.23813247680664,0.3776247203350067,0.12203695625066757,10.605813026428223,0.4000000059604645,1.0
801,1240.0,1120.0,2620.0,False,False,0,stable_wrong,12.079644203186035,19.89993667602539,15.231414794921875,8.797221183776855,-6.4341936111450195,19.47972297668457,5.368807315826416,86.90949249267578,25.21107292175293,0.29008421301841736,0.03806673362851143,16.16121482849121,0.20000000298023224,1.0,8.330585479736328,17.454174041748047,9.96309757232666,7.217250347137451,-2.745847225189209,13.654644012451172,5.88121223449707,55.67094802856445,20.721418380737305,0.37221240997314453,-0.015440879389643669,10.701111793518066,0.4000000059604645,1.0
802,6.0,6.0,4.0,True,False,-1,regressed,13.603598594665527,21.394634246826172,17.205419540405273,10.316657066345215,-6.888762474060059,21.660703659057617,5.800774097442627,92.3232192993164,28.551677703857422,0.309257835149765,0.08050238341093063,18.2658748626709,0.20000000298023224,1.0,9.875187873840332,22.457759857177734,13.52652645111084,6.85850191116333,-6.66802453994751,16.20867347717285,8.572469711303711,63.288421630859375,24.95269012451172,0.3942694365978241,0.13147488236427307,12.105238914489746,0.0,1.0
803,9.0,9.5,0.0,False,False,0,stable_wrong,13.415034294128418,19.256101608276367,17.06118392944336,9.89030933380127,-7.17087459564209,21.553600311279297,5.261559963226318,92.38946533203125,26.19443130493164,0.283521831035614,0.0032739765010774136,17.424165725708008,0.20000000298023224,1.0,9.999733924865723,20.338279724121094,13.677013397216797,7.149547576904297,-6.5274658203125,16.119159698486328,7.619128704071045,60.759552001953125,24.46438217163086,0.4026425778865814,0.12697695195674896,12.150240898132324,0.20000000298023224,1.0
804,20.0,260.0,20.0,False,True,1,recovered,13.968588829040527,19.453792572021484,15.361210823059082,12.499114036560059,-2.8620967864990234,21.618627548217773,3.797091007232666,111.52175903320312,27.713956832885742,0.24850717186927795,-0.22272901237010956,20.259214401245117,0.20000000298023224,1.0,8.46074390411377,18.36132049560547,10.892742156982422,6.212369441986084,-4.680372714996338,13.895352363586426,6.546359062194824,54.16773986816406,22.12104034423828,0.4083803594112396,-0.09542842954397202,10.267228126525879,0.20000000298023224,1.0
805,1170.0,1170.0,1170.0,True,True,0,stable_correct,15.171793937683105,18.647478103637695,15.463883399963379,14.555900573730469,-0.9079828262329102,23.071834564208984,3.678152561187744,115.93724060058594,29.395946502685547,0.2535504996776581,-0.1257132589817047,22.768035888671875,0.4000000059604645,1.0,8.286555290222168,18.015222549438477,11.76830768585205,4.593355178833008,-7.174952507019043,14.162981986999512,6.508594512939453,60.492027282714844,20.112661361694336,0.33248451352119446,-0.1880839765071869,9.567867279052734,0.4000000059604645,1.0
806,70.0,164.0,68.0,False,False,0,stable_wrong,10.602873802185059,17.513233184814453,12.614996910095215,8.500470161437988,-4.114526748657227,16.616559982299805,4.551969051361084,74.3493881225586,24.353456497192383,0.32755422592163086,-0.029390793293714523,15.080008506774902,0.0,1.0,7.378823757171631,16.222612380981445,9.165447235107422,5.681784152984619,-3.4836630821228027,11.9642972946167,6.102023124694824,47.71337127685547,17.86491584777832,0.3744215667247772,0.19542793929576874,9.660467147827148,0.4000000059604645,1.0
807,4.0,12.0,4.0,False,True,1,recovered,11.698701858520508,16.11404037475586,14.10159969329834,9.392536163330078,-4.709063529968262,18.49174690246582,4.055786609649658,80.8981704711914,21.03605079650879,0.26003122329711914,-0.0018246270483359694,15.86721420288086,0.20000000298023224,1.0,7.718852519989014,16.486644744873047,8.939337730407715,6.539052486419678,-2.400285243988037,12.347228050231934,5.933981418609619,52.54013442993164,18.73204803466797,0.3565283715724945,0.06094471365213394,10.545973777770996,0.6000000238418579,1.0
808,12.0,11.5,12.5,False,False,0,stable_wrong,13.900129318237305,20.010862350463867,18.216585159301758,10.72254467010498,-7.494040489196777,22.3652400970459,5.583632469177246,104.31881713867188,27.182519912719727,0.26057159900665283,-0.23914584517478943,18.13715934753418,0.20000000298023224,1.0,9.745553970336914,18.853988647460938,13.428810119628906,6.646395206451416,-6.78241491317749,15.701244354248047,6.693109035491943,64.01837158203125,23.609519958496094,0.36879289150238037,-0.09085826575756073,12.41153621673584,0.20000000298023224,1.0
809,50.0,50.0,50.0,True,True,0,stable_correct,12.171805381774902,20.633338928222656,14.920433044433594,10.834959983825684,-4.08547306060791,17.937070846557617,7.381973743438721,59.49094009399414,32.63786697387695,0.5486190915107727,0.428947389125824,18.366865158081055,0.0,1.0,7.285229682922363,18.393800735473633,9.899240493774414,4.808695316314697,-5.090545177459717,12.221287727355957,7.36014986038208,44.4261360168457,20.222816467285156,0.4552008807659149,0.3041239380836487,8.600187301635742,0.20000000298023224,1.0
810,310.0,310.0,150.0,True,False,-1,regressed,12.473015785217285,18.702138900756836,15.675552368164062,10.003066062927246,-5.672486305236816,19.45789337158203,5.297118663787842,77.32758331298828,25.081584930419922,0.32435494661331177,0.1104634553194046,17.071964263916016,0.0,1.0,8.10651969909668,21.248620986938477,11.230393409729004,6.132885456085205,-5.097507953643799,12.923310279846191,8.925019264221191,45.96424102783203,26.164081573486328,0.569226861000061,0.08866794407367706,10.228682518005371,0.0,1.0
811,60.0,60.0,60.0,True,True,0,stable_correct,11.745369911193848,15.153348922729492,12.178858757019043,10.175889015197754,-2.002969741821289,17.6185359954834,5.061285018920898,99.9749984741211,24.492586135864258,0.2449871152639389,-0.08856945484876633,16.97825050354004,0.4000000059604645,1.0,8.25275993347168,19.791990280151367,11.444835662841797,5.923877716064453,-5.520957946777344,13.566449165344238,7.666726112365723,51.888126373291016,23.692384719848633,0.45660513639450073,0.28804144263267517,9.830821990966797,0.4000000059604645,1.0
812,79.0,54.0,86.0,False,False,0,stable_wrong,14.443290710449219,18.41476058959961,17.2137451171875,12.6340913772583,-4.579653739929199,22.365476608276367,4.6413679122924805,96.52300262451172,26.715484619140625,0.2767784297466278,-0.09781848639249802,20.24580955505371,0.20000000298023224,1.0,11.134818077087402,22.341447830200195,14.571224212646484,9.1681489944458,-5.403075218200684,17.647151947021484,7.716187000274658,63.26025390625,29.34638786315918,0.46389931440353394,-0.012336760759353638,14.26509952545166,0.20000000298023224,1.0
813,7.0,5.0,7.0,False,True,1,recovered,11.3663330078125,18.906339645385742,14.452950477600098,8.500321388244629,-5.952629089355469,18.351112365722656,5.183132648468018,83.55171203613281,24.089693069458008,0.28832074999809265,-0.0012613296275958419,15.07292652130127,0.20000000298023224,1.0,7.381988048553467,18.119226455688477,10.032913208007812,5.345882892608643,-4.68703031539917,12.282286643981934,7.004353046417236,47.30457305908203,21.142967224121094,0.44695398211479187,0.12337623536586761,8.747215270996094,0.4000000059604645,1.0
814,11.0,12.0,60.0,False,False,0,stable_wrong,8.719498634338379,14.909592628479004,10.945330619812012,7.124370574951172,-3.82096004486084,13.638443946838379,4.807866096496582,49.081581115722656,18.01426887512207,0.36702707409858704,0.351021945476532,11.627276420593262,0.20000000298023224,1.0,9.079188346862793,18.932748794555664,11.812264442443848,7.395885467529297,-4.416378974914551,14.488893508911133,6.378977298736572,56.309207916259766,24.76725959777832,0.4398438632488251,0.09004992246627808,12.138581275939941,0.20000000298023224,1.0
815,4.0,4.0,4.0,True,True,0,stable_correct,9.772476196289062,16.438247680664062,11.567550659179688,8.170334815979004,-3.3972158432006836,15.385114669799805,4.791085720062256,61.660457611083984,21.738758087158203,0.35255590081214905,0.20186153054237366,13.347804069519043,0.20000000298023224,1.0,5.657180309295654,17.80140495300293,8.171342849731445,3.9762122631073,-4.195130348205566,9.166046142578125,8.322582244873047,32.11215591430664,20.844322204589844,0.6491100192070007,0.0997263565659523,6.0831828117370605,0.20000000298023224,1.0
816,4500.0,4500.0,4500.0,True,True,0,stable_correct,13.30364990234375,18.80667495727539,14.103590965270996,11.691593170166016,-2.4119977951049805,21.119592666625977,4.025424003601074,117.45996856689453,24.85268783569336,0.21158432960510254,-0.3339084982872009,17.972562789916992,0.4000000059604645,1.0,8.253606796264648,17.241994857788086,11.629426002502441,5.422712802886963,-6.2067131996154785,13.740311622619629,5.768154144287109,58.506343841552734,20.73780059814453,0.3544538915157318,-0.2458103597164154,9.968012809753418,0.20000000298023224,1.0
817,15.0,15.0,15.0,True,True,0,stable_correct,15.638574600219727,21.554637908935547,16.750558853149414,14.267452239990234,-2.4831066131591797,24.715490341186523,6.459136486053467,116.50343322753906,30.328292846679688,0.2603210210800171,0.0789194330573082,21.200769424438477,0.4000000059604645,1.0,8.074719429016113,19.08796501159668,12.088027000427246,5.088731288909912,-6.999295711517334,13.51302433013916,7.515402317047119,49.137001037597656,21.981525421142578,0.4473517835140228,0.31586718559265137,9.304519653320312,0.4000000059604645,1.0
818,16.0,16.0,24.0,True,False,-1,regressed,12.609721183776855,17.63408851623535,14.979084014892578,10.468047142028809,-4.5110368728637695,20.555511474609375,4.1095499992370605,93.64396667480469,22.45167350769043,0.23975569009780884,-0.11245398223400116,16.014347076416016,0.20000000298023224,1.0,8.43933391571045,17.000686645507812,10.326948165893555,6.842871189117432,-3.484076976776123,13.5838041305542,5.627434253692627,55.77939224243164,21.576913833618164,0.38682588934898376,-0.053617991507053375,10.92061710357666,0.4000000059604645,1.0
819,6250.0,6250.0,6250.0,True,True,0,stable_correct,13.886906623840332,21.454227447509766,13.876327514648438,13.632718086242676,-0.24360942840576172,22.20580291748047,6.679269313812256,97.93318176269531,18.151151657104492,0.1853422075510025,0.21296605467796326,17.16457176208496,0.6000000238418579,1.0,8.242456436157227,18.73848533630371,10.944483757019043,5.8996968269348145,-5.0447869300842285,13.818914413452148,6.764336109161377,55.40862274169922,20.906818389892578,0.37732067704200745,0.23921164870262146,10.137749671936035,0.4000000059604645,1.0
820,720.0,720.0,720.0,True,True,0,stable_correct,13.68601131439209,19.163402557373047,15.632804870605469,10.683854103088379,-4.94895076751709,21.66910171508789,4.558691024780273,109.37962341308594,28.140762329101562,0.25727608799934387,-0.0754159688949585,18.825899124145508,0.20000000298023224,1.0,8.591476440429688,19.2265682220459,12.784672737121582,4.4227142333984375,-8.361958503723145,14.78531551361084,7.211675643920898,58.7308235168457,21.893177032470703,0.3727715015411377,0.03907141834497452,9.728434562683105,0.20000000298023224,1.0
821,35.0,35.0,35.0,True,True,0,stable_correct,13.349541664123535,19.826080322265625,16.12548065185547,10.24278736114502,-5.882693290710449,21.47954559326172,4.90543794631958,93.21485137939453,27.59008026123047,0.2959837317466736,-0.03968985751271248,17.23369598388672,0.20000000298023224,1.0,8.532971382141113,18.349550247192383,11.790718078613281,5.367306232452393,-6.423411846160889,14.441343307495117,6.418060302734375,65.20598602294922,20.308570861816406,0.31145256757736206,-0.3267914652824402,10.074667930603027,0.4000000059604645,1.0
822,1260.0,1260.0,1260.0,True,True,0,stable_correct,12.16461181640625,16.99961280822754,13.166983604431152,10.473711967468262,-2.6932716369628906,18.844446182250977,3.6927993297576904,94.92424774169922,25.6654109954834,0.2703778147697449,-0.06883783638477325,17.64800453186035,0.20000000298023224,1.0,8.367091178894043,16.851337432861328,10.929682731628418,6.027565002441406,-4.902117729187012,13.406622886657715,6.030909061431885,55.12129592895508,19.599245071411133,0.35556575655937195,0.07237876206636429,10.815571784973145,0.6000000238418579,1.0
823,14.0,18.0,18.0,False,False,0,stable_wrong,11.204920768737793,15.280820846557617,12.237805366516113,10.882538795471191,-1.3552665710449219,16.773128509521484,3.737460136413574,77.91500091552734,23.910320281982422,0.3068769872188568,0.0628061443567276,17.53721809387207,0.4000000059604645,1.0,8.275874137878418,16.765735626220703,10.290377616882324,6.5850605964660645,-3.7053170204162598,13.23961353302002,5.719331741333008,51.99854278564453,20.826194763183594,0.40051496028900146,0.14379823207855225,10.781813621520996,0.20000000298023224,1.0
824,52.0,52.0,52.0,True,True,0,stable_correct,15.139840126037598,20.163652420043945,15.5896577835083,14.880764961242676,-0.708892822265625,22.649059295654297,3.9831697940826416,127.95455169677734,30.08249855041504,0.23510299623012543,-0.2898039221763611,23.682851791381836,0.4000000059604645,1.0,9.040424346923828,17.47334861755371,11.675127983093262,6.374197006225586,-5.300930976867676,14.721766471862793,5.624874114990234,62.322723388671875,20.98572540283203,0.33672669529914856,-0.16892066597938538,11.356613159179688,0.20000000298023224,1.0
825,153.0,205.0,157.0,False,False,0,stable_wrong,10.480504035949707,16.831336975097656,12.142033576965332,8.588669776916504,-3.553363800048828,16.719579696655273,4.178881645202637,74.51155090332031,22.947744369506836,0.3079756498336792,-0.04517112299799919,14.117720603942871,0.20000000298023224,1.0,6.398708343505859,16.91716194152832,8.609641075134277,4.827121257781982,-3.782519817352295,10.706231117248535,6.831453800201416,40.705265045166016,19.601898193359375,0.48155683279037476,0.14441092312335968,7.390026569366455,0.6000000238418579,1.0
826,27.0,27.0,27.0,True,True,0,stable_correct,13.114480018615723,20.365642547607422,17.028249740600586,10.384235382080078,-6.644014358520508,21.513803482055664,5.481954574584961,101.3418197631836,26.442705154418945,0.26092588901519775,-0.21662163734436035,16.449037551879883,0.20000000298023224,1.0,10.49477481842041,19.117359161376953,12.908293724060059,7.699044704437256,-5.209249019622803,17.294137954711914,5.297745704650879,80.89990234375,22.578760147094727,0.27909502387046814,-0.23606471717357635,13.301451683044434,0.20000000298023224,1.0
827,11.0,10.6,9.8,False,False,0,stable_wrong,12.105829238891602,14.927889823913574,13.802345275878906,10.797392845153809,-3.0049524307250977,18.999237060546875,3.8646974563598633,87.81112670898438,21.498348236083984,0.2448248714208603,-0.07621335238218307,16.59824562072754,0.4000000059604645,1.0,8.546032905578613,17.338327407836914,10.49236011505127,6.460764408111572,-4.031595706939697,14.283672332763672,5.432689666748047,66.74906921386719,21.454797744750977,0.321424663066864,-0.3516334891319275,10.570361137390137,0.4000000059604645,1.0
828,60.0,60.0,60.0,True,True,0,stable_correct,14.1901273727417,18.479961395263672,16.987457275390625,11.995524406433105,-4.9919328689575195,21.8035945892334,4.484078407287598,97.56893920898438,27.615392684936523,0.28303468227386475,0.0011646747589111328,20.68255043029785,0.0,1.0,8.950972557067871,15.602334976196289,11.295292854309082,7.379081726074219,-3.9162111282348633,14.410974502563477,4.573233604431152,62.354984283447266,20.55373191833496,0.3296245336532593,-0.1500382125377655,11.691908836364746,0.0,1.0
829,14000.0,20000.0,1000.0,False,False,0,stable_wrong,10.933764457702637,16.66227912902832,12.179752349853516,9.410384178161621,-2.7693681716918945,16.9588565826416,3.9889442920684814,77.78305053710938,23.715425491333008,0.3048919439315796,0.07531192153692245,15.97240924835205,0.20000000298023224,1.0,8.165539741516113,16.712148666381836,10.551177024841309,6.016870975494385,-4.534306049346924,13.788214683532715,5.3805317878723145,60.53946304321289,18.75128746032715,0.30973660945892334,-0.2419840544462204,9.758600234985352,0.6000000238418579,1.0
830,1128.0,1026.0,22.0,False,False,0,stable_wrong,12.969873428344727,18.007905960083008,15.436854362487793,10.913722038269043,-4.52313232421875,20.446950912475586,4.801804542541504,85.96979522705078,24.62815284729004,0.2864744961261749,-0.024314049631357193,17.244827270507812,0.20000000298023224,1.0,10.154610633850098,18.93470573425293,12.9342622756958,7.357565402984619,-5.576696872711182,16.53472900390625,6.3495306968688965,62.35102462768555,24.267616271972656,0.3892095685005188,-0.12644056975841522,11.861644744873047,0.20000000298023224,1.0
831,324.0,274.0,274.0,False,False,0,stable_wrong,9.242047309875488,15.720733642578125,11.750019073486328,7.101874828338623,-4.648144245147705,15.090718269348145,4.602336883544922,59.12242889404297,18.821392059326172,0.3183460533618927,0.14888779819011688,11.363530158996582,0.0,1.0,8.843344688415527,19.848098754882812,11.785866737365723,6.759302139282227,-5.026564598083496,14.711849212646484,7.067925930023193,57.354736328125,24.39255714416504,0.42529281973838806,-0.09628614783287048,10.435657501220703,0.20000000298023224,1.0
832,42.0,42.0,42.0,True,True,0,stable_correct,12.726583480834961,19.804933547973633,14.429122924804688,11.331103324890137,-3.098019599914551,19.9124813079834,4.50654411315918,93.95110321044922,27.53777503967285,0.2931075096130371,-0.10883597284555435,18.246931076049805,0.20000000298023224,1.0,8.825604438781738,18.736366271972656,11.235888481140137,6.6641082763671875,-4.571780204772949,14.34063720703125,6.686395645141602,58.7274284362793,21.729188919067383,0.3700006902217865,0.07830692827701569,11.529227256774902,0.4000000059604645,1.0
833,40.0,15.83,40.0,False,True,1,recovered,12.201377868652344,18.06998634338379,14.343208312988281,10.233120918273926,-4.1100873947143555,19.33196258544922,4.182880878448486,88.70953369140625,25.0660343170166,0.2825630307197571,-0.007784365210682154,16.474605560302734,0.20000000298023224,1.0,7.546107769012451,16.486125946044922,10.08447551727295,5.592397212982178,-4.4920783042907715,12.003646850585938,6.300344944000244,50.99664306640625,19.220781326293945,0.37690287828445435,-0.17889252305030823,9.92260456085205,0.4000000059604645,1.0
834,80.0,80.0,80.0,True,True,0,stable_correct,14.415820121765137,20.64061737060547,15.88849925994873,12.862082481384277,-3.026416778564453,22.54254722595215,4.564367294311523,108.99292755126953,28.98875617980957,0.2659691572189331,-0.1710389256477356,20.19095802307129,0.20000000298023224,1.0,7.951504230499268,18.77262306213379,10.664794921875,5.3275885581970215,-5.3372063636779785,13.423860549926758,6.758397579193115,56.990562438964844,22.186521530151367,0.38930168747901917,-0.23728184401988983,9.041118621826172,0.4000000059604645,1.0
835,48.0,12.0,6.0,False,False,0,stable_wrong,12.834920883178711,19.369686126708984,15.657508850097656,10.042473793029785,-5.615035057067871,20.356887817382812,4.451499938964844,99.38981628417969,27.47477912902832,0.2764345407485962,-0.0749933123588562,17.692338943481445,0.20000000298023224,1.0,8.055615425109863,17.26307487487793,10.592862129211426,6.16671895980835,-4.426143169403076,12.874119758605957,6.090416431427002,55.1292724609375,20.843061447143555,0.37807610630989075,-0.05442486330866814,10.966167449951172,0.0,1.0
836,140.0,140.0,140.0,True,True,0,stable_correct,13.625147819519043,18.679489135742188,15.131697654724121,12.19831371307373,-2.9333839416503906,20.94975471496582,3.994016170501709,96.01937103271484,27.745403289794922,0.28895631432533264,0.02238669991493225,19.972681045532227,0.20000000298023224,1.0,8.378411293029785,16.77126121520996,10.99960994720459,5.8157639503479,-5.1838459968566895,14.044886589050293,5.376558780670166,61.76320266723633,19.370046615600586,0.31361791491508484,-0.2998773157596588,10.00736141204834,0.20000000298023224,1.0
837,120.0,70.0,170.0,False,False,0,stable_wrong,11.297184944152832,17.679645538330078,13.334503173828125,9.05863094329834,-4.275872230529785,18.0928897857666,4.280201435089111,89.82962036132812,23.29630470275879,0.2593387961387634,-0.18913809955120087,15.398872375488281,0.20000000298023224,1.0,7.720566272735596,16.49332046508789,9.563754081726074,6.272722244262695,-3.291031837463379,12.678686141967773,5.609283447265625,48.177364349365234,19.926307678222656,0.4136030972003937,0.13151848316192627,9.561388969421387,0.20000000298023224,1.0
838,15.0,15.0,15.0,True,True,0,stable_correct,15.816614151000977,18.987852096557617,17.781795501708984,14.035244941711426,-3.7465505599975586,24.351078033447266,4.210901260375977,114.87986755371094,28.326313018798828,0.246573343873024,-0.15184646844863892,22.899141311645508,0.4000000059604645,1.0,9.98405933380127,17.685260772705078,13.561381340026855,6.335752487182617,-7.225628852844238,16.49393081665039,5.974462509155273,67.25401306152344,22.3553524017334,0.33240175247192383,-0.17384886741638184,11.390210151672363,0.20000000298023224,1.0
839,2.0,2.0,2.0,True,True,0,stable_correct,14.224645614624023,20.28303337097168,16.217710494995117,12.403666496276855,-3.8140439987182617,22.165267944335938,3.793584108352661,116.88805389404297,28.605777740478516,0.2447279840707779,-0.1847432553768158,20.552749633789062,0.4000000059604645,1.0,8.604063034057617,17.772560119628906,12.451946258544922,5.276407718658447,-7.175538539886475,14.319474220275879,6.1750054359436035,62.9561653137207,20.06373405456543,0.31869372725486755,0.020785296335816383,11.123618125915527,0.20000000298023224,1.0
840,16.0,24.0,18.0,False,False,0,stable_wrong,11.044211387634277,15.537221908569336,12.472354888916016,9.671703338623047,-2.8006515502929688,17.11530303955078,4.3356709480285645,70.71040344238281,17.668319702148438,0.2498687505722046,0.14456237852573395,15.353619575500488,0.20000000298023224,1.0,8.293354988098145,18.580013275146484,10.323091506958008,7.514195919036865,-2.8088955879211426,13.587700843811035,6.5720038414001465,51.7926025390625,23.81527328491211,0.4598199725151062,-0.021534552797675133,10.50274658203125,0.4000000059604645,1.0
841,5600.0,4800.0,3800.0,False,False,0,stable_wrong,12.421930313110352,18.276277542114258,13.386235237121582,11.789544105529785,-1.5966911315917969,19.01173210144043,4.045909404754639,89.92383575439453,27.66506004333496,0.3076499104499817,-0.08475592732429504,18.583406448364258,0.4000000059604645,1.0,8.849066734313965,17.92023277282715,10.718037605285645,7.59252405166626,-3.1255135536193848,14.226420402526855,6.481330394744873,56.47492218017578,21.020296096801758,0.37220585346221924,-0.02633640728890896,11.419402122497559,0.20000000298023224,1.0
842,10.0,10.0,10.0,True,True,0,stable_correct,14.364278793334961,22.501667022705078,17.766223907470703,11.167141914367676,-6.599081993103027,23.198286056518555,7.987604141235352,87.02473449707031,29.939332962036133,0.3440324664115906,0.06715215742588043,17.47917938232422,0.20000000298023224,1.0,7.258182525634766,18.011594772338867,11.341753959655762,4.059513568878174,-7.282240390777588,12.408559799194336,7.334909915924072,46.97132873535156,19.814558029174805,0.42184367775917053,0.22887906432151794,8.323540687561035,0.20000000298023224,1.0
843,19.0,19.0,19.0,True,True,0,stable_correct,16.143274307250977,20.646785736083984,18.230161666870117,14.391770362854004,-3.8383913040161133,24.834239959716797,4.563161849975586,111.68400573730469,29.676761627197266,0.26572078466415405,-0.11369793117046356,23.44063377380371,0.0,1.0,10.380043029785156,19.194385528564453,12.835497856140137,8.449366569519043,-4.386131286621094,16.80332374572754,5.315887451171875,70.44750213623047,24.270410537719727,0.34451767802238464,-0.14533841609954834,13.382712364196777,0.20000000298023224,1.0
844,180.0,210.0,210.0,False,False,0,stable_wrong,8.58062744140625,14.913898468017578,10.807337760925293,6.493811130523682,-4.313526630401611,14.071045875549316,4.173925399780273,56.14654541015625,18.256376266479492,0.3251558244228363,0.071152463555336,10.562740325927734,0.20000000298023224,1.0,6.3651275634765625,14.056124687194824,7.976495742797852,5.67017126083374,-2.3063244819641113,10.320289611816406,4.887129306793213,41.0472297668457,18.24741554260254,0.44454681873321533,-0.08439715206623077,8.25350284576416,0.4000000059604645,1.0
845,12.0,5.0,7.0,False,False,0,stable_wrong,13.36067008972168,20.591859817504883,16.768943786621094,11.781120300292969,-4.987823486328125,20.161563873291016,7.990741729736328,64.54671478271484,31.83912467956543,0.4932725727558136,0.4478796124458313,17.954973220825195,0.0,1.0,7.828556537628174,17.64167594909668,10.89879322052002,5.240149021148682,-5.658644199371338,13.163196563720703,6.30650520324707,52.68581771850586,20.284727096557617,0.38501304388046265,0.04754416272044182,9.125322341918945,0.4000000059604645,1.0
846,11.0,12.0,11.0,False,True,1,recovered,11.424577713012695,18.567657470703125,14.205345153808594,8.985236167907715,-5.220108985900879,18.440698623657227,4.698896408081055,78.50900268554688,23.7200984954834,0.3021322190761566,-0.08173476904630661,14.717323303222656,0.0,1.0,9.95057487487793,18.236085891723633,13.049701690673828,7.817629337310791,-5.232072353363037,15.798745155334473,5.994351863861084,63.750431060791016,22.826282501220703,0.358056902885437,0.05759597569704056,13.333404541015625,0.4000000059604645,1.0
847,975.0,975.0,975.0,True,True,0,stable_correct,13.228273391723633,17.719772338867188,13.610313415527344,12.78110408782959,-0.8292093276977539,20.350452423095703,3.9054839611053467,99.59264373779297,25.84103775024414,0.25946733355522156,-0.09578772634267807,19.31697654724121,0.4000000059604645,1.0,7.865791320800781,16.725019454956055,9.519822120666504,6.050134658813477,-3.4696874618530273,13.087586402893066,6.10015344619751,54.18772506713867,18.729650497436523,0.3456437885761261,-0.04050135612487793,9.426961898803711,0.20000000298023224,1.0
848,10.0,10.0,10.0,True,True,0,stable_correct,10.601405143737793,16.63923454284668,11.438166618347168,10.3596830368042,-1.0784835815429688,16.065166473388672,4.11337423324585,75.41022491455078,23.64068603515625,0.3134944438934326,-0.05750510096549988,16.619850158691406,0.4000000059604645,1.0,8.195608139038086,16.130325317382812,10.094799995422363,6.62841272354126,-3.4663872718811035,13.443771362304688,5.1233110427856445,52.11302947998047,19.755762100219727,0.3790944814682007,0.06585226953029633,10.058043479919434,0.4000000059604645,1.0
849,75.0,75.0,75.0,True,True,0,stable_correct,16.159311294555664,23.08216667175293,20.68039894104004,12.809037208557129,-7.87136173248291,25.524982452392578,9.110469818115234,89.7525863647461,29.884578704833984,0.3329662084579468,0.17181400954723358,19.050806045532227,0.0,1.0,8.230021476745605,21.695138931274414,12.25216007232666,4.939990520477295,-7.312169551849365,13.555926322937012,9.340632438659668,46.4116096496582,23.932714462280273,0.5156622529029846,0.23715868592262268,9.22477912902832,0.4000000059604645,1.0
850,70.0,70.0,70.0,True,True,0,stable_correct,13.569130897521973,18.586389541625977,15.2423677444458,12.479020118713379,-2.763347625732422,20.824134826660156,4.137310028076172,90.16277313232422,28.4539794921875,0.31558457016944885,-0.04653794690966606,19.565614700317383,0.0,1.0,8.931775093078613,16.98596954345703,11.084855079650879,7.9904465675354,-3.0944085121154785,14.398680686950684,5.016079425811768,64.52754974365234,22.779708862304688,0.3530229926109314,-0.28137755393981934,12.063309669494629,0.20000000298023224,1.0
851,110.0,110.0,110.0,True,True,0,stable_correct,14.51077938079834,21.97185516357422,18.67636489868164,11.436724662780762,-7.239640235900879,23.19560432434082,7.755951404571533,83.9603271484375,28.33824920654297,0.3375195264816284,0.1704065203666687,17.418893814086914,0.0,1.0,8.725737571716309,19.0380802154541,11.277039527893066,6.152645111083984,-5.124394416809082,14.04759693145752,7.351690769195557,51.68046569824219,19.160921096801758,0.370757520198822,0.29416409134864807,11.263702392578125,0.4000000059604645,1.0
852,123.0,129.0,119.0,False,False,0,stable_wrong,10.468461036682129,17.097719192504883,13.32889175415039,7.535951137542725,-5.792940616607666,17.380931854248047,4.654548168182373,73.01171112060547,20.462278366088867,0.28026023507118225,0.07703641057014465,12.772858619689941,0.20000000298023224,1.0,7.746138095855713,16.237110137939453,8.917448997497559,7.556551456451416,-1.3608975410461426,12.929442405700684,5.247964382171631,58.680477142333984,20.113283157348633,0.342759370803833,-0.38748279213905334,9.877554893493652,0.4000000059604645,1.0
853,15.0,15.0,15.0,True,True,0,stable_correct,14.785272598266602,21.08477020263672,16.19154167175293,13.180695533752441,-3.0108461380004883,23.243656158447266,4.530731201171875,112.72909545898438,29.4571533203125,0.2613092362880707,-0.06953965872526169,20.418306350708008,0.20000000298023224,1.0,8.993348121643066,19.27312660217285,11.96953296661377,5.802444934844971,-6.167088031768799,15.001893043518066,6.873790740966797,63.423316955566406,21.0402774810791,0.3317435681819916,0.014386678114533424,11.08385944366455,0.20000000298023224,1.0
854,144.0,120.0,144.0,False,True,1,recovered,11.560647010803223,18.099929809570312,14.061924934387207,9.52987003326416,-4.532054901123047,17.917268753051758,5.044349670410156,75.78894805908203,22.814273834228516,0.3010237514972687,0.1794065237045288,16.62858772277832,0.20000000298023224,1.0,8.123456954956055,15.739112854003906,10.519651412963867,5.994850158691406,-4.524801254272461,13.406903266906738,5.299018383026123,58.03313064575195,18.194124221801758,0.3135127127170563,-0.19869527220726013,9.944375991821289,0.20000000298023224,1.0
855,13.0,23.33,20.0,False,False,0,stable_wrong,9.542001724243164,16.84358787536621,11.786712646484375,8.003067970275879,-3.783644676208496,15.435100555419922,4.997303009033203,60.23707962036133,21.6191349029541,0.358900785446167,0.19332562386989594,12.08956241607666,0.20000000298023224,1.0,5.548136234283447,14.955880165100098,7.773911952972412,4.145629405975342,-3.6282825469970703,9.202969551086426,6.161059379577637,33.976627349853516,17.81745719909668,0.5244033336639404,0.07872389256954193,6.42413854598999,0.20000000298023224,1.0
856,7.0,6.0,7.0,False,True,1,recovered,13.632128715515137,18.99669075012207,15.87749195098877,11.285138130187988,-4.592353820800781,21.47810935974121,4.973387241363525,90.79557037353516,25.961395263671875,0.28593239188194275,0.09975595772266388,18.405420303344727,0.20000000298023224,1.0,8.831515312194824,19.263103485107422,11.281683921813965,6.089730739593506,-5.191953182220459,14.66506576538086,7.099489212036133,60.63897705078125,20.342443466186523,0.3354681134223938,0.05560121685266495,10.802005767822266,0.4000000059604645,1.0
857,14000.0,14000.0,14000.0,True,True,0,stable_correct,12.698929786682129,15.867912292480469,13.679367065429688,10.869669914245605,-2.809697151184082,20.626455307006836,5.3879499435424805,86.36954498291016,18.23431968688965,0.21111978590488434,0.2066960334777832,15.590152740478516,0.4000000059604645,1.0,7.847649097442627,17.326772689819336,10.274266242980957,5.102956295013428,-5.171309947967529,12.986477851867676,6.556028842926025,50.44354248046875,17.972074508666992,0.35628098249435425,0.22371122241020203,9.842667579650879,0.20000000298023224,1.0
858,3430.0,420.0,270.0,False,False,0,stable_wrong,12.32379150390625,17.780197143554688,14.513346672058105,9.990836143493652,-4.522510528564453,19.76003074645996,4.098747253417969,92.3218994140625,24.095508575439453,0.26099449396133423,0.04467892646789551,16.177858352661133,0.20000000298023224,1.0,8.432272911071777,19.19773292541504,10.805145263671875,5.96992301940918,-4.835222244262695,13.962743759155273,7.0870442390441895,60.01740264892578,21.835161209106445,0.3638138175010681,-0.17372086644172668,10.584566116333008,0.20000000298023224,1.0
859,1520.0,1728.0,980.0,False,False,0,stable_wrong,12.104177474975586,21.144824981689453,16.07076072692871,8.98117733001709,-7.089583396911621,19.50063133239746,6.042418003082275,93.59976959228516,26.56583023071289,0.2838236689567566,-0.13857126235961914,16.79421043395996,0.20000000298023224,1.0,10.398356437683105,17.83446502685547,13.153672218322754,8.02145767211914,-5.132214546203613,16.97119903564453,4.751299858093262,75.30879974365234,21.937313079833984,0.29129815101623535,-0.25856345891952515,13.11967945098877,0.0,1.0
860,3.0,3.0,3.0,True,True,0,stable_correct,13.44706916809082,18.756696701049805,14.715164184570312,12.740181922912598,-1.9749822616577148,20.407520294189453,4.2886433601379395,96.3929443359375,26.94095230102539,0.2794909179210663,0.01692001149058342,20.398290634155273,0.4000000059604645,1.0,6.941544532775879,15.944692611694336,9.840773582458496,4.14938497543335,-5.6913886070251465,11.606271743774414,6.248896598815918,43.751502990722656,18.353952407836914,0.4195044934749603,0.18071451783180237,7.962049961090088,0.4000000059604645,1.0
861,30.0,24.0,24.0,False,False,0,stable_wrong,10.643996238708496,16.80589485168457,12.371654510498047,9.35672378540039,-3.0149307250976562,17.165027618408203,4.709342956542969,70.64437866210938,21.715007781982422,0.30738478899002075,0.1268608421087265,13.47927188873291,0.20000000298023224,1.0,6.729055881500244,15.41952896118164,8.070759773254395,6.052183628082275,-2.018576145172119,10.832103729248047,5.6195969581604,45.46706008911133,19.208765029907227,0.42247650027275085,-0.06886769831180573,9.26425838470459,0.4000000059604645,1.0
862,40.0,48.0,24.0,False,False,0,stable_wrong,11.034600257873535,18.787939071655273,13.415404319763184,8.607056617736816,-4.808347702026367,18.076190948486328,4.807616233825684,78.03190612792969,24.230880737304688,0.3105252981185913,-0.0030574053525924683,13.8833589553833,0.4000000059604645,1.0,8.016969680786133,19.338159561157227,10.251296997070312,5.774328708648682,-4.476968288421631,13.465540885925293,7.454503536224365,54.550559997558594,21.497888565063477,0.39409106969833374,-0.00497011560946703,9.263033866882324,0.4000000059604645,1.0
863,110.0,110.0,110.0,True,True,0,stable_correct,14.022819519042969,19.582386016845703,17.5334529876709,11.291496276855469,-6.24195671081543,21.893171310424805,7.745357036590576,74.15469360351562,24.897701263427734,0.33575353026390076,0.372077077627182,17.20541000366211,0.20000000298023224,1.0,7.5312957763671875,18.537439346313477,10.999897956848145,4.690212249755859,-6.309685707092285,12.743021965026855,7.529196739196777,46.332855224609375,20.45427894592285,0.441463828086853,0.24456827342510223,8.582393646240234,0.20000000298023224,1.0
864,80.0,20.0,120.0,False,False,0,stable_wrong,13.579764366149902,20.143232345581055,16.449350357055664,11.00487232208252,-5.4444780349731445,21.091703414916992,5.266791343688965,100.33580780029297,28.77602767944336,0.2867971956729889,-0.06179587170481682,19.492902755737305,0.4000000059604645,1.0,9.085561752319336,17.47659683227539,12.619884490966797,5.781219482421875,-6.838665008544922,15.225257873535156,5.691501617431641,64.65418243408203,19.723161697387695,0.30505624413490295,0.08401431888341904,11.104663848876953,0.20000000298023224,1.0
865,23.0,23.0,23.0,True,True,0,stable_correct,14.598587036132812,18.22514533996582,17.027421951293945,12.732138633728027,-4.295283317565918,22.637176513671875,4.230061054229736,101.82089233398438,27.01561737060547,0.2653248906135559,-0.07239200919866562,20.659372329711914,0.0,1.0,10.452195167541504,18.380212783813477,13.936943054199219,7.039583683013916,-6.897359371185303,17.148244857788086,6.16977071762085,71.72685241699219,22.601802825927734,0.31510937213897705,-0.1589219719171524,12.4519681930542,0.20000000298023224,1.0
866,28.0,25.5,25.0,False,False,0,stable_wrong,10.565108299255371,20.919200897216797,13.34992504119873,9.435124397277832,-3.9148006439208984,16.146869659423828,7.437329292297363,52.384498596191406,31.094388961791992,0.5935799479484558,0.4396039843559265,15.170126914978027,0.0,1.0,5.438941478729248,15.715747833251953,7.463090419769287,4.051522254943848,-3.4115681648254395,8.8914794921875,6.843891143798828,32.927181243896484,18.89380645751953,0.5738057494163513,0.2249043881893158,6.368206024169922,0.4000000059604645,1.0
867,7.0,7.0,7.0,True,True,0,stable_correct,13.49451732635498,19.77936553955078,16.881248474121094,10.059959411621094,-6.8212890625,22.077756881713867,7.533225059509277,85.54930114746094,21.37777328491211,0.2498883455991745,0.19940152764320374,16.580978393554688,0.20000000298023224,1.0,7.285775184631348,17.797134399414062,10.606130599975586,4.6061248779296875,-6.000005722045898,12.251240730285645,7.173569202423096,46.1722526550293,19.897218704223633,0.4309345483779907,0.28102409839630127,8.784502983093262,0.20000000298023224,1.0
868,15.0,15.0,15.0,True,True,0,stable_correct,12.991697311401367,20.33469581604004,14.208977699279785,11.94914722442627,-2.2598304748535156,19.84115219116211,4.730170726776123,103.24339294433594,28.029199600219727,0.2714866101741791,-0.17197565734386444,20.157665252685547,0.4000000059604645,1.0,8.687104225158691,17.494434356689453,12.377262115478516,5.200789928436279,-7.176472187042236,14.357317924499512,6.4896111488342285,59.83613586425781,18.396060943603516,0.3074406683444977,0.11829499155282974,11.062638282775879,0.20000000298023224,1.0
869,500.0,500.0,500.0,True,True,0,stable_correct,15.936196327209473,23.76325225830078,19.406064987182617,13.448265075683594,-5.957799911499023,24.37592887878418,9.321928977966309,78.2525405883789,34.28879165649414,0.43818119168281555,0.24123795330524445,19.99264144897461,0.0,1.0,8.06155776977539,18.595584869384766,11.751346588134766,4.922757625579834,-6.828588962554932,13.506195068359375,7.242166042327881,52.64068603515625,19.829044342041016,0.3766866624355316,0.1071721762418747,9.559076309204102,0.20000000298023224,1.0
870,40.0,40.0,60.0,True,False,-1,regressed,10.710431098937988,14.671686172485352,12.200556755065918,9.419445037841797,-2.781111717224121,16.89422607421875,2.8860270977020264,78.74313354492188,21.56330108642578,0.27384358644485474,-0.0542537197470665,14.712246894836426,0.4000000059604645,1.0,9.054422378540039,20.67852783203125,11.919440269470215,6.239204406738281,-5.680235862731934,15.011515617370605,8.053603172302246,55.971412658691406,22.007553100585938,0.39319273829460144,0.2822200357913971,11.009905815124512,0.20000000298023224,1.0
871,48.0,54.0,42.0,False,False,0,stable_wrong,12.319982528686523,18.18667984008789,15.134264945983887,9.799361228942871,-5.334903717041016,19.993791580200195,4.362881660461426,92.61751556396484,23.423358917236328,0.2529042065143585,-0.1034926176071167,15.88583755493164,0.20000000298023224,1.0,10.198721885681152,20.457643508911133,12.2782621383667,8.902411460876465,-3.3758506774902344,17.046201705932617,6.214321136474609,81.08491516113281,24.910757064819336,0.30721813440322876,-0.24715514481067657,12.52688217163086,0.4000000059604645,1.0
872,13.0,23.0,11.0,False,False,0,stable_wrong,11.325295448303223,18.56736183166504,14.617526054382324,8.1995267868042,-6.417999267578125,18.49363899230957,5.159458637237549,80.68415069580078,20.74770164489746,0.2571471631526947,0.01801035925745964,14.586766242980957,0.0,1.0,8.05419921875,18.141368865966797,9.56050968170166,6.792829513549805,-2.7676801681518555,12.709623336791992,6.819562911987305,55.76897430419922,21.739683151245117,0.3898167908191681,-0.017878824844956398,11.382929801940918,0.4000000059604645,1.0
873,12.0,11.52,11.56,False,False,0,stable_wrong,12.207344055175781,17.338136672973633,12.74100112915039,10.677059173583984,-2.0639419555664062,19.898906707763672,5.6404032707214355,89.17595672607422,18.333330154418945,0.2055860161781311,-0.0340651273727417,15.574912071228027,0.6000000238418579,1.0,8.755561828613281,19.495777130126953,11.107330322265625,6.838314533233643,-4.269015789031982,14.27359676361084,7.355936527252197,58.73318099975586,21.953475952148438,0.3737832009792328,0.1998712718486786,11.028729438781738,0.6000000238418579,1.0
874,132.0,132.0,132.0,True,True,0,stable_correct,15.999737739562988,22.58610725402832,20.13616371154785,13.193707466125488,-6.942456245422363,24.68722915649414,8.952971458435059,81.64480590820312,32.28449630737305,0.3954262137413025,0.22501960396766663,18.886659622192383,0.0,1.0,7.541619300842285,18.832483291625977,11.077576637268066,4.557529449462891,-6.520047187805176,12.65208911895752,7.569188594818115,46.71867752075195,20.847606658935547,0.44623708724975586,0.32621580362319946,8.895669937133789,0.20000000298023224,1.0
875,60.0,60.0,60.0,True,True,0,stable_correct,14.2251558303833,21.164539337158203,15.899245262145996,12.972312927246094,-2.9269323348999023,21.767099380493164,4.896134376525879,111.13749694824219,30.168012619018555,0.27144765853881836,-0.1684572398662567,21.96036720275879,0.4000000059604645,1.0,8.7194185256958,19.64118194580078,12.982044219970703,4.642063140869141,-8.339981079101562,14.898871421813965,7.320568561553955,62.70267105102539,22.046581268310547,0.3516051471233368,-0.10681116580963135,10.157889366149902,0.4000000059604645,1.0
876,41.0,51.0,47.0,False,False,0,stable_wrong,12.207681655883789,16.66267967224121,14.480816841125488,10.531288146972656,-3.949528694152832,18.633359909057617,5.09227180480957,81.70427703857422,20.271066665649414,0.24810288846492767,0.10337959229946136,17.93447494506836,0.20000000298023224,1.0,10.44665813446045,19.489368438720703,12.603894233703613,8.83418083190918,-3.7697134017944336,16.751060485839844,5.677745819091797,68.99392700195312,24.012943267822266,0.3480443060398102,-0.1647980958223343,13.768815040588379,0.20000000298023224,1.0
877,7000.0,9000.0,10.0,False,False,0,stable_wrong,14.204999923706055,20.64031982421875,16.14988899230957,12.46923542022705,-3.6806535720825195,22.084714889526367,4.686800003051758,104.40434265136719,31.350618362426758,0.30028077960014343,-0.10199971497058868,20.24582290649414,0.4000000059604645,1.0,7.624763488769531,18.16432762145996,9.93752384185791,5.167905807495117,-4.769618034362793,12.474528312683105,7.371894359588623,51.99947738647461,19.710979461669922,0.37906110286712646,0.19043302536010742,10.113507270812988,0.4000000059604645,1.0
878,5.0,3.0,5.0,False,True,1,recovered,9.12565803527832,13.719581604003906,11.48517894744873,6.723043918609619,-4.762135028839111,15.015634536743164,3.6408753395080566,63.702362060546875,16.368106842041016,0.2569466233253479,0.05753688886761665,11.272644996643066,0.20000000298023224,1.0,8.770023345947266,18.367630004882812,10.558470726013184,7.5789475440979,-2.979523181915283,14.343029022216797,6.2889485359191895,59.335269927978516,21.05131721496582,0.35478588938713074,0.006984698586165905,11.31552505493164,0.4000000059604645,1.0
879,575.0,575.0,575.0,True,True,0,stable_correct,12.201431274414062,19.37144660949707,13.499168395996094,11.797392845153809,-1.7017755508422852,18.105010986328125,4.925071716308594,88.46873474121094,28.093252182006836,0.31755006313323975,-0.031941402703523636,20.089420318603516,0.4000000059604645,1.0,8.632119178771973,17.06679916381836,11.361006736755371,6.1342549324035645,-5.226751804351807,13.884184837341309,6.2826433181762695,55.23357391357422,19.805143356323242,0.35857072472572327,-0.04957655817270279,10.739971160888672,0.20000000298023224,1.0
880,10.0,10.0,10.0,True,True,0,stable_correct,13.520082473754883,18.662452697753906,14.596436500549316,12.44678783416748,-2.149648666381836,20.037464141845703,3.99296498298645,105.22975158691406,28.455785751342773,0.2704157829284668,-0.18389609456062317,22.349143981933594,0.20000000298023224,1.0,8.584366798400879,18.012325286865234,11.902400016784668,5.797247409820557,-6.105152606964111,14.168804168701172,6.311365604400635,58.32023620605469,21.620365142822266,0.3707180619239807,-0.27415937185287476,10.286002159118652,0.20000000298023224,1.0
881,16.0,10.0,14.0,False,False,0,stable_wrong,10.802963256835938,20.867076873779297,14.477599143981934,7.790106296539307,-6.687492847442627,17.772178649902344,6.24153470993042,76.35340881347656,26.522384643554688,0.3473634719848633,-0.08595266193151474,13.44515609741211,0.0,1.0,7.239468097686768,17.562875747680664,10.109976768493652,4.359395503997803,-5.75058126449585,12.061509132385254,6.92185115814209,53.406829833984375,19.033668518066406,0.3563901484012604,-0.0500941202044487,8.835104942321777,0.20000000298023224,1.0
882,5.0,13.0,21.0,False,False,0,stable_wrong,13.757601737976074,16.59601402282715,14.71947193145752,13.452040672302246,-1.2674312591552734,20.64139175415039,4.103541851043701,89.94544982910156,25.01795196533203,0.27814581990242004,-0.06638513505458832,20.720529556274414,0.20000000298023224,1.0,10.682745933532715,17.32561492919922,12.745539665222168,9.909411430358887,-2.8361282348632812,16.94780921936035,5.561137676239014,63.069496154785156,23.656814575195312,0.37509122490882874,0.07163940370082855,13.54662799835205,0.20000000298023224,1.0
883,25.0,25.0,25.0,True,True,0,stable_correct,14.39254093170166,21.345455169677734,17.216371536254883,11.7317533493042,-5.484618186950684,23.42966651916504,7.545281410217285,94.23585510253906,26.191728591918945,0.27793803811073303,0.22068598866462708,17.590242385864258,0.4000000059604645,1.0,8.302380561828613,19.465620040893555,12.329842567443848,5.537996768951416,-6.791845798492432,13.74579906463623,7.768266677856445,50.985504150390625,22.8623104095459,0.4484080374240875,0.28904664516448975,9.853799819946289,0.4000000059604645,1.0
884,50.0,50.0,50.0,True,True,0,stable_correct,12.223103523254395,22.923063278198242,15.060290336608887,9.672555923461914,-5.387734413146973,20.251510620117188,7.218960762023926,83.8239517211914,29.287710189819336,0.3493954837322235,0.1818525195121765,14.793871879577637,0.4000000059604645,1.0,8.161410331726074,20.636842727661133,12.056662559509277,4.924951553344727,-7.131711006164551,13.845359802246094,8.332010269165039,51.413429260253906,23.216718673706055,0.451569139957428,0.2606227993965149,9.16958999633789,0.4000000059604645,1.0
885,500.0,500.0,500.0,True,True,0,stable_correct,12.394888877868652,18.091001510620117,13.24140453338623,9.64966869354248,-3.59173583984375,19.854448318481445,5.329390525817871,95.98648834228516,21.659223556518555,0.2256486713886261,0.024228185415267944,16.10642433166504,0.20000000298023224,1.0,7.541191577911377,18.586517333984375,10.877963066101074,4.588174343109131,-6.289788722991943,12.655037879943848,7.2914323806762695,43.60030746459961,21.74949836730957,0.4988381862640381,0.32834699749946594,8.454522132873535,0.20000000298023224,1.0
886,20.0,20.0,20.0,True,True,0,stable_correct,13.186951637268066,17.933422088623047,14.077546119689941,11.710650444030762,-2.3668956756591797,21.056055068969727,4.771738052368164,102.09512329101562,24.078948974609375,0.23584817349910736,-0.04068262502551079,17.290876388549805,0.4000000059604645,1.0,7.655090808868408,18.046783447265625,10.657386779785156,5.156697750091553,-5.5006890296936035,12.810798645019531,6.643662929534912,49.94603729248047,21.545738220214844,0.43138033151626587,-0.03695737570524216,8.909398078918457,0.4000000059604645,1.0
887,34.0,34.0,34.0,True,True,0,stable_correct,12.75338077545166,21.197498321533203,14.182857513427734,11.850296020507812,-2.332561492919922,19.552207946777344,5.356074333190918,99.15416717529297,28.997055053710938,0.2924441397190094,-0.1364482194185257,19.54180335998535,0.4000000059604645,1.0,8.364778518676758,16.504243850708008,10.029061317443848,6.722227573394775,-3.3068337440490723,13.460949897766113,5.466412544250488,55.51420593261719,20.683988571166992,0.372589111328125,-0.05373820662498474,11.012138366699219,0.20000000298023224,1.0
888,10.0,6.0,10.0,False,True,1,recovered,14.52406120300293,17.119441986083984,14.86724853515625,14.268390655517578,-0.5988578796386719,21.963464736938477,2.36802077293396,118.377685546875,28.001649856567383,0.23654499650001526,-0.23263958096504211,22.016374588012695,0.4000000059604645,1.0,7.850663185119629,18.723304748535156,11.436934471130371,5.088889122009277,-6.348045349121094,12.972318649291992,7.564692497253418,48.39455795288086,20.850910186767578,0.43085238337516785,0.2610270082950592,9.531132698059082,0.20000000298023224,1.0
889,15.0,15.0,15.0,True,True,0,stable_correct,14.620184898376465,19.506940841674805,15.502243041992188,13.692601203918457,-1.8096418380737305,22.033906936645508,3.8515329360961914,122.8723373413086,29.356019973754883,0.23891480267047882,-0.25128769874572754,22.43317222595215,0.4000000059604645,1.0,9.19975757598877,17.9506778717041,12.972270011901855,6.364939212799072,-6.607330799102783,15.076058387756348,6.176409721374512,63.25861740112305,20.930561065673828,0.33087289333343506,-0.10177548229694366,11.590901374816895,0.0,1.0
890,25.0,25.0,25.0,True,True,0,stable_correct,14.082746505737305,17.940383911132812,16.41507339477539,12.013343811035156,-4.401729583740234,21.945358276367188,3.8023569583892822,99.52571105957031,26.469667434692383,0.2659580707550049,-0.07651026546955109,19.841800689697266,0.20000000298023224,1.0,10.484357833862305,19.0834903717041,13.346932411193848,7.736656188964844,-5.610276222229004,17.249149322509766,5.814216136932373,84.81669616699219,23.98014259338379,0.28272902965545654,-0.42768827080726624,12.97061824798584,0.20000000298023224,1.0
891,55.0,55.0,55.5,True,False,-1,regressed,12.019770622253418,16.32789421081543,13.569151878356934,10.113438606262207,-3.4557132720947266,19.59162139892578,5.128514766693115,80.2774429321289,17.981273651123047,0.2239891141653061,0.2070617377758026,14.929664611816406,0.6000000238418579,1.0,8.277532577514648,19.031328201293945,11.071497917175293,6.270242214202881,-4.801255702972412,13.904322624206543,6.9408488273620605,61.33423614501953,20.978504180908203,0.34203580021858215,-0.15092451870441437,10.308440208435059,0.4000000059604645,1.0
892,1.0,2.0,4.5,False,False,0,stable_wrong,11.167707443237305,16.867856979370117,14.710970878601074,7.999322414398193,-6.711648464202881,18.15025520324707,4.8508148193359375,81.34354400634766,22.885902404785156,0.28134873509407043,-0.22301466763019562,14.303421974182129,0.0,1.0,9.477021217346191,18.5911922454834,12.685035705566406,6.2541069984436035,-6.430928707122803,16.25287437438965,5.886249542236328,69.20281982421875,21.345766067504883,0.3084522485733032,-0.24971333146095276,10.729069709777832,0.0,1.0
893,480.0,480.0,480.0,True,True,0,stable_correct,9.83564281463623,18.975387573242188,12.33600902557373,7.729442119598389,-4.606566905975342,15.407083511352539,5.915412902832031,72.71167755126953,25.60637855529785,0.3521632254123688,-0.030145784839987755,14.497506141662598,0.20000000298023224,1.0,8.185223579406738,16.395401000976562,10.258502960205078,6.358103275299072,-3.900399684906006,13.301261901855469,5.395016193389893,58.74106216430664,19.540435791015625,0.3326537609100342,-0.3948900103569031,10.626017570495605,0.20000000298023224,1.0
894,26.0,34.0,26.0,False,True,1,recovered,12.676475524902344,19.41569709777832,15.305254936218262,10.783939361572266,-4.521315574645996,19.944364547729492,5.406859397888184,78.70348358154297,25.378517150878906,0.32245734333992004,0.12443752586841583,16.949495315551758,0.0,1.0,10.480722427368164,22.03390121459961,13.579279899597168,7.541358470916748,-6.03792142868042,16.93868064880371,7.70095682144165,63.338172912597656,27.71454429626465,0.4375646412372589,0.21849989891052246,13.114498138427734,0.0,1.0
895,74.0,74.0,74.0,True,True,0,stable_correct,11.697502136230469,14.912504196166992,12.186352729797363,10.136982917785645,-2.0493698120117188,17.861669540405273,3.639540910720825,89.83528137207031,23.49838638305664,0.2615719139575958,-0.07477685809135437,17.586774826049805,0.20000000298023224,1.0,8.64330768585205,19.441301345825195,11.543461799621582,6.235452175140381,-5.308009624481201,14.090394973754883,7.191374778747559,56.42946243286133,22.67677879333496,0.40186062455177307,0.11090300232172012,10.883692741394043,0.4000000059604645,1.0
896,250.0,250.0,250.0,True,True,0,stable_correct,14.802286148071289,20.768966674804688,15.926609992980957,13.16290283203125,-2.763707160949707,23.007301330566406,4.907782554626465,120.75662994384766,30.094715118408203,0.2492179125547409,-0.1744491308927536,21.078943252563477,0.20000000298023224,1.0,9.56472110748291,17.14653968811035,11.913310050964355,7.259701251983643,-4.653608798980713,15.035533905029297,6.236242294311523,62.93421936035156,19.651323318481445,0.3122518062591553,0.08764570206403732,12.194087982177734,0.4000000059604645,1.0
897,1.0,14.0,14.0,False,False,0,stable_wrong,9.986482620239258,17.29140281677246,13.201667785644531,7.333002090454102,-5.86866569519043,16.801713943481445,4.651524066925049,75.7371826171875,21.130964279174805,0.2790038287639618,-0.07542409002780914,12.012190818786621,0.20000000298023224,1.0,6.763406276702881,14.532343864440918,8.986687660217285,4.564375400543213,-4.422312259674072,11.141681671142578,5.39414644241333,43.39398193359375,16.153827667236328,0.37225961685180664,0.13730913400650024,8.170449256896973,0.20000000298023224,1.0
898,110.0,110.0,110.0,True,True,0,stable_correct,12.368062973022461,19.627836227416992,13.848320007324219,9.818588256835938,-4.029731750488281,19.902286529541016,5.534392833709717,95.2552261352539,26.481714248657227,0.27800798416137695,0.04231147840619087,15.781521797180176,0.20000000298023224,1.0,9.75730037689209,22.98953628540039,13.473298072814941,6.052907466888428,-7.420390605926514,16.20623207092285,8.768742561340332,66.75945281982422,27.465782165527344,0.41141411662101746,0.09343983232975006,12.086170196533203,0.4000000059604645,1.0
899,16.0,16.0,16.0,True,True,0,stable_correct,13.89138126373291,20.34573745727539,13.122565269470215,12.508747100830078,-0.6138181686401367,22.018043518066406,6.96829080581665,102.77587890625,18.135717391967773,0.17645889520645142,0.09719274193048477,17.223073959350586,0.20000000298023224,1.0,7.0958943367004395,16.590314865112305,9.328709602355957,5.187086582183838,-4.141623020172119,11.441908836364746,6.562363624572754,40.233333587646484,19.955711364746094,0.49599945545196533,0.3588956296443939,8.81821346282959,0.20000000298023224,1.0
900,15.0,7.0,3.0,False,False,0,stable_wrong,8.779383659362793,12.365768432617188,9.917952537536621,7.246705532073975,-2.6712470054626465,13.764501571655273,2.946143388748169,68.16427612304688,18.52493667602539,0.2717689871788025,-0.06545798480510712,12.069884300231934,0.4000000059604645,1.0,7.507916450500488,17.550947189331055,9.877398490905762,5.600857257843018,-4.276541233062744,12.316669464111328,6.825948715209961,47.59071350097656,19.164775848388672,0.40269991755485535,0.16415755450725555,9.314380645751953,0.800000011920929,1.0
901,1.0,2.0,4.0,False,False,0,stable_wrong,9.667508125305176,15.319720268249512,12.237996101379395,6.896067142486572,-5.341928958892822,16.0015926361084,4.255490779876709,69.36968994140625,18.171274185180664,0.2619483172893524,0.11559133231639862,11.891045570373535,0.20000000298023224,1.0,6.123114109039307,14.282792091369629,8.148104667663574,4.777093887329102,-3.3710107803344727,9.892301559448242,5.430678367614746,41.21763610839844,16.633342742919922,0.4035491645336151,-0.019846897572278976,8.010807991027832,0.4000000059604645,1.0
902,8.0,8.0,8.0,True,True,0,stable_correct,15.133783340454102,20.526826858520508,16.88152503967285,13.80016803741455,-3.081357002258301,22.73863983154297,6.2674174308776855,85.86881256103516,32.27708435058594,0.37588831782341003,0.12610234320163727,21.707839965820312,0.0,1.0,8.156932830810547,17.65425682067871,10.71679401397705,5.9558258056640625,-4.760968208312988,13.298282623291016,6.6369123458862305,49.7515869140625,19.128129959106445,0.3844727575778961,0.12828890979290009,9.91222858428955,0.20000000298023224,1.0
903,16.0,14.0,16.0,False,True,1,recovered,11.639470100402832,17.16026496887207,13.874488830566406,9.377833366394043,-4.496655464172363,19.167152404785156,4.261843204498291,84.98722839355469,19.17404556274414,0.2256109118461609,0.0012229799758642912,14.456416130065918,0.4000000059604645,1.0,8.269645690917969,17.696006774902344,9.915316581726074,7.312892913818359,-2.602423667907715,13.39124584197998,6.4330244064331055,57.477386474609375,20.858301162719727,0.36289578676223755,-0.25541990995407104,10.985795021057129,0.20000000298023224,1.0
904,8.0,8.0,8.0,True,True,0,stable_correct,12.500720024108887,19.52533531188965,16.050447463989258,8.795231819152832,-7.255215644836426,20.44562530517578,6.625004768371582,79.82026672363281,25.80916976928711,0.3233410716056824,0.03704599291086197,14.869709014892578,0.0,1.0,8.454961776733398,18.119388580322266,11.682072639465332,5.609340667724609,-6.072731971740723,13.600539207458496,7.294524192810059,50.54405975341797,19.037620544433594,0.3766539692878723,0.2351696491241455,10.437023162841797,0.20000000298023224,1.0
905,5.0,3.0,5.0,False,True,1,recovered,12.259969711303711,17.20857810974121,14.49985408782959,10.035670280456543,-4.464183807373047,19.51027488708496,3.9033362865448,97.17713928222656,23.552845001220703,0.24237021803855896,-0.239582821726799,16.758512496948242,0.20000000298023224,1.0,8.753647804260254,17.458560943603516,11.859210014343262,6.265739440917969,-5.593470573425293,14.473422050476074,5.876744270324707,63.27619934082031,21.16425132751465,0.334474116563797,-0.11916730552911758,10.794571876525879,0.20000000298023224,1.0
906,10.0,10.0,10.0,True,True,0,stable_correct,11.362870216369629,16.309276580810547,13.366287231445312,9.753439903259277,-3.612847328186035,17.54851531982422,3.820120334625244,82.87482452392578,24.23012924194336,0.2923702001571655,-0.030599499121308327,16.83751106262207,0.20000000298023224,1.0,7.85944128036499,14.485459327697754,9.073272705078125,7.615149974822998,-1.458122730255127,12.657570838928223,4.191136837005615,52.465240478515625,19.866064071655273,0.3786519169807434,-0.12649336457252502,10.570773124694824,0.20000000298023224,1.0
907,16.0,16.0,16.0,True,True,0,stable_correct,14.663098335266113,22.495424270629883,18.67997932434082,11.137097358703613,-7.542881965637207,23.510269165039062,9.461111068725586,83.3050537109375,25.413843154907227,0.3050696551799774,0.280150830745697,17.693410873413086,0.20000000298023224,1.0,8.117709159851074,18.506454467773438,11.405044555664062,5.510354995727539,-5.894689559936523,13.16015625,7.481777191162109,49.62725067138672,21.041061401367188,0.42398199439048767,0.3210562467575073,9.970423698425293,0.4000000059604645,1.0
908,14.0,14.0,14.0,True,True,0,stable_correct,14.706524848937988,20.727123260498047,17.470478057861328,12.598518371582031,-4.871959686279297,23.312088012695312,5.3634185791015625,104.89210510253906,27.599105834960938,0.26311901211738586,0.005694305989891291,19.9334716796875,0.4000000059604645,1.0,8.20291805267334,19.919912338256836,11.875701904296875,4.9474358558654785,-6.9282660484313965,13.654715538024902,7.967399597167969,51.43545150756836,21.693796157836914,0.42176738381385803,0.18444640934467316,9.730985641479492,0.20000000298023224,1.0
909,38.0,36.0,36.0,False,False,0,stable_wrong,11.317825317382812,19.217947006225586,15.385165214538574,7.979852199554443,-7.405313014984131,18.719680786132812,5.602721691131592,84.00373077392578,24.18113899230957,0.28785791993141174,-0.255572646856308,13.801155090332031,0.0,1.0,8.487876892089844,16.265172958374023,11.605358123779297,6.4633965492248535,-5.141961574554443,13.467832565307617,5.968094348907471,56.508358001708984,21.421850204467773,0.37909170985221863,-0.09218742698431015,11.37667179107666,0.20000000298023224,1.0
910,700.0,700.0,700.0,True,True,0,stable_correct,13.199625968933105,17.385055541992188,14.116532325744629,11.50432300567627,-2.6122093200683594,20.294719696044922,3.506950855255127,98.94786834716797,25.183942794799805,0.2545172870159149,-0.05781448632478714,19.52440071105957,0.20000000298023224,1.0,7.205344200134277,17.277450561523438,9.787714004516602,4.871017932891846,-4.916696071624756,11.840757369995117,7.061950206756592,43.24264907836914,19.92618751525879,0.4607994258403778,0.11224617809057236,8.344788551330566,0.4000000059604645,1.0
911,64.0,64.0,64.0,True,True,0,stable_correct,13.583868026733398,20.700008392333984,15.494746208190918,12.157328605651855,-3.3374176025390625,21.261402130126953,4.285614490509033,107.2787094116211,28.41452407836914,0.2648663818836212,-0.1643577516078949,19.56032371520996,0.4000000059604645,1.0,8.187873840332031,18.500648498535156,11.058470726013184,5.537599563598633,-5.520871162414551,13.436456680297852,7.1668267250061035,58.045345306396484,19.206193923950195,0.33088257908821106,-0.1370151937007904,10.234930992126465,0.4000000059604645,1.0
912,6.0,3.0,6.0,False,True,1,recovered,12.866360664367676,19.21930503845215,13.796151161193848,9.818921089172363,-3.9772300720214844,20.77361488342285,5.836453437805176,101.95519256591797,23.356613159179688,0.22908703982830048,0.0010331093799322844,16.245431900024414,0.20000000298023224,1.0,7.581212043762207,18.202211380004883,10.368698120117188,5.24412202835083,-5.124576091766357,12.419831275939941,7.02752161026001,49.70421600341797,20.977062225341797,0.42203789949417114,0.29257407784461975,10.093192100524902,0.6000000238418579,1.0
913,6.0,6.0,18.0,True,False,-1,regressed,12.798009872436523,18.736852645874023,14.761502265930176,11.198872566223145,-3.5626296997070312,20.256559371948242,3.9062044620513916,105.91677856445312,24.458229064941406,0.23091930150985718,-0.19474753737449646,17.469877243041992,0.4000000059604645,1.0,8.340816497802734,15.391298294067383,11.606032371520996,5.3188629150390625,-6.287169456481934,13.967788696289062,4.938079833984375,63.37076187133789,16.967126846313477,0.2677437663078308,-0.035292208194732666,10.565007209777832,0.4000000059604645,1.0
914,3.0,3.0,3.0,True,True,0,stable_correct,13.733381271362305,18.975711822509766,15.58191204071045,11.711650848388672,-3.8702611923217773,22.297760009765625,7.041081428527832,87.55439758300781,19.71416664123535,0.22516478598117828,0.27602556347846985,16.798734664916992,0.6000000238418579,1.0,6.7894463539123535,17.653486251831055,10.338847160339355,3.9251575469970703,-6.413689613342285,11.546737670898438,7.314754486083984,43.485679626464844,19.32162094116211,0.4443214535713196,0.21555106341838837,7.7953572273254395,0.20000000298023224,1.0
915,23.0,23.0,23.0,True,True,0,stable_correct,13.409104347229004,17.43642807006836,14.599506378173828,12.138257026672363,-2.461249351501465,20.300119400024414,3.138439655303955,103.28203582763672,26.53794288635254,0.2569463551044464,-0.0804934948682785,20.60392189025879,0.4000000059604645,1.0,8.225748062133789,17.615083694458008,10.851576805114746,5.73558235168457,-5.115994453430176,13.409704208374023,6.26515007019043,53.35564422607422,20.713376998901367,0.3882134258747101,0.09793809056282043,10.431303024291992,0.20000000298023224,1.0
916,14.0,10.5,12.0,False,False,0,stable_wrong,12.793991088867188,17.019107818603516,14.575546264648438,11.275557518005371,-3.2999887466430664,20.151670455932617,4.493968963623047,85.8674545288086,20.400575637817383,0.23758216202259064,-0.0627405047416687,16.977632522583008,0.4000000059604645,1.0,8.336875915527344,18.492000579833984,10.296244621276855,6.725393772125244,-3.5708508491516113,13.802539825439453,6.529774188995361,49.2308349609375,22.492368698120117,0.45687562227249146,0.10581240803003311,9.820721626281738,0.20000000298023224,1.0
917,12.0,12.0,12.0,True,True,0,stable_correct,16.216947555541992,21.62164878845215,17.009233474731445,14.81828784942627,-2.190945625305176,25.841474533081055,6.5845818519592285,123.36058807373047,28.80123519897461,0.23347193002700806,0.05491657927632332,20.679956436157227,0.4000000059604645,1.0,7.932644367218018,20.020193099975586,11.4669771194458,5.099319934844971,-6.36765718460083,13.55457878112793,8.009180068969727,51.452640533447266,22.957439422607422,0.446185827255249,0.17026305198669434,8.995535850524902,0.20000000298023224,1.0
918,56.0,46.0,46.0,False,False,0,stable_wrong,14.762266159057617,19.601497650146484,15.007094383239746,14.176249504089355,-0.8308448791503906,22.59259033203125,3.7929484844207764,112.50125122070312,28.864389419555664,0.256569504737854,-0.13317649066448212,22.169082641601562,0.20000000298023224,1.0,8.334395408630371,18.07282257080078,10.734966278076172,5.965148448944092,-4.76981782913208,13.937712669372559,6.303531169891357,56.1305046081543,19.85213851928711,0.35367825627326965,-0.006413960363715887,9.956318855285645,0.4000000059604645,1.0
919,90.0,75.0,90.0,False,True,1,recovered,10.687033653259277,16.33014488220215,12.910639762878418,7.9427490234375,-4.967890739440918,17.512710571289062,4.149783611297607,77.90070343017578,20.746299743652344,0.266317218542099,0.05785970017313957,13.450592994689941,0.4000000059604645,1.0,7.532555103302002,15.757038116455078,8.987810134887695,5.905509948730469,-3.0823001861572266,12.474857330322266,5.354112148284912,50.50846481323242,18.37716293334961,0.36384323239326477,0.013438189402222633,9.367266654968262,0.20000000298023224,1.0
920,47.0,42.0,47.0,False,True,1,recovered,13.593786239624023,16.66925811767578,16.07036018371582,11.230727195739746,-4.839632987976074,21.525426864624023,3.8707456588745117,112.03491973876953,23.155357360839844,0.2066798210144043,-0.25855380296707153,18.454200744628906,0.6000000238418579,1.0,10.559149742126465,17.50257110595703,12.539559364318848,8.605507850646973,-3.934051513671875,17.15175437927246,4.594419479370117,89.90557098388672,21.544864654541016,0.2396388202905655,-0.44253867864608765,13.600668907165527,0.4000000059604645,1.0
921,4.0,4.0,4.0,True,True,0,stable_correct,13.949546813964844,18.5853214263916,14.866639137268066,12.029313087463379,-2.8373260498046875,21.341461181640625,4.287091255187988,110.6807861328125,29.79088020324707,0.26916036009788513,-0.05032706260681152,20.751211166381836,0.20000000298023224,1.0,7.928468227386475,17.591073989868164,11.674667358398438,4.812326908111572,-6.862340450286865,13.098840713500977,6.901191234588623,49.71983337402344,21.00167465209961,0.4224003553390503,0.11778302490711212,9.087964057922363,0.20000000298023224,1.0
922,60.0,60.0,60.0,True,True,0,stable_correct,10.621366500854492,18.48108673095703,12.376761436462402,9.543619155883789,-2.8331422805786133,16.071922302246094,5.119775772094727,74.10054779052734,26.587230682373047,0.35879936814308167,0.04887334257364273,16.892183303833008,0.4000000059604645,1.0,6.665430545806885,16.762676239013672,9.263091087341309,4.409635543823242,-4.853455543518066,11.1286039352417,6.636134147644043,42.31174087524414,18.778303146362305,0.44380834698677063,0.1762007176876068,7.93921422958374,0.20000000298023224,1.0
923,2.0,6.0,6.0,False,False,0,stable_wrong,9.290579795837402,13.597942352294922,11.947108268737793,6.1942458152771,-5.752862453460693,15.579169273376465,3.57096266746521,70.14396667480469,17.498876571655273,0.24947087466716766,-0.11183691024780273,11.138538360595703,0.0,1.0,7.774095058441162,17.739421844482422,10.237648010253906,5.920566558837891,-4.317081451416016,12.834818840026855,6.366349697113037,52.0504150390625,21.123680114746094,0.40583115816116333,0.06854072958230972,9.55049991607666,0.4000000059604645,1.0
924,12.0,6.0,6.0,False,False,0,stable_wrong,9.456280708312988,14.067346572875977,12.142550468444824,6.55122184753418,-5.5913286209106445,15.493664741516113,3.867033004760742,68.80784606933594,18.789377212524414,0.2730702757835388,0.052806101739406586,11.942524909973145,0.20000000298023224,1.0,5.572103023529053,13.260496139526367,7.055905818939209,4.33036994934082,-2.7255358695983887,9.246068000793457,4.9784255027771,34.485687255859375,15.072036743164062,0.4370519518852234,0.21769173443317413,6.83951997756958,0.4000000059604645,1.0
925,2000.0,2000.0,2000.0,True,True,0,stable_correct,12.5582275390625,19.71759033203125,13.680100440979004,10.90318775177002,-2.7769126892089844,19.74285888671875,4.683383464813232,100.93762969970703,26.56578254699707,0.2631900906562805,-0.1660265326499939,17.859527587890625,0.20000000298023224,1.0,7.789673328399658,18.075559616088867,10.264845848083496,5.336860656738281,-4.927985191345215,13.141460418701172,6.591828346252441,56.71787643432617,19.092695236206055,0.33662569522857666,-0.17957888543605804,9.482728004455566,0.4000000059604645,1.0
926,1.0,5.0,5.0,False,False,0,stable_wrong,11.956318855285645,16.676130294799805,13.9384126663208,10.437708854675293,-3.500703811645508,18.84206771850586,4.256448268890381,76.87782287597656,21.339134216308594,0.27757203578948975,0.09231367707252502,15.97948932647705,0.20000000298023224,1.0,8.497546195983887,19.20612907409668,11.37557601928711,6.932557582855225,-4.443018436431885,13.678019523620605,7.060941696166992,47.56037521362305,24.77586555480957,0.52093505859375,0.13049468398094177,10.78757381439209,0.0,1.0
927,85000.0,1000.0,85000.0,False,True,1,recovered,12.811874389648438,16.7421932220459,14.440154075622559,11.59643268585205,-2.843721389770508,19.942110061645508,3.617828845977783,98.76502990722656,22.584922790527344,0.2286732792854309,-0.061826013028621674,18.286954879760742,0.4000000059604645,1.0,9.827719688415527,18.768098831176758,12.811505317687988,6.917409420013428,-5.8940958976745605,16.3836612701416,5.436062812805176,73.77619171142578,23.04965591430664,0.31242674589157104,-0.29550060629844666,11.77169132232666,0.20000000298023224,1.0
928,60.0,48.4,42.6,False,False,0,stable_wrong,10.085925102233887,17.21530532836914,12.334152221679688,8.572748184204102,-3.761404037475586,16.459436416625977,4.38546895980835,76.01952362060547,22.654611587524414,0.2980104386806488,-0.05044368654489517,12.807196617126465,0.4000000059604645,1.0,8.329127311706543,16.436748504638672,10.534564018249512,7.248457431793213,-3.286106586456299,13.293421745300293,6.078879356384277,49.124855041503906,20.41252899169922,0.4155234396457672,0.2758316099643707,10.880908966064453,0.4000000059604645,1.0
929,60.0,60.0,60.0,True,True,0,stable_correct,13.468015670776367,18.707923889160156,14.375628471374512,12.200032234191895,-2.175596237182617,20.585960388183594,3.881229877471924,113.16691589355469,26.654035568237305,0.23552851378917694,-0.2454383820295334,20.094778060913086,0.20000000298023224,1.0,8.12800121307373,16.83106803894043,11.172279357910156,5.450589656829834,-5.721689701080322,13.29861831665039,5.984985828399658,53.87747573852539,20.15026092529297,0.3740015923976898,-0.1512833535671234,9.921799659729004,0.20000000298023224,1.0
930,14.0,14.0,14.0,True,True,0,stable_correct,14.883702278137207,21.929258346557617,16.43186378479004,13.082186698913574,-3.349677085876465,23.765838623046875,6.173141002655029,108.15447998046875,28.223575592041016,0.26095613837242126,0.12357695400714874,19.535724639892578,0.6000000238418579,1.0,8.83391284942627,19.876970291137695,12.035415649414062,6.036312580108643,-5.99910306930542,14.349359512329102,8.134897232055664,51.27182388305664,21.464242935180664,0.4186362326145172,0.25280681252479553,10.376360893249512,0.20000000298023224,1.0
931,50.0,50.0,40.0,True,False,-1,regressed,10.010743141174316,16.647233963012695,11.921406745910645,8.250397682189941,-3.671009063720703,16.02151870727539,4.16016149520874,76.68018341064453,21.92501449584961,0.28592804074287415,-0.0221580620855093,13.3650484085083,0.4000000059604645,1.0,6.720980167388916,18.02436065673828,8.695630073547363,5.135024547576904,-3.560605525970459,11.265823364257812,7.228402137756348,43.362396240234375,21.44658851623535,0.49458956718444824,-0.018404727801680565,7.876659393310547,0.20000000298023224,1.0
932,24.0,21.0,24.0,False,True,1,recovered,10.839567184448242,16.855379104614258,13.654860496520996,8.224480628967285,-5.430379867553711,17.3662052154541,4.230263710021973,80.60521697998047,21.612781524658203,0.268131285905838,-0.12602947652339935,14.66053295135498,0.4000000059604645,1.0,8.171788215637207,15.80195140838623,9.900928497314453,7.243234157562256,-2.6576943397521973,13.329729080200195,4.737629413604736,58.065242767333984,20.111162185668945,0.34635457396507263,-0.22614145278930664,10.435967445373535,0.20000000298023224,1.0
933,15.0,15.0,15.0,True,True,0,stable_correct,12.954874038696289,19.951580047607422,17.377994537353516,9.611406326293945,-7.76658821105957,20.89990234375,5.687695503234863,99.17987823486328,26.592866897583008,0.2681276500225067,-0.20805147290229797,17.286828994750977,0.4000000059604645,1.0,10.065739631652832,17.942365646362305,13.276232719421387,6.959689617156982,-6.316543102264404,16.703857421875,5.259763240814209,82.96408081054688,21.910799026489258,0.2640998363494873,-0.42559653520584106,12.404720306396484,0.20000000298023224,1.0
934,410.0,420.0,400.0,False,False,0,stable_wrong,12.8278226852417,18.04391098022461,14.445385932922363,10.474532127380371,-3.970853805541992,20.196746826171875,3.998019218444824,107.01786804199219,24.7810115814209,0.23155957460403442,-0.23145627975463867,18.25312614440918,0.20000000298023224,1.0,10.342362403869629,17.167198181152344,13.362614631652832,7.763696193695068,-5.598918437957764,16.373327255249023,5.637845039367676,72.41178894042969,22.17884063720703,0.3062877058982849,-0.18994219601154327,13.731179237365723,0.20000000298023224,1.0
935,64800.0,151200.0,144000.0,False,False,0,stable_wrong,7.345213413238525,14.636143684387207,9.968342781066895,5.1092610359191895,-4.859081745147705,12.290090560913086,4.729337215423584,46.81201934814453,17.92220687866211,0.3828548192977905,0.09876339137554169,8.36240005493164,0.20000000298023224,1.0,6.884219646453857,17.874692916870117,9.305814743041992,5.437008380889893,-3.8688063621520996,11.421473503112793,7.041175365447998,43.81650924682617,21.51192855834961,0.4909548759460449,-0.051706355065107346,8.173117637634277,0.20000000298023224,1.0
936,250.0,300.0,140.0,False,False,0,stable_wrong,9.50219440460205,20.32576560974121,12.87585735321045,6.818240642547607,-6.057616710662842,15.602982521057129,6.945793151855469,57.356937408447266,25.44255828857422,0.4435829222202301,0.09473951160907745,11.210212707519531,0.0,1.0,8.843937873840332,20.59850311279297,12.005271911621094,6.10644006729126,-5.898831844329834,14.741436958312988,7.731334686279297,61.93341064453125,23.84799575805664,0.3850586414337158,-0.23192861676216125,10.476109504699707,0.4000000059604645,1.0
937,159.0,159.0,159.0,True,True,0,stable_correct,14.16264533996582,19.400238037109375,17.615488052368164,11.31377124786377,-6.3017168045043945,21.8629150390625,5.874522686004639,90.49756622314453,27.092483520507812,0.29937252402305603,-0.021407227963209152,19.690593719482422,0.20000000298023224,1.0,9.05454158782959,16.763992309570312,11.40155029296875,6.788061141967773,-4.613489151000977,14.778122901916504,5.013481616973877,69.85135650634766,21.122982025146484,0.30239900946617126,-0.39171212911605835,11.409473419189453,0.4000000059604645,1.0
938,4.0,10.0,6.0,False,False,0,stable_wrong,12.400574684143066,16.19028091430664,15.328328132629395,9.19893741607666,-6.129390716552734,20.14156150817871,4.585416793823242,90.856689453125,19.229568481445312,0.21164725720882416,0.020085051655769348,15.5504789352417,0.20000000298023224,1.0,8.696030616760254,19.737316131591797,11.045733451843262,7.24462366104126,-3.801109790802002,14.054004669189453,7.112257480621338,59.61708068847656,23.890670776367188,0.40073534846305847,-0.11705855280160904,11.634591102600098,0.4000000059604645,1.0
939,650.0,650.0,550.0,True,False,-1,regressed,12.730690002441406,19.387643814086914,15.384984016418457,10.196488380432129,-5.188495635986328,20.06648826599121,4.977947235107422,89.70791625976562,23.976465225219727,0.26727256178855896,0.06783880293369293,17.69547462463379,0.20000000298023224,1.0,7.7882843017578125,17.86549949645996,11.564704895019531,4.5185346603393555,-7.046170234680176,13.223062515258789,6.651085376739502,53.82965850830078,20.2231502532959,0.3756878674030304,-0.015435176901519299,9.078113555908203,0.20000000298023224,1.0
940,280.0,280.0,280.0,True,True,0,stable_correct,14.726607322692871,21.326383590698242,18.54119300842285,10.895859718322754,-7.645333290100098,24.127992630004883,7.521172523498535,91.13835906982422,25.03155517578125,0.27465444803237915,0.140903502702713,17.5618896484375,0.0,1.0,7.909069061279297,17.507726669311523,11.2629976272583,5.0891313552856445,-6.173866271972656,12.664021492004395,7.409518718719482,44.83378982543945,17.775365829467773,0.3964725136756897,0.300215482711792,9.570208549499512,0.0,1.0
941,842.0,842.0,842.0,True,True,0,stable_correct,12.347247123718262,19.21190643310547,13.673789024353027,11.476168632507324,-2.197620391845703,18.559558868408203,4.692927360534668,96.54316711425781,26.97209930419922,0.27937865257263184,-0.1445978879928589,19.71746253967285,0.20000000298023224,1.0,8.380396842956543,16.246137619018555,9.956671714782715,6.894026279449463,-3.062645435333252,13.500289916992188,5.495461463928223,52.05596923828125,18.119068145751953,0.3480689823627472,0.06381436437368393,10.808390617370605,0.20000000298023224,1.0
942,205.0,132.5,177.5,False,False,0,stable_wrong,12.398088455200195,17.80695152282715,15.369399070739746,9.125207901000977,-6.2441911697387695,20.717187881469727,5.270892143249512,85.35626983642578,20.325103759765625,0.23812080919742584,0.022501682862639427,14.683287620544434,0.20000000298023224,1.0,8.861828804016113,20.791391372680664,11.813003540039062,6.537235736846924,-5.275767803192139,14.300851821899414,8.0768461227417,59.13641357421875,23.264787673950195,0.3934088349342346,0.12698888778686523,12.016993522644043,0.4000000059604645,1.0
943,50.0,90.0,70.0,False,False,0,stable_wrong,11.09116268157959,15.011961936950684,11.838671684265137,10.257576942443848,-1.581094741821289,17.15875816345215,3.8673110008239746,69.16233825683594,19.963876724243164,0.2886524200439453,0.1761651337146759,15.506457328796387,0.20000000298023224,1.0,9.473958015441895,17.160844802856445,10.786727905273438,8.61362075805664,-2.173107147216797,14.47947883605957,5.700353622436523,63.450157165527344,21.252553939819336,0.3349488079547882,0.021076787263154984,13.993118286132812,0.6000000238418579,1.0
944,34.0,34.0,34.0,True,True,0,stable_correct,13.710739135742188,18.939990997314453,17.176902770996094,11.139704704284668,-6.037198066711426,21.630544662475586,4.732905864715576,106.55719757080078,25.57756805419922,0.2400360405445099,-0.34019672870635986,19.11931610107422,0.4000000059604645,1.0,9.687325477600098,18.544740676879883,12.584931373596191,7.254977703094482,-5.329953670501709,15.922022819519043,5.391796588897705,70.43387603759766,22.768102645874023,0.3232550024986267,-0.3327179551124573,11.993805885314941,0.4000000059604645,1.0
945,17.0,7.2,10.5,False,False,0,stable_wrong,11.630873680114746,17.050376892089844,13.218886375427246,10.149724006652832,-3.069162368774414,18.089130401611328,4.3023881912231445,78.99581146240234,21.276365280151367,0.2693353593349457,0.06430792808532715,16.50752830505371,0.20000000298023224,1.0,7.807140827178955,16.503023147583008,9.461737632751465,6.720911026000977,-2.7408266067504883,12.661008834838867,5.479332447052002,53.12580871582031,20.219745635986328,0.3806011974811554,-0.11014535278081894,10.300151824951172,0.20000000298023224,1.0
946,450.0,450.0,450.0,True,True,0,stable_correct,12.36333179473877,20.695451736450195,15.816790580749512,7.788545608520508,-8.028244972229004,20.739213943481445,6.682503700256348,88.02873992919922,25.415477752685547,0.28871795535087585,0.027248000726103783,14.706306457519531,0.4000000059604645,1.0,7.573413372039795,18.412254333496094,11.130271911621094,4.8241448402404785,-6.306127071380615,12.52457046508789,7.327769756317139,45.496891021728516,21.204790115356445,0.4660711884498596,0.3543688654899597,9.030072212219238,0.0,1.0
947,13.0,13.0,13.0,True,True,0,stable_correct,12.889043807983398,19.086891174316406,15.552212715148926,9.96433162689209,-5.587881088256836,21.450679779052734,7.238936901092529,79.77479553222656,21.847959518432617,0.27387046813964844,0.20488950610160828,15.130542755126953,0.4000000059604645,1.0,7.216222286224365,17.57925033569336,10.655787467956543,4.437812805175781,-6.217974662780762,11.977151870727539,7.286700248718262,42.41958999633789,18.545915603637695,0.43720167875289917,0.4278223514556885,8.543645858764648,0.20000000298023224,1.0
948,15.0,18.0,19.8,False,False,0,stable_wrong,10.183053016662598,14.339333534240723,12.21214771270752,8.322371482849121,-3.8897762298583984,16.18024253845215,4.228701114654541,69.55621337890625,15.564583778381348,0.22376985847949982,0.09360089153051376,13.370400428771973,0.20000000298023224,1.0,9.088300704956055,21.28204917907715,10.557097434997559,8.474235534667969,-2.08286190032959,14.343057632446289,8.188953399658203,55.11238479614258,26.55665397644043,0.4818636476993561,-0.05855156108736992,12.87816333770752,0.20000000298023224,1.0
949,42.0,42.0,42.0,True,True,0,stable_correct,14.800064086914062,18.896305084228516,15.651652336120605,13.255813598632812,-2.395838737487793,23.932579040527344,6.608231544494629,110.18104553222656,22.077072143554688,0.2003708779811859,0.031040716916322708,17.98238182067871,0.4000000059604645,1.0,8.397719383239746,18.774667739868164,12.224384307861328,5.4907546043396,-6.7336297035217285,13.782279014587402,7.589480876922607,51.168643951416016,20.279699325561523,0.3963305950164795,0.29175758361816406,10.266058921813965,0.20000000298023224,1.0
950,5.0,12.5,12.5,False,False,0,stable_wrong,9.902196884155273,16.517969131469727,12.971266746520996,6.268064022064209,-6.703202724456787,16.52340316772461,4.722026824951172,74.60159301757812,20.97064781188965,0.28110188245773315,-0.04193289950489998,12.241189002990723,0.20000000298023224,1.0,4.495549201965332,12.39117431640625,6.263618469238281,3.214855194091797,-3.0487632751464844,7.411459445953369,5.280536651611328,26.947954177856445,14.714154243469238,0.5460212230682373,0.2627548277378082,5.113827228546143,0.20000000298023224,1.0
951,300.0,300.0,300.0,True,True,0,stable_correct,10.659769058227539,16.947532653808594,13.641125679016113,7.249227046966553,-6.3918986320495605,17.377426147460938,5.227209568023682,70.56591033935547,22.796762466430664,0.32305631041526794,0.11573082208633423,13.312461853027344,0.20000000298023224,1.0,7.717476844787598,18.377216339111328,9.574325561523438,5.770427227020264,-3.803898334503174,13.012516975402832,6.7094831466674805,53.86082077026367,21.72604751586914,0.4033738672733307,-0.0388607382774353,9.249302864074707,0.6000000238418579,1.0
952,360.0,1080.0,420.0,False,False,0,stable_wrong,12.570958137512207,18.269227981567383,13.825333595275879,11.712448120117188,-2.1128854751586914,19.787723541259766,4.470015048980713,87.87767028808594,24.500530242919922,0.27880269289016724,0.018633227795362473,17.30462646484375,0.4000000059604645,1.0,9.351035118103027,19.661890029907227,12.19575023651123,6.72508430480957,-5.47066593170166,15.503122329711914,6.3758392333984375,64.30572509765625,23.1690731048584,0.3602956533432007,-0.12051250785589218,11.355854034423828,0.4000000059604645,1.0
953,452.0,220.0,130.0,False,False,0,stable_wrong,11.272809028625488,17.607229232788086,13.044421195983887,9.53549575805664,-3.508925437927246,18.241470336914062,4.231677532196045,87.82768249511719,23.489856719970703,0.2674539089202881,-0.007824903354048729,14.153336524963379,0.6000000238418579,1.0,7.7867302894592285,16.656539916992188,9.211395263671875,6.402500152587891,-2.8088951110839844,12.759864807128906,5.762917518615723,53.772037506103516,19.48443603515625,0.362352579832077,0.003671330166980624,9.948945045471191,0.4000000059604645,1.0
954,34.0,34.0,22.0,True,False,-1,regressed,12.11330509185791,18.29446029663086,14.636703491210938,9.971351623535156,-4.665351867675781,19.51596450805664,3.890331745147705,92.19808959960938,25.2698974609375,0.27408266067504883,-0.16793808341026306,15.910465240478516,0.20000000298023224,1.0,9.91133975982666,18.00193977355957,13.54565715789795,7.0165934562683105,-6.529063701629639,16.019081115722656,6.238203048706055,66.36827087402344,22.556480407714844,0.339868426322937,-0.0743955746293068,12.599052429199219,0.0,1.0
955,100.0,600.0,600.0,False,False,0,stable_wrong,12.543435096740723,21.842309951782227,15.878578186035156,9.734143257141113,-6.144434928894043,20.353029251098633,5.961106777191162,87.1281509399414,27.69361686706543,0.3178492486476898,-0.009526473470032215,16.197542190551758,0.0,1.0,8.502320289611816,20.454845428466797,11.196244239807129,6.0400166511535645,-5.1562275886535645,14.051112174987793,7.7821478843688965,56.403656005859375,22.81110191345215,0.4044259488582611,-0.025955146178603172,10.603801727294922,0.0,1.0
956,1.0,1.0,1.0,True,True,0,stable_correct,12.818449020385742,17.96109962463379,15.346802711486816,10.681713104248047,-4.6650896072387695,19.909103393554688,4.106118202209473,101.53646087646484,25.544845581054688,0.2515829801559448,-0.14158278703689575,18.804920196533203,0.4000000059604645,1.0,9.656516075134277,19.761905670166016,12.62276554107666,6.649919509887695,-5.972846031188965,16.184877395629883,6.2231245040893555,75.49310302734375,23.945423126220703,0.3171868920326233,-0.33938390016555786,11.773106575012207,0.20000000298023224,1.0
957,45.0,45.0,45.0,True,True,0,stable_correct,13.533684730529785,18.908950805664062,15.837333679199219,10.336054801940918,-5.501278877258301,22.504962921142578,6.817349910736084,93.44401550292969,22.567110061645508,0.24150407314300537,0.08149591833353043,16.169294357299805,0.4000000059604645,1.0,7.320998191833496,17.506555557250977,10.718815803527832,4.4650492668151855,-6.2537665367126465,11.990195274353027,7.295907020568848,42.4765739440918,18.86901092529297,0.4442215859889984,0.3505861759185791,8.770089149475098,0.20000000298023224,1.0
958,40.0,60.0,38.0,False,False,0,stable_wrong,9.694148063659668,17.846948623657227,12.730439186096191,7.2534637451171875,-5.476975440979004,15.083876609802246,6.181601047515869,57.6597785949707,25.60798454284668,0.4441221356391907,0.09937739372253418,13.339714050292969,0.0,1.0,7.952548503875732,19.451684951782227,11.105359077453613,5.584460735321045,-5.520898342132568,13.34664535522461,7.390239715576172,49.93932342529297,23.246366500854492,0.46549221873283386,0.12904374301433563,9.15212631225586,0.4000000059604645,1.0
959,7.0,7.0,7.0,True,True,0,stable_correct,10.687304496765137,15.439652442932129,11.665114402770996,8.989075660705566,-2.6760387420654297,16.947900772094727,3.6647789478302,82.94845581054688,21.461721420288086,0.25873562693595886,0.03533387556672096,14.296687126159668,0.4000000059604645,1.0,7.093299388885498,16.22610092163086,9.003252983093262,5.013710975646973,-3.989542007446289,11.577720642089844,6.1463093757629395,44.249324798583984,17.874237060546875,0.4039437174797058,0.34032225608825684,9.25379467010498,0.4000000059604645,1.0
960,11.0,122.0,7.0,False,False,0,stable_wrong,13.428555488586426,17.84258270263672,15.567097663879395,10.577682495117188,-4.989415168762207,21.84365463256836,4.590234756469727,102.2052993774414,23.360177993774414,0.22856131196022034,-0.10490041971206665,16.844730377197266,0.20000000298023224,1.0,7.750687599182129,18.303972244262695,10.687214851379395,5.197746753692627,-5.489468097686768,13.044920921325684,7.029094696044922,49.893836975097656,20.24721908569336,0.4058060050010681,0.19930844008922577,9.286235809326172,0.4000000059604645,1.0
961,225.0,245.0,295.0,False,False,0,stable_wrong,8.354802131652832,16.098073959350586,11.710319519042969,5.512991428375244,-6.197328090667725,13.812849044799805,5.001461982727051,61.634437561035156,19.4693660736084,0.315884530544281,-0.09846718609333038,10.607381820678711,0.0,1.0,7.852893352508545,15.714263916015625,8.859508514404297,7.280477523803711,-1.579030990600586,12.358293533325195,5.396313190460205,47.08370590209961,20.380306243896484,0.4328526258468628,0.18077652156352997,10.96353530883789,0.4000000059604645,1.0
962,1000.0,600.0,600.0,False,False,0,stable_wrong,12.936041831970215,17.964982986450195,14.025898933410645,10.25302505493164,-3.772873878479004,20.5487117767334,5.770961284637451,93.89470672607422,24.506437301635742,0.2609991431236267,0.05710046365857124,17.143625259399414,0.20000000298023224,1.0,7.602367401123047,18.513891220092773,10.874775886535645,4.745490074157715,-6.12928581237793,12.65807819366455,7.461297035217285,46.9384765625,20.760347366333008,0.44228848814964294,0.19970077276229858,9.091747283935547,0.20000000298023224,1.0
963,147.0,122.0,55.0,False,False,0,stable_wrong,9.134371757507324,15.942911148071289,11.18017292022705,7.333786487579346,-3.846386432647705,14.853767395019531,4.637245178222656,59.62371063232422,20.23177146911621,0.3393242657184601,0.12756671011447906,11.470688819885254,0.20000000298023224,1.0,6.952487945556641,19.40999412536621,9.563246726989746,4.996274471282959,-4.566972255706787,11.532979965209961,8.281685829162598,43.11228561401367,22.45458984375,0.5208396911621094,0.14576807618141174,7.935551166534424,0.6000000238418579,1.0
964,200.0,200.0,200.0,True,True,0,stable_correct,10.900484085083008,17.11480140686035,12.476384162902832,7.970305919647217,-4.506078243255615,17.77518653869629,5.1694416999816895,82.8533706665039,22.375995635986328,0.270067423582077,0.09691425412893295,13.772743225097656,0.20000000298023224,1.0,7.5525736808776855,19.041091918945312,10.471725463867188,4.708813190460205,-5.762912273406982,12.829005241394043,7.46985387802124,47.6579475402832,21.29835319519043,0.446900337934494,0.12161891162395477,8.64000129699707,0.20000000298023224,1.0
965,374.0,466.0,446.0,False,False,0,stable_wrong,14.620148658752441,20.415443420410156,17.91686248779297,12.042594909667969,-5.874267578125,23.029937744140625,4.891932487487793,117.73230743408203,26.77385902404785,0.22741301357746124,-0.37603744864463806,20.35163688659668,0.4000000059604645,1.0,9.42272663116455,17.35118293762207,11.827937126159668,7.6060004234313965,-4.2219367027282715,15.036619186401367,5.272951126098633,62.19544982910156,21.5357723236084,0.34625962376594543,-0.2688596844673157,12.266799926757812,0.20000000298023224,1.0
966,48.0,18.0,42.0,False,False,0,stable_wrong,11.474447250366211,16.016996383666992,12.785598754882812,10.450089454650879,-2.3355093002319336,17.257137298583984,4.429398536682129,69.62785339355469,20.866886138916016,0.29969164729118347,0.2106599360704422,17.19379425048828,0.4000000059604645,1.0,7.8701066970825195,16.205177307128906,9.871382713317871,6.525287628173828,-3.346095085144043,12.496967315673828,5.520340442657471,49.09804916381836,19.90323257446289,0.40537726879119873,0.00894060730934143,10.662732124328613,0.20000000298023224,1.0
967,30.0,30.0,30.0,True,True,0,stable_correct,11.070897102355957,19.764490127563477,13.31772232055664,9.710918426513672,-3.6068038940429688,16.865827560424805,5.867343902587891,81.7544937133789,26.232378005981445,0.32086771726608276,-0.07823953777551651,17.81208610534668,0.4000000059604645,1.0,9.055331230163574,16.82809829711914,11.160881996154785,7.154995441436768,-4.005886554718018,14.791278839111328,5.346968173980713,58.79783630371094,20.32935333251953,0.34575003385543823,0.01908590830862522,11.201374053955078,0.20000000298023224,1.0
968,227.0,217.0,277.0,False,False,0,stable_wrong,13.140459060668945,21.01913070678711,17.27912712097168,10.093928337097168,-7.185198783874512,21.239980697631836,6.6862664222717285,95.8900146484375,25.49452781677246,0.265872597694397,-0.1603955775499344,17.488590240478516,0.0,1.0,9.145390510559082,20.25746726989746,12.1474027633667,6.968002796173096,-5.1793999671936035,14.869535446166992,6.950318813323975,60.210201263427734,25.15702247619629,0.41781994700431824,-0.100946344435215,11.640225410461426,0.20000000298023224,1.0
969,1800.0,1500.0,1200.0,False,False,0,stable_wrong,9.665512084960938,15.500067710876465,11.534098625183105,8.01073169708252,-3.523366928100586,15.437541961669922,4.535600662231445,57.1793327331543,19.27251625061035,0.33705389499664307,0.23722760379314423,12.262969017028809,0.20000000298023224,1.0,5.685697078704834,15.557371139526367,7.57645845413208,4.465909004211426,-3.1105494499206543,9.417397499084473,6.431171417236328,34.454010009765625,18.598787307739258,0.5398148894309998,0.09356506168842316,6.699960231781006,0.20000000298023224,1.0
970,33.0,33.0,33.0,True,True,0,stable_correct,15.766853332519531,22.366273880004883,19.3351993560791,12.89384937286377,-6.441349983215332,25.180021286010742,8.924249649047852,90.65203094482422,27.529752731323242,0.3036859929561615,0.23416849970817566,19.0694637298584,0.20000000298023224,1.0,8.058889389038086,18.693544387817383,11.957191467285156,4.920137882232666,-7.03705358505249,13.595391273498535,7.4883527755737305,50.38253402709961,19.95797348022461,0.3961288034915924,0.3024865686893463,9.42565631866455,0.20000000298023224,1.0
971,100.0,100.0,100.0,True,True,0,stable_correct,13.61999797821045,19.896974563598633,15.141441345214844,11.825943946838379,-3.315497398376465,22.10895347595215,5.873676300048828,100.1683578491211,25.586305618286133,0.25543302297592163,0.14612102508544922,17.1267147064209,0.4000000059604645,1.0,8.852709770202637,22.41461181640625,12.533000946044922,6.077171325683594,-6.455829620361328,14.799311637878418,8.927919387817383,54.60028076171875,26.428476333618164,0.48403555154800415,0.2044154703617096,10.093043327331543,0.4000000059604645,1.0
972,120.0,120.0,120.0,True,True,0,stable_correct,11.62040901184082,16.695213317871094,13.34289836883545,9.604268074035645,-3.7386302947998047,18.6077880859375,4.415475368499756,77.49999237060547,20.063222885131836,0.2588803172111511,0.1680411994457245,15.202603340148926,0.20000000298023224,1.0,8.795575141906738,17.335693359375,10.6477632522583,7.365442752838135,-3.282320499420166,14.357144355773926,5.394929885864258,68.81784057617188,20.563915252685547,0.29881662130355835,-0.3378389775753021,11.475814819335938,0.6000000238418579,1.0
973,79.0,10.0,12.0,False,False,0,stable_wrong,9.160799980163574,16.601696014404297,12.101882934570312,6.070377349853516,-6.031505584716797,15.357699394226074,4.735978603363037,67.06037902832031,20.970104217529297,0.31270483136177063,-0.1405467689037323,10.994231224060059,0.0,1.0,8.534794807434082,20.94643211364746,11.156238555908203,6.457563877105713,-4.69867467880249,13.731705665588379,8.506253242492676,53.0806999206543,23.448150634765625,0.4417453110218048,0.025391723960638046,10.8090238571167,0.20000000298023224,1.0
974,5.0,5.0,5.0,True,True,0,stable_correct,13.653051376342773,19.816099166870117,15.147003173828125,12.026021003723145,-3.1209821701049805,21.266748428344727,4.241332530975342,92.581787109375,29.606767654418945,0.31979042291641235,-0.0009276390192098916,19.047388076782227,0.20000000298023224,1.0,9.044761657714844,17.832223892211914,11.758379936218262,6.769491672515869,-4.988888263702393,14.609335899353027,5.494077682495117,63.969139099121094,22.703676223754883,0.3549160957336426,0.020114928483963013,11.989493370056152,0.4000000059604645,1.0
975,20.0,20.0,10.0,True,False,-1,regressed,10.864870071411133,14.340883255004883,12.657818794250488,9.312601089477539,-3.345217704772949,16.937654495239258,3.4775445461273193,80.33602142333984,21.554481506347656,0.26830407977104187,0.03861565142869949,15.141002655029297,0.4000000059604645,1.0,9.240175247192383,17.718564987182617,12.039485931396484,6.10260534286499,-5.936880588531494,15.225541114807129,6.2369160652160645,62.02565383911133,19.88246726989746,0.3205523192882538,0.06629064679145813,11.403682708740234,0.4000000059604645,1.0
976,540.0,345.0,405.0,False,False,0,stable_wrong,12.59104061126709,17.64401626586914,14.790366172790527,10.910506248474121,-3.8798599243164062,19.655248641967773,5.5576605796813965,76.66870880126953,22.207365036010742,0.28965356945991516,0.14599838852882385,16.926658630371094,0.20000000298023224,1.0,9.151229858398438,18.30469512939453,11.385392189025879,7.4496541023254395,-3.9357380867004395,14.574989318847656,6.824127197265625,56.032142639160156,22.46947479248047,0.4010104537010193,0.07922549545764923,11.696524620056152,0.4000000059604645,1.0
977,4.0,4.0,4.0,True,True,0,stable_correct,11.794499397277832,15.3922700881958,12.293411254882812,10.112601280212402,-2.18080997467041,18.16900634765625,4.131101608276367,93.47684478759766,24.500133514404297,0.26209843158721924,-0.05226879566907883,16.934823989868164,0.20000000298023224,1.0,7.316854000091553,16.1507625579834,10.037740707397461,4.736668109893799,-5.301072597503662,12.184006690979004,6.083978652954102,49.76600646972656,17.15546417236328,0.34472253918647766,0.19419193267822266,9.266432762145996,0.20000000298023224,1.0
978,160.0,160.0,160.0,True,True,0,stable_correct,13.381695747375488,20.096590042114258,14.272564888000488,12.442057609558105,-1.8305072784423828,21.759044647216797,6.008893966674805,97.17659759521484,21.98366928100586,0.2262239009141922,0.13488544523715973,16.942203521728516,0.4000000059604645,1.0,8.89156436920166,19.591333389282227,12.186741828918457,5.490667343139648,-6.696074485778809,14.888659477233887,7.312272548675537,57.26402282714844,22.12549591064453,0.38637691736221313,0.19068928062915802,10.557061195373535,0.20000000298023224,1.0
979,50.0,60.5,34.5,False,False,0,stable_wrong,10.686544418334961,16.965288162231445,14.097412109375,7.7932820320129395,-6.3041300773620605,17.60260581970215,4.623107433319092,77.25775909423828,21.535879135131836,0.2787536084651947,-0.06379996240139008,13.243736267089844,0.0,1.0,9.756489753723145,17.606794357299805,12.191109657287598,8.004276275634766,-4.186833381652832,15.746604919433594,5.627231597900391,69.1942138671875,22.013757705688477,0.3181445002555847,-0.23469606041908264,12.373099327087402,0.20000000298023224,1.0
980,90.0,90.0,90.0,True,True,0,stable_correct,12.316668510437012,18.62134552001953,13.559603691101074,11.887176513671875,-1.6724271774291992,18.378175735473633,4.183965682983398,91.91187286376953,28.22157859802246,0.3070504069328308,-0.058406006544828415,19.97509002685547,0.4000000059604645,1.0,8.179367065429688,15.95757007598877,11.239669799804688,5.787089824676514,-5.452579975128174,13.317380905151367,5.4979658126831055,55.0038948059082,19.079349517822266,0.3468726873397827,-0.004138731863349676,10.27963924407959,0.0,1.0
981,7.0,7.0,7.0,True,True,0,stable_correct,15.399001121520996,19.269025802612305,17.768070220947266,13.22869873046875,-4.539371490478516,24.116222381591797,4.1280293464660645,110.88800811767578,28.061145782470703,0.25305843353271484,-0.11559738963842392,21.238916397094727,0.20000000298023224,1.0,10.534667015075684,17.77764320373535,14.754292488098145,7.027617931365967,-7.726674556732178,17.45250701904297,5.920445919036865,79.3482437133789,21.669940948486328,0.2730991840362549,-0.15887193381786346,12.685032844543457,0.4000000059604645,1.0
982,12.0,18.0,7.0,False,False,0,stable_wrong,12.620625495910645,18.543567657470703,15.662320137023926,10.419453620910645,-5.242866516113281,19.87630271911621,4.527215957641602,90.48460388183594,26.266714096069336,0.2902893126010895,-0.16622516512870789,17.556690216064453,0.20000000298023224,1.0,9.624532699584961,18.86147117614746,12.274330139160156,6.943811893463135,-5.3305182456970215,16.000080108642578,5.690350532531738,75.87386322021484,23.048595428466797,0.3037751615047455,-0.3895013928413391,11.683704376220703,0.4000000059604645,1.0
983,15.0,15.0,15.0,True,True,0,stable_correct,13.975760459899902,17.333332061767578,14.876803398132324,12.710532188415527,-2.166271209716797,21.507064819335938,3.42941951751709,107.1044692993164,26.941139221191406,0.25154075026512146,-0.10128118097782135,20.316877365112305,0.20000000298023224,1.0,8.445059776306152,18.55573272705078,11.392609596252441,5.788041591644287,-5.604568004608154,13.65976619720459,6.866779327392578,58.81684112548828,21.1934871673584,0.3603302538394928,-0.03085608407855034,11.096592903137207,0.4000000059604645,1.0
984,342.0,186.0,162.0,False,False,0,stable_wrong,10.75147533416748,17.34712028503418,13.049986839294434,8.997307777404785,-4.052679061889648,17.63433265686035,4.407481670379639,77.12809753417969,21.310239791870117,0.2762967050075531,0.008765732869505882,13.441227912902832,0.4000000059604645,1.0,7.589225769042969,16.0146427154541,9.702814102172852,6.555716037750244,-3.1470980644226074,12.694984436035156,5.345759391784668,49.95791244506836,19.23575782775879,0.3850392699241638,-0.07711330056190491,9.12355899810791,0.4000000059604645,1.0
985,63.0,63.0,63.0,True,True,0,stable_correct,13.136609077453613,18.861305236816406,15.104413032531738,10.550518989562988,-4.55389404296875,21.453203201293945,7.307266712188721,83.45268249511719,18.001150131225586,0.21570487320423126,0.3068152070045471,15.986328125,0.6000000238418579,1.0,7.057513236999512,18.933496475219727,10.688583374023438,4.145801067352295,-6.542782306671143,11.865398406982422,7.914119720458984,42.40452575683594,21.412391662597656,0.5049553513526917,0.3353714048862457,8.045768737792969,0.20000000298023224,1.0
986,70.0,70.0,70.0,True,True,0,stable_correct,15.269010543823242,19.216585159301758,17.09995460510254,14.543259620666504,-2.556694984436035,23.61557960510254,3.790647029876709,121.5794906616211,25.962390899658203,0.21354252099990845,-0.22528287768363953,22.371536254882812,0.4000000059604645,1.0,10.731886863708496,18.800033569335938,14.40509033203125,7.386720657348633,-7.018369674682617,17.734106063842773,5.61386775970459,82.54691314697266,23.678569793701172,0.28684985637664795,-0.3583345413208008,12.961036682128906,0.4000000059604645,1.0
987,3.0,3.0,18.0,True,False,-1,regressed,13.30766487121582,17.4923095703125,15.523826599121094,11.77981185913086,-3.7440147399902344,20.952735900878906,4.356091499328613,92.52129364013672,24.447837829589844,0.2642401158809662,-0.04604139178991318,18.16627311706543,0.20000000298023224,1.0,9.539045333862305,18.805152893066406,12.41821002960205,6.915046215057373,-5.503163814544678,15.411355972290039,6.215545654296875,66.47798919677734,22.21800422668457,0.3342159390449524,0.02282102033495903,12.784806251525879,0.4000000059604645,1.0
988,6.0,4.0,5.0,False,False,0,stable_wrong,12.826814651489258,18.00948715209961,14.365429878234863,10.93082046508789,-3.4346094131469727,20.384464263916016,3.9948570728302,95.1071548461914,24.65629005432129,0.25924748182296753,0.025917191058397293,17.202577590942383,0.20000000298023224,1.0,8.62267780303955,17.814359664916992,11.28455638885498,6.368321895599365,-4.916234493255615,14.178985595703125,5.986142635345459,56.49256134033203,19.879793167114258,0.3519010841846466,0.04468930885195732,10.609731674194336,0.20000000298023224,1.0
989,45.0,25.0,25.0,False,False,0,stable_wrong,10.224379539489746,17.027145385742188,13.575493812561035,7.105991840362549,-6.469501972198486,16.931062698364258,4.989611625671387,69.94927215576172,21.047046661376953,0.30089014768600464,0.08101633936166763,12.370633125305176,0.0,1.0,7.632439613342285,15.38917350769043,8.911442756652832,7.091628551483154,-1.8198142051696777,12.306708335876465,5.582599639892578,42.61998748779297,19.20364761352539,0.4505784511566162,0.2481682002544403,9.725282669067383,0.20000000298023224,1.0
990,14.0,10.0,10.0,False,False,0,stable_wrong,12.011691093444824,17.97474479675293,14.814593315124512,9.537972450256348,-5.276620864868164,19.168996810913086,4.922399044036865,79.33114624023438,24.647106170654297,0.3106863796710968,-0.019053608179092407,15.75750732421875,0.20000000298023224,1.0,8.988977432250977,18.952926635742188,11.455615043640137,7.240258693695068,-4.215356349945068,14.32227897644043,6.642240524291992,55.44717788696289,23.965534210205078,0.43222278356552124,-0.015454351902008057,12.009505271911621,0.0,1.0
991,15.0,60.0,60.0,False,False,0,stable_wrong,10.519203186035156,16.766582489013672,13.486659049987793,7.299492359161377,-6.187166690826416,17.5079402923584,4.912415981292725,72.7292709350586,20.395193099975586,0.2804262042045593,0.12290622293949127,12.698841094970703,0.20000000298023224,1.0,7.267918109893799,19.322145462036133,10.446976661682129,4.224618434906006,-6.222358226776123,12.207341194152832,7.956814765930176,45.28364181518555,21.90259552001953,0.48367565870285034,0.2301403284072876,8.531025886535645,0.20000000298023224,1.0
992,52.0,36.0,48.0,False,False,0,stable_wrong,11.39339542388916,17.3864688873291,14.210678100585938,9.068218231201172,-5.142459869384766,18.394725799560547,4.621618270874023,78.47380828857422,21.55699348449707,0.2747030258178711,-0.013732564635574818,14.73670482635498,0.0,1.0,8.063868522644043,17.2583065032959,10.82387638092041,6.260368347167969,-4.563508033752441,13.103650093078613,5.689197063446045,51.90884017944336,22.431745529174805,0.43213728070259094,-0.09225966036319733,10.106616973876953,0.20000000298023224,1.0
993,11.0,11.0,22.0,True,False,-1,regressed,10.2188081741333,15.36562728881836,11.755208015441895,7.962766170501709,-3.7924418449401855,16.075517654418945,3.9935030937194824,79.42863464355469,23.08242416381836,0.2906058430671692,-0.051119230687618256,14.308938026428223,0.4000000059604645,1.0,7.662119388580322,18.74245834350586,9.474997520446777,6.234623432159424,-3.2403740882873535,12.75893497467041,7.029058456420898,50.842674255371094,22.093997955322266,0.43455618619918823,0.0021889477502554655,9.312670707702637,0.4000000059604645,1.0
994,2.0,2.0,2.0,True,True,0,stable_correct,13.65041446685791,20.376567840576172,15.469231605529785,12.156909942626953,-3.312321662902832,21.015974044799805,4.74374532699585,87.67912292480469,30.21577262878418,0.344617635011673,0.005091887898743153,19.670827865600586,0.20000000298023224,1.0,8.859478950500488,18.125205993652344,11.942131996154785,6.618766784667969,-5.323365211486816,14.053640365600586,6.553131103515625,58.358642578125,22.51996612548828,0.3858891427516937,-0.1064302921295166,12.008679389953613,0.0,1.0
995,12.0,12.0,12.0,True,True,0,stable_correct,13.73523998260498,17.371931076049805,13.615212440490723,13.45131778717041,-0.1638946533203125,21.05263900756836,3.7052571773529053,104.65573120117188,27.264280319213867,0.26051396131515503,-0.10912299156188965,20.308521270751953,0.4000000059604645,1.0,7.236865520477295,16.810882568359375,9.914870262145996,4.901343822479248,-5.013526439666748,11.871441841125488,6.382593631744385,47.17721939086914,19.3136043548584,0.4093841314315796,0.12759819626808167,9.048083305358887,0.4000000059604645,1.0
996,3.0,3.0,5.0,True,False,-1,regressed,12.176118850708008,18.22373390197754,15.157759666442871,9.746258735656738,-5.411500930786133,19.313549041748047,4.569309711456299,87.84455871582031,23.995010375976562,0.27315306663513184,-0.003692418336868286,16.85185432434082,0.20000000298023224,1.0,8.053730964660645,17.744169235229492,10.73983097076416,6.097057342529297,-4.642773628234863,13.326897621154785,6.318498134613037,51.32767868041992,21.098310470581055,0.41105133295059204,-0.02553047239780426,9.644046783447266,0.20000000298023224,1.0
997,6600.0,6000.0,6300.0,False,False,0,stable_wrong,11.978100776672363,17.06226348876953,13.445429801940918,9.992815971374512,-3.4526138305664062,19.13294792175293,3.9824507236480713,94.81021881103516,24.002702713012695,0.2531657814979553,-0.10221316665410995,15.80521297454834,0.4000000059604645,1.0,7.830567836761475,17.40245819091797,9.087596893310547,6.452391147613525,-2.6352057456970215,12.861161231994629,6.267373561859131,51.09600067138672,19.6678466796875,0.38491949439048767,0.12812241911888123,10.215330123901367,0.20000000298023224,1.0
998,50.0,50.0,50.0,True,True,0,stable_correct,13.577234268188477,18.545034408569336,14.424301147460938,11.744842529296875,-2.6794586181640625,21.430593490600586,3.883791923522949,100.17486572265625,26.56873321533203,0.26522353291511536,-0.09869250655174255,18.66510772705078,0.20000000298023224,1.0,8.475811958312988,16.47235870361328,11.92336368560791,5.275379657745361,-6.647984027862549,14.062950134277344,5.678731441497803,61.34218978881836,19.131980895996094,0.3118894398212433,-0.05339132621884346,10.358626365661621,0.20000000298023224,1.0
999,25.0,33.33,33.33,False,False,0,stable_wrong,8.069695472717285,14.035665512084961,10.036055564880371,6.251001834869385,-3.7850537300109863,13.334738731384277,4.017375469207764,54.21800994873047,16.852188110351562,0.3108226954936981,0.13590775430202484,9.813529014587402,0.4000000059604645,1.0,5.2134246826171875,15.875146865844727,7.358983993530273,3.605314016342163,-3.7536699771881104,8.526516914367676,7.188901424407959,30.593515396118164,18.66319465637207,0.610037624835968,0.03909378498792648,5.713613986968994,0.20000000298023224,1.0
1000,1.0,7.5,8.0,False,False,0,stable_wrong,12.596322059631348,17.40207862854004,14.684355735778809,11.205479621887207,-3.4788761138916016,19.59056282043457,5.169107913970947,74.77936553955078,25.356014251708984,0.3390776813030243,0.10034580528736115,16.821969985961914,0.0,1.0,10.181818962097168,18.357513427734375,14.094669342041016,7.0641021728515625,-7.030567169189453,16.653696060180664,6.138806343078613,68.86749267578125,24.026885986328125,0.34888574481010437,-0.4180591106414795,11.42833423614502,0.0,1.0
1001,2.0,2.0,2.0,True,True,0,stable_correct,12.498748779296875,17.59242820739746,14.962727546691895,10.778033256530762,-4.184694290161133,19.41382598876953,4.687321662902832,79.8097915649414,24.939800262451172,0.3124904930591583,0.042235441505908966,17.296592712402344,0.0,1.0,8.127159118652344,17.674240112304688,10.343276977539062,6.083822727203369,-4.259454250335693,13.156984329223633,6.333827018737793,53.99354553222656,19.8022518157959,0.3667522072792053,0.07090345770120621,10.764373779296875,0.20000000298023224,1.0
1002,8.0,8.0,8.0,True,True,0,stable_correct,11.713271141052246,16.127910614013672,13.702120780944824,9.271758079528809,-4.430362701416016,18.902889251708984,3.7003748416900635,96.66999816894531,21.446083068847656,0.22184838354587555,-0.1455596685409546,15.265181541442871,0.4000000059604645,1.0,7.760819911956787,18.5537166595459,10.185664176940918,5.996028423309326,-4.189635753631592,12.548906326293945,7.3207502365112305,45.50001907348633,21.551965713500977,0.4736693799495697,0.2154533416032791,9.771010398864746,0.0,1.0
1003,480.0,300.0,3600.0,False,False,0,stable_wrong,10.770078659057617,18.46234893798828,13.38534164428711,8.363410949707031,-5.021930694580078,17.84815788269043,4.86210298538208,77.37366485595703,22.219783782958984,0.2871750295162201,0.04603758454322815,13.20633316040039,0.4000000059604645,1.0,9.159794807434082,17.9843692779541,10.352011680603027,8.34968090057373,-2.002330780029297,15.1111478805542,5.513301849365234,65.99040985107422,21.28212547302246,0.32250329852104187,-0.14222495257854462,11.837864875793457,0.800000011920929,1.0
1004,8.0,8.0,8.0,True,True,0,stable_correct,11.46813678741455,15.224798202514648,13.352516174316406,9.703288078308105,-3.649228096008301,17.611595153808594,3.2491507530212402,85.809814453125,22.961233139038086,0.26758283376693726,-0.045540474355220795,17.025814056396484,0.20000000298023224,1.0,9.165853500366211,18.451282501220703,10.61889362335205,8.542590141296387,-2.076303482055664,14.856441497802734,5.777721405029297,59.0057258605957,24.09536361694336,0.40835636854171753,-0.029739633202552795,11.99026870727539,0.20000000298023224,1.0
1005,1490.0,1900.0,1540.0,False,False,0,stable_wrong,12.177018165588379,21.23590660095215,15.774827003479004,9.135700225830078,-6.639126777648926,19.832143783569336,5.781394958496094,89.74205780029297,26.59100341796875,0.2963048219680786,-0.13796214759349823,16.03417205810547,0.20000000298023224,1.0,9.17119026184082,18.547075271606445,11.043770790100098,7.556260585784912,-3.4875102043151855,14.557186126708984,6.563154220581055,62.21230697631836,22.32825469970703,0.3589041531085968,0.0909736305475235,12.183151245117188,0.6000000238418579,1.0
1006,826.0,285.0,69.0,False,False,0,stable_wrong,10.046300888061523,19.60171127319336,12.967731475830078,6.93010950088501,-6.037621974945068,16.577234268188477,5.839420318603516,76.07389068603516,25.194061279296875,0.33117881417274475,-0.1369084268808365,12.400614738464355,0.20000000298023224,1.0,8.959283828735352,20.864744186401367,11.485468864440918,6.818373203277588,-4.66709566116333,14.66298770904541,7.647516250610352,60.54595947265625,24.42588996887207,0.40342724323272705,0.011724905110895634,11.471739768981934,0.4000000059604645,1.0
1007,34.0,34.0,34.0,True,True,0,stable_correct,13.324285507202148,19.04368019104004,15.32260799407959,12.2920503616333,-3.030557632446289,20.00425910949707,4.812856674194336,95.83763122558594,28.37851333618164,0.2961103320121765,0.040944505482912064,20.97088050842285,0.4000000059604645,1.0,7.906641960144043,16.157081604003906,9.84041690826416,6.11288595199585,-3.7275309562683105,13.00737476348877,5.402411937713623,55.592445373535156,19.071144104003906,0.34305280447006226,-0.09956679493188858,9.689990997314453,0.20000000298023224,1.0
1008,230.0,230.0,230.0,True,True,0,stable_correct,14.011850357055664,19.86476707458496,14.851300239562988,13.006678581237793,-1.8446216583251953,21.155405044555664,4.430688858032227,115.59430694580078,27.896574020385742,0.24133172631263733,-0.22348394989967346,21.58258628845215,0.20000000298023224,1.0,9.209541320800781,18.194290161132812,12.267245292663574,6.933040618896484,-5.33420467376709,14.772849082946777,6.092177867889404,63.26091766357422,22.856979370117188,0.3613128066062927,-0.2088880091905594,12.14422607421875,0.20000000298023224,1.0
1009,1875.0,1687.0,1125.0,False,False,0,stable_wrong,10.544898986816406,17.48208236694336,14.064715385437012,8.03909683227539,-6.025618553161621,17.27910041809082,5.027093887329102,74.5028076171875,22.125308990478516,0.2969728112220764,-0.1931212693452835,13.312071800231934,0.0,1.0,7.57989501953125,15.843016624450684,9.594521522521973,6.499006748199463,-3.0955147743225098,12.32267951965332,5.061216831207275,51.85112762451172,20.631872177124023,0.39790594577789307,-0.19991318881511688,9.840764045715332,0.20000000298023224,1.0
1010,5.0,5.0,5.0,True,True,0,stable_correct,12.028635025024414,19.863117218017578,15.478928565979004,9.699543952941895,-5.779384613037109,19.160457611083984,5.49406099319458,91.86975860595703,26.340946197509766,0.28672054409980774,-0.20563414692878723,16.70992088317871,0.20000000298023224,1.0,9.558099746704102,17.102235794067383,12.262455940246582,7.694150447845459,-4.568305492401123,15.691658973693848,4.6660637855529785,70.89641571044922,21.062517166137695,0.2970885932445526,-0.29403409361839294,11.953543663024902,0.4000000059604645,1.0
1011,6000.0,10250.0,7500.0,False,False,0,stable_wrong,12.286827087402344,16.851179122924805,14.005898475646973,11.288811683654785,-2.7170867919921875,19.203306198120117,4.124121189117432,87.4150390625,23.431673049926758,0.26805081963539124,-0.09260078519582748,17.4415225982666,0.20000000298023224,1.0,8.85803508758545,17.849449157714844,10.895276069641113,7.894406795501709,-3.0008692741394043,14.390713691711426,6.267487049102783,49.888694763183594,22.738237380981445,0.45577937364578247,0.15604184567928314,10.659721374511719,0.20000000298023224,1.0
1012,94.0,47.8,62.0,False,False,0,stable_wrong,11.555663108825684,17.639345169067383,13.961433410644531,9.510603904724121,-4.45082950592041,18.881637573242188,4.432191371917725,80.65738677978516,20.452495574951172,0.2535724937915802,-0.01148462574928999,14.552974700927734,0.20000000298023224,1.0,6.403483867645264,15.272870063781738,8.066859245300293,4.891520023345947,-3.1753392219543457,10.566868782043457,5.660358428955078,43.75968551635742,18.866899490356445,0.431147962808609,-0.12715184688568115,7.907211780548096,0.6000000238418579,1.0
1013,2.0,5.0,2.0,False,True,1,recovered,13.187067985534668,21.665830612182617,16.28120994567871,10.616195678710938,-5.665014266967773,20.874603271484375,5.4831929206848145,102.65882110595703,28.866653442382812,0.2811901867389679,-0.1415257304906845,18.67244529724121,0.4000000059604645,1.0,10.187606811523438,19.748327255249023,13.770706176757812,7.250880718231201,-6.519825458526611,17.092744827270508,5.964672565460205,78.95858001708984,23.337404251098633,0.2955651581287384,-0.42064961791038513,12.050675392150879,0.4000000059604645,1.0
1014,3.0,10.0,1.0,False,False,0,stable_wrong,11.751867294311523,14.71229362487793,13.868789672851562,10.312018394470215,-3.5567712783813477,18.314125061035156,4.0543107986450195,78.34574890136719,20.292531967163086,0.2590125501155853,-0.03329937160015106,16.012964248657227,0.20000000298023224,1.0,9.355842590332031,16.809663772583008,11.44564151763916,8.545495986938477,-2.9001455307006836,15.142301559448242,5.144031524658203,57.09662628173828,22.442441940307617,0.39306074380874634,0.08007191121578217,11.788932800292969,0.20000000298023224,1.0
1015,78.0,78.0,78.0,True,True,0,stable_correct,13.390701293945312,18.749408721923828,15.714591979980469,11.202275276184082,-4.512316703796387,21.161479949951172,4.343592166900635,105.93476867675781,22.67608070373535,0.21405701339244843,-0.20545940101146698,18.691598892211914,0.6000000238418579,1.0,10.035646438598633,17.004365921020508,12.798672676086426,7.703927993774414,-5.094744682312012,15.876838684082031,5.627730846405029,73.15245056152344,20.315961837768555,0.2777208685874939,-0.18149784207344055,13.528573036193848,0.4000000059604645,1.0
1016,138.0,138.0,140.0,True,False,-1,regressed,11.81755256652832,16.233516693115234,13.35458755493164,10.748066902160645,-2.606520652770996,19.069921493530273,3.440323829650879,90.050048828125,21.263336181640625,0.23612798750400543,-0.19688507914543152,15.453887939453125,0.4000000059604645,1.0,9.365208625793457,18.988901138305664,12.333976745605469,6.547721862792969,-5.7862548828125,15.270669937133789,6.42323112487793,76.79841613769531,23.3415584564209,0.3039328157901764,-0.6349462270736694,11.750443458557129,0.4000000059604645,1.0
1017,45.0,45.0,45.0,True,True,0,stable_correct,13.633634567260742,21.694162368774414,16.29584312438965,11.706265449523926,-4.589577674865723,21.115299224853516,5.200984001159668,106.47911834716797,29.313371658325195,0.2752968966960907,-0.12957307696342468,20.16836166381836,0.20000000298023224,1.0,8.54417610168457,18.77851676940918,10.698988914489746,6.647228717803955,-4.051760196685791,14.192691802978516,6.416291236877441,64.17437744140625,22.997264862060547,0.35835587978363037,-0.18102392554283142,10.249491691589355,0.4000000059604645,1.0
1018,60.0,60.0,60.0,True,True,0,stable_correct,12.480362892150879,17.750913619995117,14.806251525878906,10.15592098236084,-4.650330543518066,19.830623626708984,3.888359546661377,95.4067153930664,25.471336364746094,0.26697635650634766,-0.12808501720428467,17.037330627441406,0.20000000298023224,1.0,8.200477600097656,18.710323333740234,10.57125186920166,6.219818592071533,-4.351433277130127,13.356816291809082,6.9868083000183105,54.24576187133789,21.047277450561523,0.3879985511302948,0.11308355629444122,11.138876914978027,0.20000000298023224,1.0
1019,98.0,62.0,86.0,False,False,0,stable_wrong,11.658431053161621,16.44879150390625,14.06726360321045,9.881887435913086,-4.185376167297363,19.04705047607422,4.205857753753662,87.04644012451172,21.23060417175293,0.24389974772930145,-0.06512464582920074,14.73337173461914,0.6000000238418579,1.0,9.272417068481445,15.291927337646484,10.880200386047363,8.342583656311035,-2.537616729736328,15.134273529052734,4.762260437011719,69.5108413696289,18.97365951538086,0.27295970916748047,-0.21244728565216064,11.907122611999512,0.20000000298023224,1.0
1020,22.0,22.0,22.0,True,True,0,stable_correct,11.46347713470459,21.252344131469727,13.833527565002441,9.860763549804688,-3.972764015197754,17.5511474609375,6.514331817626953,83.84403228759766,28.283184051513672,0.3373309075832367,-0.06116940826177597,17.757734298706055,0.4000000059604645,1.0,8.12377643585205,17.5816593170166,11.482552528381348,5.5064873695373535,-5.976065158843994,13.245506286621094,6.840983867645264,52.50970458984375,20.838253021240234,0.3968457579612732,-0.14670908451080322,9.662731170654297,0.4000000059604645,1.0
1021,36.0,33.0,27.0,False,False,0,stable_wrong,11.283492088317871,16.31581687927246,14.099834442138672,8.959624290466309,-5.140210151672363,18.0446720123291,4.7778472900390625,75.20265197753906,19.430028915405273,0.25836893916130066,0.02003016509115696,14.562931060791016,0.0,1.0,9.670219421386719,17.855926513671875,11.249140739440918,8.503860473632812,-2.7452802658081055,15.46407413482666,5.200488567352295,68.41815948486328,23.029571533203125,0.33660027384757996,-0.08982714265584946,12.894084930419922,0.6000000238418579,1.0
1022,12.0,10.0,10.0,False,False,0,stable_wrong,9.686989784240723,15.653570175170898,12.893202781677246,6.591048717498779,-6.302154064178467,16.05655288696289,4.9527058601379395,63.976417541503906,18.331684112548828,0.28653815388679504,0.15021884441375732,11.580146789550781,0.0,1.0,8.001791000366211,18.560199737548828,10.10970401763916,6.485998630523682,-3.6237053871154785,13.091938972473145,7.103633880615234,47.711753845214844,21.448383331298828,0.4495408833026886,0.06706119328737259,9.868216514587402,0.20000000298023224,1.0
1023,77.0,77.0,77.0,True,True,0,stable_correct,14.147239685058594,20.733335494995117,15.904398918151855,11.473021507263184,-4.431377410888672,22.497661590576172,5.301268100738525,113.63572692871094,29.278432846069336,0.2576516568660736,-0.13467125594615936,19.075666427612305,0.20000000298023224,1.0,9.554581642150879,22.87700080871582,13.489277839660645,6.680619716644287,-6.808658123016357,15.698348045349121,8.644828796386719,59.770721435546875,27.964658737182617,0.4678654968738556,-0.2590436637401581,10.975186347961426,0.20000000298023224,1.0
1024,300.0,300.0,300.0,True,True,0,stable_correct,15.168874740600586,19.03957748413086,16.932165145874023,13.3042573928833,-3.6279077529907227,23.206594467163086,4.201590538024902,108.47710418701172,26.33466148376465,0.24276700615882874,-0.05473452806472778,22.4498233795166,0.20000000298023224,1.0,10.868693351745605,19.570470809936523,13.364830017089844,8.546984672546387,-4.817845344543457,17.994895935058594,4.911625862121582,88.9781494140625,24.7655029296875,0.2783324122428894,-0.4436781406402588,13.444404602050781,0.20000000298023224,1.0
1025,30.0,30.0,30.0,True,True,0,stable_correct,12.392836570739746,19.078998565673828,14.821629524230957,9.656943321228027,-5.16468620300293,20.041229248046875,5.077600002288818,84.84931945800781,24.23642921447754,0.28564080595970154,0.10042464733123779,15.88471508026123,0.20000000298023224,1.0,7.617833614349365,18.401775360107422,10.856255531311035,4.553365230560303,-6.302890300750732,12.55576229095459,7.489535331726074,46.87705993652344,19.24398422241211,0.4105202853679657,0.39181095361709595,9.65162181854248,0.20000000298023224,1.0
1026,43200.0,7200.0,21600.0,False,False,0,stable_wrong,12.38591194152832,17.520666122436523,15.399807929992676,10.037154197692871,-5.362653732299805,20.037954330444336,4.997079372406006,83.66595458984375,22.762243270874023,0.27206099033355713,-0.1333891898393631,15.304744720458984,0.0,1.0,10.410650253295898,19.000558853149414,13.176502227783203,8.164006233215332,-5.012495994567871,17.106468200683594,5.531599044799805,74.41828155517578,23.78186798095703,0.31957024335861206,-0.15007735788822174,12.948365211486816,0.20000000298023224,1.0
1027,12.0,12.0,12.0,True,True,0,stable_correct,10.255895614624023,14.610163688659668,12.21359920501709,8.074114799499512,-4.139484405517578,16.343830108642578,3.7064714431762695,75.06999206542969,19.631011962890625,0.26150277256965637,0.056130193173885345,13.716338157653809,0.20000000298023224,1.0,7.883327484130859,17.89433479309082,10.140908241271973,6.281224727630615,-3.8596835136413574,12.673476219177246,6.660894870758057,46.00090408325195,21.848621368408203,0.47496068477630615,0.23168626427650452,10.319476127624512,0.20000000298023224,1.0
1028,200.0,200.0,200.0,True,True,0,stable_correct,12.629560470581055,17.65780258178711,14.975089073181152,9.845272064208984,-5.129817008972168,20.866973876953125,4.726966857910156,94.838134765625,22.63766098022461,0.2386978715658188,-0.045079514384269714,15.72516918182373,0.4000000059604645,1.0,7.323478698730469,16.136947631835938,10.38733196258545,4.63231086730957,-5.755021095275879,12.13403034210205,5.954071521759033,47.19411849975586,17.754858016967773,0.3762091100215912,0.25541895627975464,9.153992652893066,0.20000000298023224,1.0
1029,34.0,37.0,44.0,False,False,0,stable_wrong,12.502883911132812,17.414342880249023,13.990878105163574,11.623207092285156,-2.367671012878418,18.353010177612305,4.262030601501465,86.6855239868164,24.513784408569336,0.28278982639312744,-0.1196468323469162,20.753238677978516,0.4000000059604645,1.0,10.022993087768555,20.124601364135742,12.304852485656738,7.789053440093994,-4.515799045562744,16.23496437072754,6.653509616851807,69.02879333496094,25.2904052734375,0.3663747310638428,-0.19811561703681946,12.664222717285156,0.20000000298023224,1.0
1030,24.0,20.0,20.0,False,False,0,stable_wrong,10.038331031799316,18.247947692871094,13.087372779846191,7.954678058624268,-5.132694721221924,15.713985443115234,5.587516784667969,59.47848892211914,25.622867584228516,0.4307921826839447,0.22136178612709045,13.680144309997559,0.0,1.0,6.917201995849609,19.17669677734375,9.567591667175293,4.783975124359131,-4.783616542816162,11.359106063842773,8.298086166381836,37.31376647949219,23.11320686340332,0.6194283962249756,0.3099859654903412,7.335233688354492,0.20000000298023224,1.0
1031,5.0,6.0,6.0,False,False,0,stable_wrong,13.82801628112793,18.728435516357422,14.877245903015137,12.907989501953125,-1.9692564010620117,21.56015396118164,3.9763152599334717,117.63867950439453,27.374961853027344,0.23270374536514282,-0.23374934494495392,19.619897842407227,0.4000000059604645,1.0,9.370450019836426,18.98211669921875,12.244967460632324,6.741481781005859,-5.503485679626465,15.435376167297363,6.228459358215332,64.92533111572266,22.051733016967773,0.3396475911140442,0.05093001201748848,11.669303894042969,0.4000000059604645,1.0
1032,450.0,50.0,50.0,False,False,0,stable_wrong,11.3075532913208,17.468904495239258,13.984959602355957,7.944093227386475,-6.040866374969482,18.891429901123047,5.969196796417236,75.3896713256836,19.067293167114258,0.25291651487350464,0.2267053872346878,13.658734321594238,0.20000000298023224,1.0,7.6437087059021,17.242734909057617,11.202625274658203,4.883690357208252,-6.318934917449951,12.67090129852295,6.881402015686035,46.046749114990234,18.948776245117188,0.41151171922683716,0.2931588590145111,8.936125755310059,0.20000000298023224,1.0
1033,2.0,2.57,2.5,False,False,0,stable_wrong,12.779731750488281,15.914678573608398,14.406306266784668,11.864304542541504,-2.542001724243164,19.542749404907227,3.84989857673645,89.1173324584961,23.93327522277832,0.26855915784835815,-0.04629204049706459,18.853193283081055,0.20000000298023224,1.0,8.02055549621582,15.79918098449707,10.842422485351562,5.91349458694458,-4.928927898406982,13.352954864501953,5.12063455581665,57.15022659301758,18.651885986328125,0.3263659179210663,-0.22667264938354492,9.658705711364746,0.4000000059604645,1.0
1034,66.0,66.0,66.0,True,True,0,stable_correct,14.147497177124023,19.82965850830078,15.718425750732422,13.229174613952637,-2.489251136779785,21.037845611572266,4.300292015075684,118.5052261352539,29.61884117126465,0.2499369978904724,-0.2532806992530823,22.870004653930664,0.6000000238418579,1.0,8.215835571289062,17.744558334350586,11.480682373046875,5.113081932067871,-6.367600440979004,13.873226165771484,6.258145332336426,58.18995666503906,20.880924224853516,0.3588407039642334,-0.2943940758705139,9.218681335449219,0.20000000298023224,1.0
1035,35.0,40.0,40.0,False,False,0,stable_wrong,13.582810401916504,19.630661010742188,16.916711807250977,10.136645317077637,-6.78006649017334,22.293066024780273,6.5095109939575195,91.40162658691406,19.79157829284668,0.21653419733047485,0.19516685605049133,16.772974014282227,0.4000000059604645,1.0,8.41648006439209,19.558469772338867,11.380951881408691,5.735857009887695,-5.645094871520996,13.78842830657959,8.00752067565918,52.12939453125,20.785181045532227,0.3987228572368622,0.1315707415342331,10.084080696105957,0.20000000298023224,1.0
1036,10.0,10.0,10.0,True,True,0,stable_correct,14.546913146972656,20.927953720092773,17.81389808654785,11.384522438049316,-6.429375648498535,23.404449462890625,8.457582473754883,87.41645050048828,21.263280868530273,0.24324117600917816,0.29489365220069885,17.905914306640625,0.4000000059604645,1.0,7.342494487762451,17.260221481323242,11.114405632019043,4.39968204498291,-6.714723587036133,12.264420509338379,7.118772029876709,44.5662727355957,18.46352767944336,0.41429373621940613,0.25052422285079956,8.456236839294434,0.20000000298023224,1.0
1037,10.0,10.0,10.0,True,True,0,stable_correct,15.810868263244629,19.542985916137695,17.487499237060547,14.401774406433105,-3.0857248306274414,24.33342170715332,4.073085308074951,111.89714050292969,28.895002365112305,0.25822824239730835,-0.14127160608768463,22.751144409179688,0.4000000059604645,1.0,9.683304786682129,18.98535919189453,13.458202362060547,6.590539455413818,-6.8676629066467285,15.680806159973145,6.848607063293457,65.2388687133789,24.339773178100586,0.37308698892593384,-0.12085175514221191,11.554798126220703,0.20000000298023224,1.0
1038,4.0,4.0,5.33,True,False,-1,regressed,9.012898445129395,14.797974586486816,10.359040260314941,7.838161468505859,-2.520878791809082,14.70153522491455,3.773674249649048,67.9814682006836,18.40299415588379,0.27070602774620056,-0.005224528722465038,11.470471382141113,0.4000000059604645,1.0,7.333693981170654,17.609886169433594,9.594080924987793,5.709543228149414,-3.884537696838379,12.103622436523438,6.820127487182617,43.776695251464844,21.028213500976562,0.4803517758846283,0.12840202450752258,8.740189552307129,0.20000000298023224,1.0
1039,160.0,96.0,400.0,False,False,0,stable_wrong,11.696134567260742,16.458559036254883,14.29833984375,9.010714530944824,-5.287625312805176,19.045547485351562,4.695581436157227,76.95525360107422,20.052167892456055,0.26056918501853943,0.13500387966632843,14.440289497375488,0.20000000298023224,1.0,8.312888145446777,17.59467887878418,9.636372566223145,7.735997676849365,-1.9003748893737793,13.303376197814941,5.983009338378906,51.12207794189453,23.13922882080078,0.45262691378593445,0.11186733096837997,11.35342788696289,0.4000000059604645,1.0
1040,736.0,637.0,708.0,False,False,0,stable_wrong,11.820582389831543,17.93317222595215,14.896121978759766,9.302492141723633,-5.593629837036133,19.25641632080078,4.1677045822143555,90.88174438476562,23.82907485961914,0.26219868659973145,-0.1603374183177948,15.37658977508545,0.20000000298023224,1.0,9.086562156677246,19.704164505004883,11.600696563720703,7.239049911499023,-4.36164665222168,15.076044082641602,6.687612533569336,64.81331634521484,23.23120880126953,0.3584326505661011,-0.16555923223495483,11.20226764678955,0.20000000298023224,1.0
1041,101.0,101.0,101.0,True,True,0,stable_correct,13.986795425415039,20.328630447387695,14.95221996307373,13.115036964416504,-1.8371829986572266,20.90180206298828,4.713001728057861,114.80958557128906,29.049692153930664,0.25302496552467346,-0.2562060058116913,22.466157913208008,0.4000000059604645,1.0,10.249390602111816,19.65077018737793,13.061173439025879,7.68162202835083,-5.379551410675049,16.578161239624023,6.183272361755371,70.25408935546875,24.393415451049805,0.34721702337265015,-0.2466273009777069,13.015609741210938,0.20000000298023224,1.0
1042,3.0,8.75,10.5,False,False,0,stable_wrong,13.158663749694824,19.421783447265625,16.878328323364258,10.201351165771484,-6.676977157592773,21.148841857910156,4.944494724273682,93.39373016357422,25.93189811706543,0.27766209840774536,-0.05823557823896408,17.31191062927246,0.0,1.0,9.128876686096191,17.87419319152832,10.770087242126465,7.673477649688721,-3.096609592437744,15.046390533447266,5.907848834991455,64.74915313720703,20.637968063354492,0.318737268447876,0.06705073267221451,11.40845012664795,0.4000000059604645,1.0
1043,130000.0,130000.0,130000.0,True,True,0,stable_correct,14.725127220153809,18.87395477294922,15.422905921936035,13.097152709960938,-2.3257532119750977,23.383243560791016,6.799825191497803,104.42762756347656,22.668672561645508,0.2170754373073578,0.16410554945468903,18.655305862426758,0.6000000238418579,1.0,6.9706196784973145,16.721891403198242,10.240538597106934,4.097159385681152,-6.143379211425781,11.958427429199219,6.73520565032959,49.49109649658203,18.165842056274414,0.36705273389816284,0.08965209126472473,8.33735466003418,0.20000000298023224,1.0
1044,1.0,2.0,1.0,False,True,1,recovered,11.140175819396973,18.72869873046875,13.524150848388672,9.75796890258789,-3.7661819458007812,16.9273681640625,5.297516345977783,76.24517822265625,25.52789306640625,0.3348132073879242,-0.022195305675268173,17.421371459960938,0.20000000298023224,1.0,7.799025058746338,17.659698486328125,9.99976634979248,6.349628448486328,-3.6501379013061523,12.292452812194824,6.698829650878906,45.685401916503906,21.075695037841797,0.4613223075866699,0.21410436928272247,10.783953666687012,0.20000000298023224,1.0
1045,420.0,320.0,440.0,False,False,0,stable_wrong,10.388856887817383,23.494234085083008,13.56064510345459,8.668766975402832,-4.891878128051758,16.148733139038086,9.731740951538086,45.27324676513672,31.82793426513672,0.7030186057090759,0.6151347160339355,12.172035217285156,0.0,1.0,5.088073253631592,14.434194564819336,6.989070892333984,3.8351213932037354,-3.153949499130249,8.302305221557617,6.189219951629639,30.525720596313477,17.58441925048828,0.5760525465011597,0.22277474403381348,6.037691593170166,0.4000000059604645,1.0
1046,189.0,15.75,15.0,False,False,0,stable_wrong,10.432435035705566,17.53347396850586,12.698600769042969,7.6606011390686035,-5.037999629974365,17.07472801208496,4.4206390380859375,80.05374145507812,23.43584442138672,0.29275140166282654,-0.0885562151670456,13.245144844055176,0.20000000298023224,1.0,7.386455059051514,19.498748779296875,9.3539400100708,5.770866870880127,-3.583073139190674,12.50291633605957,7.874629020690918,47.951663970947266,22.12007713317871,0.46129947900772095,0.10273013263940811,8.590824127197266,0.6000000238418579,1.0
1047,10.0,8.0,7.0,False,False,0,stable_wrong,7.981057167053223,16.112266540527344,9.989916801452637,6.9204840660095215,-3.0694327354431152,11.982439994812012,5.6051344871521,43.07448959350586,24.306636810302734,0.5642930865287781,0.32435205578804016,12.500957489013672,0.0,1.0,5.828742980957031,17.397750854492188,8.121275901794434,4.193460941314697,-3.9278149604797363,9.571425437927246,7.749173641204834,32.884674072265625,20.618778228759766,0.6270026564598083,0.2290613353252411,6.391459941864014,0.20000000298023224,1.0
1048,7400.0,11400.0,14000.0,False,False,0,stable_wrong,11.08012580871582,17.68293571472168,13.637954711914062,8.68272876739502,-4.955225944519043,18.23126220703125,4.735659122467041,75.17787170410156,22.463911056518555,0.2988101541996002,0.004392600152641535,13.43114948272705,0.20000000298023224,1.0,8.398053169250488,20.27651023864746,10.89577865600586,5.9127984046936035,-4.982980251312256,14.164017677307129,7.55774450302124,58.72935485839844,23.13370132446289,0.39390355348587036,-0.21474876999855042,9.848699569702148,0.4000000059604645,1.0
1049,20.0,20.0,20.0,True,True,0,stable_correct,14.266352653503418,20.05424690246582,17.451705932617188,12.0985107421875,-5.3531951904296875,22.589256286621094,4.689538955688477,106.94983673095703,25.90276527404785,0.24219545722007751,-0.18738988041877747,19.518720626831055,0.4000000059604645,1.0,9.3729887008667,19.572694778442383,13.013468742370605,6.332255840301514,-6.681212902069092,15.40710163116455,7.0810675621032715,62.40978240966797,23.454710006713867,0.37581783533096313,-0.1091470867395401,11.16833782196045,0.20000000298023224,1.0
1050,655.0,775.0,775.0,False,False,0,stable_wrong,10.426012992858887,16.680830001831055,12.184611320495605,7.420215606689453,-4.764395713806152,16.72899055480957,4.682252883911133,82.11711883544922,24.349864959716797,0.2965260446071625,-0.0532367117702961,14.07641887664795,0.20000000298023224,1.0,7.672626495361328,19.67507553100586,11.352078437805176,4.771569728851318,-6.580508708953857,12.92756462097168,7.834396839141846,50.22852325439453,23.226547241210938,0.46241748332977295,0.04771246388554573,8.906184196472168,0.4000000059604645,1.0
1051,15.0,15.0,15.0,True,True,0,stable_correct,15.239974975585938,20.660268783569336,17.621299743652344,12.96535873413086,-4.655941009521484,24.274452209472656,8.655952453613281,91.96588897705078,20.489187240600586,0.2227911651134491,0.2848224341869354,19.017839431762695,0.6000000238418579,1.0,7.910567283630371,19.837722778320312,11.943764686584473,4.582279682159424,-7.361485004425049,13.333442687988281,8.082003593444824,48.96519470214844,21.653827667236328,0.4422289729118347,0.17854511737823486,8.968056678771973,0.20000000298023224,1.0
1052,110.0,170.0,170.0,False,False,0,stable_wrong,10.742304801940918,17.27499008178711,13.698548316955566,8.52866268157959,-5.169885635375977,17.58365249633789,4.402975082397461,79.17193603515625,22.202301025390625,0.28043144941329956,-0.023715674877166748,13.570813179016113,0.4000000059604645,1.0,8.645365715026855,17.367469787597656,10.722464561462402,7.721236705780029,-3.001227855682373,13.602402687072754,5.847665309906006,57.57565689086914,22.132568359375,0.38440844416618347,-0.05308198928833008,12.311543464660645,0.4000000059604645,1.0
1053,55.0,41.0,55.0,False,True,1,recovered,11.33240795135498,18.7028751373291,15.309040069580078,8.503582954406738,-6.80545711517334,18.241294860839844,6.325716495513916,77.54106140136719,24.505298614501953,0.31602996587753296,0.057843197137117386,14.925719261169434,0.20000000298023224,1.0,9.737687110900879,17.904470443725586,11.824776649475098,8.299569129943848,-3.52520751953125,15.250184059143066,5.788042068481445,63.454898834228516,21.594024658203125,0.3403050899505615,0.05846266821026802,13.622769355773926,0.20000000298023224,1.0
1054,2400.0,2400.0,2400.0,True,True,0,stable_correct,8.79292106628418,16.114795684814453,11.907031059265137,5.419103622436523,-6.487927436828613,14.807425498962402,4.568279266357422,67.25830078125,20.964942932128906,0.31170788407325745,-0.048276446759700775,10.613009452819824,0.4000000059604645,1.0,7.933571815490723,19.146657943725586,11.56045150756836,4.67039155960083,-6.890059947967529,13.46963882446289,7.335748672485352,54.311439514160156,21.604001998901367,0.3977799415588379,-0.03666058927774429,9.090495109558105,0.20000000298023224,1.0
1055,2304.0,2304.0,2304.0,True,True,0,stable_correct,12.924153327941895,18.194791793823242,13.590386390686035,11.258644104003906,-2.331742286682129,20.943328857421875,6.056792736053467,94.18626403808594,19.230167388916016,0.20417167246341705,0.07854834944009781,16.365968704223633,0.4000000059604645,1.0,8.837152481079102,20.223575592041016,11.916678428649902,6.0245842933654785,-5.892094135284424,14.646498680114746,7.552689552307129,60.27785110473633,22.814666748046875,0.37849169969558716,0.08919848501682281,10.824913024902344,0.4000000059604645,1.0
1056,156.0,156.0,156.0,True,True,0,stable_correct,10.708967208862305,15.970210075378418,13.28127384185791,8.800090789794922,-4.481183052062988,17.583703994750977,4.303733825683594,74.47498321533203,19.279178619384766,0.25886785984039307,-0.03778433799743652,13.243124961853027,0.20000000298023224,1.0,7.12882137298584,15.821064949035645,8.465670585632324,6.649080753326416,-1.8165898323059082,11.737532615661621,5.700812816619873,42.625999450683594,19.473506927490234,0.456845760345459,0.17942503094673157,9.001797676086426,0.20000000298023224,1.0
1057,24.0,24.0,24.0,True,True,0,stable_correct,12.721245765686035,17.319700241088867,13.84738826751709,11.12411117553711,-2.7232770919799805,19.121152877807617,3.7619223594665527,95.30868530273438,27.415645599365234,0.28765106201171875,-0.018906425684690475,20.23974609375,0.20000000298023224,1.0,8.150556564331055,16.812650680541992,11.586325645446777,5.026191711425781,-6.560133934020996,13.51143741607666,6.617072105407715,52.27003860473633,18.793407440185547,0.3595445454120636,0.2081584930419922,9.64073657989502,0.20000000298023224,1.0
1058,250.0,250.0,250.0,True,True,0,stable_correct,10.17219066619873,16.649930953979492,11.837642669677734,8.215522766113281,-3.622119903564453,15.754990577697754,4.3417510986328125,77.1003189086914,24.3408145904541,0.3157031536102295,0.020221760496497154,14.82332706451416,0.4000000059604645,1.0,7.240972995758057,15.985739707946777,10.343899726867676,4.825663089752197,-5.5182366371154785,11.658596992492676,6.16792106628418,45.25446701049805,19.698429107666016,0.4352814257144928,-0.10190403461456299,9.012560844421387,0.0,1.0
1059,2.0,2.0,2.0,True,True,0,stable_correct,12.781317710876465,17.314746856689453,14.448010444641113,10.391064643859863,-4.05694580078125,19.877256393432617,4.071944236755371,95.66205596923828,26.133304595947266,0.27318358421325684,0.029791057109832764,18.387582778930664,0.20000000298023224,1.0,8.033440589904785,15.500457763671875,10.306042671203613,5.571874141693115,-4.734168529510498,13.225335121154785,5.25526237487793,57.848358154296875,17.057050704956055,0.2948579788208008,-0.04425835609436035,9.829788208007812,0.4000000059604645,1.0
1060,31.0,28.0,51.0,False,False,0,stable_wrong,11.305463790893555,17.924837112426758,13.369511604309082,9.22774600982666,-4.141765594482422,18.439739227294922,4.458674430847168,81.91767120361328,22.534025192260742,0.2750813663005829,0.028048794716596603,14.322846412658691,0.4000000059604645,1.0,7.376328468322754,17.618915557861328,9.42506217956543,5.755248546600342,-3.669813632965088,11.822647094726562,6.8384199142456055,45.89606475830078,20.878726959228516,0.4549132287502289,0.13558712601661682,9.79843807220459,0.0,1.0
1061,58.0,58.0,53.0,True,False,-1,regressed,15.182310104370117,19.894269943237305,15.704216003417969,14.603306770324707,-1.1009092330932617,22.896324157714844,3.323214530944824,122.9132308959961,30.62985610961914,0.2491990178823471,-0.19362783432006836,23.375930786132812,0.4000000059604645,1.0,9.41178035736084,22.979412078857422,12.811180114746094,7.09832763671875,-5.712852478027344,15.788739204406738,8.578550338745117,65.04337310791016,26.928512573242188,0.41400855779647827,-0.07064652442932129,11.296192169189453,0.4000000059604645,1.0
1062,482.0,522.0,730.0,False,False,0,stable_wrong,10.131448745727539,18.131900787353516,12.756874084472656,7.886417865753174,-4.870456218719482,16.370256423950195,5.175868511199951,66.56941986083984,23.580257415771484,0.35422056913375854,0.06676719337701797,13.023448944091797,0.20000000298023224,1.0,7.640892028808594,15.306047439575195,9.66002368927002,6.24878454208374,-3.4112391471862793,12.35254955291748,5.240289211273193,50.820640563964844,18.31342124938965,0.3603540062904358,0.01283041201531887,10.035096168518066,0.0,1.0
1063,320.0,320.0,320.0,True,True,0,stable_correct,11.725666999816895,16.931556701660156,12.986163139343262,9.158659934997559,-3.827503204345703,18.560771942138672,4.748166561126709,89.45890808105469,24.157819747924805,0.2700437605381012,0.07285787165164948,15.95651912689209,0.20000000298023224,1.0,8.18577766418457,18.757034301757812,11.442790985107422,5.032747745513916,-6.410043239593506,13.535808563232422,7.146682262420654,52.36427688598633,21.86927032470703,0.4176371991634369,0.19864672422409058,9.964743614196777,0.20000000298023224,1.0
1064,247.0,227.0,283.0,False,False,0,stable_wrong,14.25426959991455,19.4189510345459,16.511648178100586,12.160704612731934,-4.350943565368652,21.634052276611328,5.616495132446289,101.39741516113281,26.826858520507812,0.2645714282989502,-0.02252623438835144,21.617441177368164,0.4000000059604645,1.0,9.40428638458252,18.343469619750977,11.908419609069824,7.069882869720459,-4.838536739349365,15.627525329589844,5.765807151794434,61.40068054199219,21.28136444091797,0.34659817814826965,0.050737977027893066,11.361746788024902,0.20000000298023224,1.0
1065,95.0,95.0,45.0,True,False,-1,regressed,12.838640213012695,18.001022338867188,13.3585844039917,12.514472007751465,-0.8441123962402344,18.85213279724121,3.688188314437866,100.85394287109375,28.84389877319336,0.2859967350959778,-0.18909749388694763,21.747404098510742,0.4000000059604645,1.0,7.651852607727051,18.890575408935547,10.249491691589355,5.364856719970703,-4.884634971618652,12.566265106201172,7.413446426391602,49.76054382324219,21.984670639038086,0.4418092966079712,0.212606281042099,9.88300895690918,0.4000000059604645,1.0
1066,14.0,14.0,14.0,True,True,0,stable_correct,12.971776962280273,16.84795379638672,15.386569023132324,10.985260009765625,-4.401309013366699,20.135696411132812,3.896730661392212,92.14781188964844,23.990556716918945,0.2603486180305481,-0.0845496729016304,18.52692985534668,0.20000000298023224,1.0,10.290616989135742,17.222675323486328,12.155308723449707,8.794300079345703,-3.361008644104004,16.615238189697266,4.119012832641602,80.59469604492188,22.92030906677246,0.28438979387283325,-0.35735782980918884,13.515125274658203,0.20000000298023224,1.0
1067,245.0,245.0,245.0,True,True,0,stable_correct,14.272896766662598,18.355091094970703,16.58594512939453,12.7093505859375,-3.8765945434570312,21.967802047729492,4.174598693847656,101.04765319824219,25.47579002380371,0.2521165907382965,-0.061273716390132904,20.723987579345703,0.4000000059604645,1.0,8.582777976989746,17.93653106689453,10.55936336517334,6.186855316162109,-4.3725080490112305,14.0593843460083,6.239959239959717,61.9444580078125,20.833871841430664,0.33633148670196533,-0.0964740738272667,10.953141212463379,0.4000000059604645,1.0
1068,24.0,32.0,20.0,False,False,0,stable_wrong,10.37242603302002,18.58323097229004,12.84432315826416,8.39810848236084,-4.44621467590332,16.316856384277344,5.598554611206055,66.26765441894531,22.49851417541504,0.3395097553730011,0.16722401976585388,14.434136390686035,0.20000000298023224,1.0,6.600162982940674,15.968948364257812,7.902984619140625,5.853153228759766,-2.0498313903808594,10.453899383544922,6.3005757331848145,41.94633865356445,19.216550827026367,0.45812225341796875,0.05574493855237961,9.452262878417969,0.4000000059604645,1.0
1069,300.0,300.0,300.0,True,True,0,stable_correct,12.941986083984375,19.675621032714844,16.64283561706543,9.476035118103027,-7.166800498962402,20.427717208862305,5.37923002243042,100.9578857421875,27.224271774291992,0.26965969800949097,-0.20204205811023712,18.845033645629883,0.0,1.0,9.091978073120117,18.234760284423828,12.345047950744629,6.179119110107422,-6.165928840637207,15.11654281616211,6.045808792114258,64.14627075195312,20.11875343322754,0.31363871693611145,-0.18587829172611237,11.054776191711426,0.0,1.0
1070,18.0,18.0,18.0,True,True,0,stable_correct,8.547591209411621,14.891006469726562,11.249558448791504,5.701894283294678,-5.547664165496826,14.4066162109375,4.164283275604248,61.27770233154297,18.232027053833008,0.2975311875343323,0.019178230315446854,10.086649894714355,0.20000000298023224,1.0,6.791609764099121,15.902914047241211,8.413809776306152,5.772573947906494,-2.641235828399658,11.330286979675293,5.762911796569824,44.3802490234375,19.179378509521484,0.43216022849082947,-0.024185091257095337,8.188881874084473,0.4000000059604645,1.0
1071,251.0,361.0,357.0,False,False,0,stable_wrong,11.727653503417969,20.86060905456543,14.978312492370605,9.05559253692627,-5.922719955444336,18.951126098632812,6.27144193649292,75.71829223632812,26.79094123840332,0.3538239002227783,0.04673060029745102,14.696537017822266,0.20000000298023224,1.0,8.332446098327637,21.007413864135742,10.824688911437988,6.369441509246826,-4.455247402191162,12.879472732543945,9.026079177856445,52.078369140625,23.028886795043945,0.442196786403656,0.1492457389831543,11.998597145080566,0.4000000059604645,1.0
1072,85.0,85.0,85.0,True,True,0,stable_correct,10.597514152526855,17.525941848754883,13.74741268157959,7.711690425872803,-6.035722255706787,17.159465789794922,5.058542251586914,72.03836822509766,21.394256591796875,0.2969841957092285,0.17034974694252014,13.769084930419922,0.0,1.0,8.843274116516113,16.205982208251953,11.04611873626709,7.455740451812744,-3.5903782844543457,14.159438133239746,5.068863868713379,56.1301383972168,21.881107330322266,0.3898281455039978,-0.1131473183631897,11.341636657714844,0.20000000298023224,1.0
1073,21.0,221.0,81.0,False,False,0,stable_wrong,11.610478401184082,18.208253860473633,14.418339729309082,8.934556007385254,-5.483783721923828,18.829559326171875,4.535634994506836,79.36906433105469,23.791688919067383,0.29976022243499756,0.08692493289709091,14.628631591796875,0.4000000059604645,1.0,8.170466423034668,16.152498245239258,10.25571346282959,6.385289669036865,-3.8704237937927246,13.291165351867676,5.280877590179443,56.91252899169922,18.377408981323242,0.3229061961174011,0.009182768873870373,10.689765930175781,0.6000000238418579,1.0
1074,750.0,750.0,750.0,True,True,0,stable_correct,12.6773681640625,20.02364158630371,16.413713455200195,9.192769050598145,-7.220944404602051,20.70872688293457,7.8358941078186035,74.5061264038086,23.434528350830078,0.3145315647125244,0.21699456870555878,14.698050498962402,0.0,1.0,7.223886013031006,17.85441017150879,9.788127899169922,4.705047130584717,-5.083080768585205,11.753912925720215,7.441511631011963,41.69097137451172,19.502241134643555,0.4677809178829193,0.2502492070198059,8.859955787658691,0.20000000298023224,1.0
1075,16.0,10.0,10.0,False,False,0,stable_wrong,12.670134544372559,20.66595458984375,15.989367485046387,10.398526191711426,-5.590841293334961,20.02853012084961,5.848424911499023,84.7743148803711,26.710742950439453,0.3150806128978729,0.05284963920712471,17.395767211914062,0.20000000298023224,1.0,8.284762382507324,19.463953018188477,10.816211700439453,6.882843017578125,-3.933368682861328,13.337488174438477,7.488682746887207,48.80290985107422,24.35268211364746,0.499000608921051,0.1157626286149025,10.63333797454834,0.20000000298023224,1.0
1076,162.0,162.0,162.0,True,True,0,stable_correct,14.627751350402832,18.94610595703125,17.20579719543457,13.529129028320312,-3.676668167114258,21.108022689819336,5.179633140563965,109.47514343261719,29.45216178894043,0.2690305709838867,-0.2611793875694275,25.78021812438965,0.4000000059604645,1.0,10.783729553222656,20.441965103149414,13.832642555236816,8.280842781066895,-5.551799774169922,17.631107330322266,5.916720867156982,73.59207153320312,25.72689437866211,0.3495878577232361,-0.2518428862094879,13.267708778381348,0.20000000298023224,1.0
1077,145.0,80.0,95.0,False,False,0,stable_wrong,10.500389099121094,15.51041030883789,12.621536254882812,8.32333755493164,-4.298198699951172,17.27121353149414,3.6106793880462646,76.15774536132812,19.70567512512207,0.2587481439113617,-0.02337077632546425,13.026055335998535,0.20000000298023224,1.0,8.246625900268555,16.49504852294922,10.89481258392334,6.165866851806641,-4.728945732116699,13.633015632629395,5.533915042877197,55.90279006958008,20.094200134277344,0.35944896936416626,-0.08272525668144226,10.015900611877441,0.0,1.0
1078,8.0,8.0,8.0,True,True,0,stable_correct,15.21155071258545,19.83155632019043,16.594608306884766,13.90164852142334,-2.692959785461426,23.935449600219727,3.3602418899536133,118.01386260986328,27.014375686645508,0.2289084941148758,-0.15478920936584473,21.081575393676758,0.4000000059604645,1.0,8.06751823425293,17.410608291625977,11.615519523620605,4.89805269241333,-6.717466831207275,13.317716598510742,6.459329605102539,56.76047134399414,19.831777572631836,0.34939417243003845,0.06120358780026436,10.3004732131958,0.20000000298023224,1.0
1079,10.0,20.0,10.0,False,True,1,recovered,11.701469421386719,16.711191177368164,13.367297172546387,9.773259162902832,-3.5940380096435547,18.82464027404785,3.216670036315918,92.93225860595703,22.170774459838867,0.2385692000389099,-0.1377628594636917,15.431281089782715,0.20000000298023224,1.0,8.793845176696777,15.862834930419922,11.067437171936035,6.72275972366333,-4.344677448272705,14.401372909545898,4.80822229385376,61.37958526611328,18.06936264038086,0.29438716173171997,-0.08455522358417511,10.85115909576416,0.20000000298023224,1.0
1080,72000.0,3600.0,1200.0,False,False,0,stable_wrong,10.72175407409668,17.99947166442871,12.914909362792969,8.527748107910156,-4.3871612548828125,16.811765670776367,4.6201605796813965,80.55435180664062,26.33235740661621,0.3268893361091614,-0.006124356295913458,15.013354301452637,0.4000000059604645,1.0,6.777287483215332,17.04952049255371,8.848814010620117,5.011124134063721,-3.8376898765563965,11.11428451538086,6.890530109405518,41.511268615722656,18.752761840820312,0.45175111293792725,0.3143518567085266,8.537325859069824,0.4000000059604645,1.0
1081,195.0,195.0,195.0,True,True,0,stable_correct,14.491912841796875,21.90285873413086,18.233617782592773,10.530756950378418,-7.7028608322143555,24.052440643310547,7.873137950897217,94.88150024414062,26.645591735839844,0.2808302044868469,0.0877360850572586,17.32969093322754,0.20000000298023224,1.0,7.8892292976379395,18.239973068237305,11.608887672424316,5.204583644866943,-6.404304027557373,13.131132125854492,7.368216514587402,47.751243591308594,20.533308029174805,0.4300057291984558,0.26633793115615845,9.064438819885254,0.4000000059604645,1.0
1082,2.0,60.0,2.0,False,True,1,recovered,9.319029808044434,16.233041763305664,12.403549194335938,6.491394519805908,-5.912154674530029,15.200715065002441,4.866770267486572,61.80963897705078,21.183448791503906,0.34272080659866333,0.03949540853500366,11.638960838317871,0.0,1.0,7.398470878601074,16.63155746459961,9.781054496765137,4.777247905731201,-5.0038065910339355,12.342887878417969,6.434727668762207,47.51079559326172,18.02301597595215,0.37934568524360657,0.14922086894512177,8.913084983825684,0.20000000298023224,1.0
1083,2.0,8.0,8.0,False,False,0,stable_wrong,10.176118850708008,16.293142318725586,11.697054862976074,8.327378273010254,-3.3696765899658203,16.318410873413086,4.00417423248291,75.39833068847656,22.053293228149414,0.29249048233032227,0.0634036585688591,13.535489082336426,0.20000000298023224,1.0,7.8293986320495605,16.609586715698242,9.899626731872559,5.758311748504639,-4.14131498336792,12.750325202941895,5.605827331542969,54.81597900390625,19.79446029663086,0.3611074984073639,-0.08855286985635757,10.328693389892578,0.20000000298023224,1.0
1084,20.0,20.0,20.0,True,True,0,stable_correct,10.750651359558105,16.48469352722168,11.902798652648926,9.556507110595703,-2.3462915420532227,16.495981216430664,3.680670738220215,86.93547058105469,24.352109909057617,0.28011706471443176,-0.09314487129449844,15.978890419006348,0.4000000059604645,1.0,6.976675510406494,17.8695011138916,9.520622253417969,5.324483871459961,-4.196138381958008,11.314997673034668,7.139739036560059,46.97814178466797,21.76439666748047,0.46328774094581604,-0.1959345042705536,8.90075969696045,0.4000000059604645,1.0
1085,26.0,26.0,26.0,True,True,0,stable_correct,14.987574577331543,22.140247344970703,18.57822608947754,12.170296669006348,-6.407929420471191,23.374919891357422,8.864859580993652,75.87954711914062,29.875131607055664,0.39371785521507263,0.275348424911499,17.59822654724121,0.0,1.0,7.780911922454834,19.68679428100586,10.79742431640625,5.169949054718018,-5.627475261688232,12.966941833496094,7.880231857299805,49.32770538330078,22.511503219604492,0.45636633038520813,0.2510022521018982,9.293095588684082,0.20000000298023224,1.0
1086,131250.0,131250.0,131250.0,True,True,0,stable_correct,10.731361389160156,19.605993270874023,13.294395446777344,9.084587097167969,-4.209808349609375,16.804065704345703,6.404404640197754,57.55057907104492,25.617151260375977,0.4451241195201874,0.2865796685218811,14.114067077636719,0.0,1.0,8.826815605163574,19.434694290161133,11.491931915283203,7.360273361206055,-4.131658554077148,14.376465797424316,7.409942626953125,51.26769256591797,24.260032653808594,0.4732031226158142,0.21475473046302795,10.583870887756348,0.20000000298023224,1.0
1087,12.0,12.0,12.0,True,True,0,stable_correct,11.983330726623535,20.078195571899414,14.053444862365723,10.283614158630371,-3.7698307037353516,18.585737228393555,5.294421195983887,85.90017700195312,27.61461067199707,0.32147327065467834,-0.04585779830813408,17.700586318969727,0.4000000059604645,1.0,7.974449157714844,18.3212947845459,10.795303344726562,4.977912425994873,-5.8173909187316895,13.536319732666016,6.474391937255859,57.16694641113281,21.414838790893555,0.3746017515659332,-0.18054620921611786,9.136651039123535,0.4000000059604645,1.0
1088,30.0,21.25,10.42,False,False,0,stable_wrong,12.649978637695312,18.995624542236328,15.156723022460938,10.348496437072754,-4.808226585388184,19.77418327331543,5.381750583648682,78.5174789428711,25.295259475708008,0.32216086983680725,0.1778397411108017,17.31888771057129,0.20000000298023224,1.0,10.61129093170166,21.20768928527832,13.413472175598145,8.015654563903809,-5.397817611694336,17.757068634033203,6.832835674285889,74.22097778320312,26.136075973510742,0.3521386682987213,-0.12736184895038605,12.54958438873291,0.20000000298023224,1.0
1089,32.0,10.67,32.0,False,True,1,recovered,13.789558410644531,19.405019760131836,16.668325424194336,11.730212211608887,-4.938113212585449,20.95110511779785,6.303318023681641,74.35401916503906,29.841794967651367,0.40134742856025696,0.14207765460014343,18.53148078918457,0.0,1.0,8.31808090209961,15.984114646911621,10.039536476135254,6.956186771392822,-3.0833497047424316,13.613082885742188,5.523417949676514,56.21559143066406,17.740968704223633,0.3155880570411682,0.107993483543396,10.40834903717041,0.6000000238418579,1.0
1090,72.0,70.0,76.0,False,False,0,stable_wrong,11.779582023620605,17.660053253173828,13.224654197692871,9.937633514404297,-3.287020683288574,18.84880828857422,3.8348119258880615,90.8824691772461,25.028535842895508,0.2753945291042328,-0.1295369267463684,15.808714866638184,0.4000000059604645,1.0,8.96487808227539,18.31920623779297,11.050446510314941,7.1180572509765625,-3.932389259338379,14.597432136535645,6.1415581703186035,57.892601013183594,22.302593231201172,0.3852408230304718,0.016475889831781387,11.276505470275879,0.4000000059604645,1.0
1091,1000.0,1000.0,1000.0,True,True,0,stable_correct,14.712173461914062,23.225141525268555,18.511180877685547,11.377900123596191,-7.1332807540893555,22.964431762695312,8.7362642288208,81.38430786132812,31.995214462280273,0.3931373953819275,0.08429338783025742,18.27682113647461,0.0,1.0,7.880129814147949,20.342605590820312,11.786433219909668,4.652073383331299,-7.134359836578369,13.142979621887207,8.584312438964844,48.51417922973633,22.510257720947266,0.4639933705329895,0.16548959910869598,8.998042106628418,0.20000000298023224,1.0
1092,1080.0,1080.0,1080.0,True,True,0,stable_correct,13.383391380310059,19.283035278320312,14.433845520019531,11.805697441101074,-2.628148078918457,20.36227035522461,4.484787940979004,108.17830657958984,29.730838775634766,0.2748318016529083,-0.11580581963062286,20.15400505065918,0.4000000059604645,1.0,7.97340726852417,20.413793563842773,11.4031982421875,5.4458465576171875,-5.9573516845703125,13.139256477355957,8.255986213684082,48.939109802246094,23.94101905822754,0.4892001450061798,0.25569817423820496,9.91973876953125,0.20000000298023224,1.0
1093,144.0,168.0,144.0,False,True,1,recovered,12.522282600402832,18.20857810974121,15.194690704345703,10.425627708435059,-4.7690629959106445,20.124103546142578,4.611821174621582,86.15185546875,24.713491439819336,0.2868596613407135,-0.1331830471754074,15.830558776855469,0.20000000298023224,1.0,11.094901084899902,19.075183868408203,13.059515953063965,10.084288597106934,-2.9752273559570312,18.00402069091797,6.274636745452881,67.01335906982422,24.054502487182617,0.3589508533477783,0.12623275816440582,13.611979484558105,0.20000000298023224,1.0
1094,25.0,33.33,25.0,False,True,1,recovered,8.364981651306152,13.91679859161377,10.585502624511719,6.513460636138916,-4.072041988372803,13.678801536560059,3.8536698818206787,54.60814666748047,17.877897262573242,0.32738515734672546,0.0786265879869461,10.14733600616455,0.0,1.0,7.004066467285156,14.680204391479492,8.586925506591797,6.213608264923096,-2.373317241668701,11.284260749816895,4.842866897583008,43.94689178466797,19.254627227783203,0.43813398480415344,-0.0065479157492518425,9.217452049255371,0.4000000059604645,1.0
1095,270.0,270.0,270.0,True,True,0,stable_correct,12.693685531616211,18.097375869750977,15.360729217529297,10.32123851776123,-5.039490699768066,20.049640655517578,4.209868907928467,89.61499786376953,24.859073638916016,0.27739858627319336,-0.06904520839452744,17.41703987121582,0.0,1.0,7.429829120635986,18.101390838623047,9.873221397399902,5.3013482093811035,-4.571873188018799,12.286542892456055,6.9099202156066895,49.44535446166992,21.40557098388672,0.4329136908054352,-0.022764792665839195,8.953914642333984,0.4000000059604645,1.0
1096,240.0,96.0,144.0,False,False,0,stable_wrong,9.776426315307617,16.230222702026367,12.366602897644043,7.720312118530273,-4.6462907791137695,15.967876434326172,4.71359395980835,62.939064025878906,19.72954559326172,0.31347060203552246,0.13150501251220703,12.028350830078125,0.0,1.0,7.395859718322754,18.189241409301758,9.38770866394043,6.366621017456055,-3.021087646484375,12.409978866577148,6.7846293449401855,52.87688446044922,21.658945083618164,0.4096108376979828,-0.22460933029651642,8.996907234191895,0.4000000059604645,1.0
1097,480.0,480.0,480.0,True,True,0,stable_correct,12.968222618103027,16.563060760498047,14.466544151306152,11.839077949523926,-2.6274662017822266,19.220630645751953,4.267565727233887,91.60880279541016,24.05698585510254,0.26260560750961304,-0.03303099796175957,20.800317764282227,0.20000000298023224,1.0,8.059870719909668,15.932964324951172,10.153244972229004,6.228694915771484,-3.9245500564575195,13.235075950622559,5.437507629394531,55.03700256347656,18.304365158081055,0.33258289098739624,-0.056809522211551666,10.117560386657715,0.4000000059604645,1.0
1098,30.0,30.0,30.0,True,True,0,stable_correct,13.921859741210938,21.08625030517578,16.63668441772461,10.575240135192871,-6.061444282531738,23.13772964477539,7.629916667938232,91.3189697265625,26.802568435668945,0.293504923582077,0.10283906757831573,16.628786087036133,0.4000000059604645,1.0,7.18770694732666,16.68429183959961,10.559903144836426,4.582968711853027,-5.976934432983398,12.110773086547852,6.529260158538818,45.09499740600586,19.00800895690918,0.42151036858558655,0.353292316198349,8.58023738861084,0.20000000298023224,1.0
1099,2.0,2.0,2.0,True,True,0,stable_correct,13.611791610717773,18.80634117126465,14.969463348388672,12.361763954162598,-2.607699394226074,20.59050178527832,3.950564384460449,111.45661926269531,28.132558822631836,0.25240814685821533,-0.24247531592845917,21.040485382080078,0.4000000059604645,1.0,9.657696723937988,18.07137680053711,12.477038383483887,7.7972493171691895,-4.679789066314697,15.557847023010254,5.891760349273682,58.54871368408203,23.249547958374023,0.39709749817848206,-0.10872211307287216,11.9825439453125,0.0,1.0
1100,5.0,2.5,5.0,False,True,1,recovered,12.250517845153809,19.208118438720703,15.531424522399902,9.205655097961426,-6.325769424438477,20.11501121520996,5.1896281242370605,85.69564819335938,23.33649253845215,0.2723183035850525,0.06350641697645187,15.219874382019043,0.20000000298023224,1.0,7.827526569366455,17.674739837646484,9.88099193572998,6.288778305053711,-3.5922136306762695,12.708206176757812,6.400365352630615,52.20214080810547,21.063480377197266,0.40349841117858887,-0.0035043240059167147,10.071093559265137,0.4000000059604645,1.0
1101,16.0,16.0,16.0,True,True,0,stable_correct,13.871577262878418,18.307376861572266,14.131409645080566,13.649371147155762,-0.4820384979248047,20.838237762451172,3.6635050773620605,104.28521728515625,28.374387741088867,0.27208447456359863,-0.10422085225582123,21.893272399902344,0.4000000059604645,1.0,8.834661483764648,19.891191482543945,12.864909172058105,5.54524564743042,-7.3196635246276855,14.67037296295166,7.505661964416504,60.79606628417969,23.167633056640625,0.3810712397098541,0.08256177604198456,10.836609840393066,0.20000000298023224,1.0
1102,113.0,61.0,57.0,False,False,0,stable_wrong,12.559054374694824,17.67772102355957,15.487770080566406,10.476216316223145,-5.011553764343262,20.042617797851562,4.360141277313232,84.69071197509766,23.368154525756836,0.2759234607219696,-0.04947429522871971,16.347530364990234,0.0,1.0,10.975181579589844,17.788740158081055,12.460158348083496,10.57202434539795,-1.8881340026855469,17.160015106201172,5.552577018737793,74.88809204101562,22.844268798828125,0.30504539608955383,-0.13798904418945312,15.462809562683105,0.0,1.0
1103,90.0,90.0,90.0,True,True,0,stable_correct,10.156439781188965,16.256181716918945,12.876197814941406,6.014316082000732,-6.861881732940674,17.092756271362305,5.049195766448975,78.50396728515625,21.45947265625,0.27335527539253235,-0.009200751781463623,12.528106689453125,0.20000000298023224,1.0,9.00639820098877,21.048477172851562,12.978972434997559,5.838784694671631,-7.140187740325928,15.125443458557129,8.21019172668457,58.83838653564453,23.645263671875,0.40186798572540283,0.16829410195350647,10.545907020568848,0.20000000298023224,1.0
1104,24.0,24.0,24.0,True,True,0,stable_correct,12.981215476989746,18.8302001953125,15.027335166931152,9.826905250549316,-5.200429916381836,21.408842086791992,6.5138373374938965,92.30943298339844,22.505237579345703,0.24380214512348175,0.09704490751028061,15.642962455749512,0.20000000298023224,1.0,7.842757225036621,17.45816993713379,11.132580757141113,5.176917552947998,-5.955663204193115,12.685853958129883,7.206240653991699,44.507083892822266,18.513216018676758,0.4159611165523529,0.3143657147884369,9.326534271240234,0.20000000298023224,1.0
1105,40.0,5.0,5.0,False,False,0,stable_wrong,10.498591423034668,15.267128944396973,11.795265197753906,8.393621444702148,-3.401643753051758,17.262502670288086,4.215746879577637,76.87266540527344,19.268381118774414,0.2506532073020935,0.02036302722990513,13.046319007873535,0.20000000298023224,1.0,8.206120491027832,20.00957679748535,10.627720832824707,5.795658588409424,-4.832062244415283,13.348383903503418,8.108000755310059,51.142032623291016,21.349943161010742,0.4174637198448181,0.26088571548461914,10.54836654663086,0.4000000059604645,1.0
1106,5.0,5.0,5.0,True,True,0,stable_correct,14.1442232131958,19.903579711914062,17.174287796020508,11.706153869628906,-5.468133926391602,22.63614273071289,7.599146366119385,79.2948226928711,24.704896926879883,0.31155750155448914,0.2589724659919739,16.952266693115234,0.20000000298023224,1.0,8.102720260620117,20.169252395629883,11.577106475830078,5.376474380493164,-6.200632095336914,13.387457847595215,8.291357040405273,46.75199890136719,22.96316146850586,0.49116963148117065,0.2697714567184448,9.259915351867676,0.20000000298023224,1.0
1107,360.0,240.0,120.0,False,False,0,stable_wrong,12.052961349487305,18.620187759399414,14.805957794189453,8.297935485839844,-6.508022308349609,19.594507217407227,5.5435638427734375,90.36988067626953,26.019350051879883,0.28792059421539307,-0.011928397230803967,15.539261817932129,0.20000000298023224,1.0,8.26111888885498,20.397180557250977,11.316234588623047,5.858395099639893,-5.457839488983154,13.516207695007324,8.028800964355469,48.582008361816406,24.091983795166016,0.4959034025669098,0.29811030626296997,10.266449928283691,0.20000000298023224,1.0
1108,38.0,38.0,38.0,True,True,0,stable_correct,16.405481338500977,22.06633949279785,19.563051223754883,14.136062622070312,-5.42698860168457,25.496898651123047,8.83597183227539,85.58080291748047,29.145753860473633,0.34056416153907776,0.2795120179653168,20.07901954650879,0.0,1.0,7.897616863250732,19.18260955810547,11.674798011779785,4.994992733001709,-6.679805278778076,13.068861961364746,7.811692714691162,48.14971923828125,21.628833770751953,0.4491995871067047,0.3161802291870117,9.418477058410645,0.4000000059604645,1.0
1109,3.0,3.0,3.0,True,True,0,stable_correct,14.208114624023438,19.360397338867188,17.39474105834961,11.400967597961426,-5.993773460388184,22.782480239868164,5.0625739097595215,105.7191162109375,25.115432739257812,0.23756755888462067,-0.11029963195323944,18.719181060791016,0.4000000059604645,1.0,9.719889640808105,17.45659637451172,12.90217113494873,7.1913580894470215,-5.710813045501709,15.850337028503418,5.306787967681885,70.70305633544922,22.62662696838379,0.3200233280658722,-0.2121608704328537,12.173439025878906,0.20000000298023224,1.0
1110,60.0,200.0,175.0,False,False,0,stable_wrong,11.175985336303711,16.982864379882812,14.102619171142578,8.95334529876709,-5.149273872375488,17.74090003967285,4.693252086639404,74.68131256103516,22.577434539794922,0.3023170530796051,0.05581895262002945,15.015987396240234,0.0,1.0,9.422670364379883,19.82012939453125,12.060517311096191,7.584024429321289,-4.476492881774902,15.325965881347656,6.650064945220947,63.33610534667969,25.26409912109375,0.39888936281204224,-0.02475186064839363,11.659802436828613,0.20000000298023224,1.0
1111,157.0,157.0,157.0,True,True,0,stable_correct,14.456023216247559,20.216053009033203,16.977157592773438,11.995765686035156,-4.981391906738281,22.588062286376953,4.896821975708008,108.04875183105469,27.802324295043945,0.2573127746582031,-0.13939732313156128,21.014781951904297,0.20000000298023224,1.0,9.1846284866333,18.9150447845459,11.929709434509277,7.051113605499268,-4.87859582901001,15.148179054260254,6.0538330078125,63.37859344482422,23.316055297851562,0.3678853511810303,-0.27448543906211853,11.204215049743652,0.20000000298023224,1.0
1112,5.0,5.0,5.0,True,True,0,stable_correct,13.637916564941406,18.324892044067383,16.577547073364258,11.202803611755371,-5.374743461608887,21.229711532592773,5.16724157333374,89.64598083496094,26.44766616821289,0.29502344131469727,-0.02648642659187317,18.754438400268555,0.20000000298023224,1.0,9.853455543518066,19.641742706298828,13.864734649658203,6.397881984710693,-7.46685266494751,16.29745864868164,6.877444267272949,64.59160614013672,23.70269203186035,0.3669624328613281,0.03102266788482666,11.727470397949219,0.20000000298023224,1.0
1113,-3.0,7.0,9.0,False,False,0,stable_wrong,9.701276779174805,17.342206954956055,13.10052490234375,6.176903247833252,-6.923621654510498,16.26055908203125,5.37069845199585,63.86143493652344,18.866960525512695,0.29543590545654297,0.17849645018577576,11.4877290725708,0.20000000298023224,1.0,8.312605857849121,19.59450340270996,11.819816589355469,5.234703540802002,-6.585113048553467,13.632118225097656,8.070731163024902,48.41554641723633,20.427989959716797,0.42193037271499634,0.35732540488243103,9.996213912963867,0.20000000298023224,1.0
1114,8.0,8.0,8.0,True,True,0,stable_correct,12.361979484558105,19.740415573120117,14.88133716583252,11.359051704406738,-3.5222854614257812,19.126798629760742,6.265039443969727,74.9085464477539,29.251420974731445,0.3904951214790344,0.030456867069005966,17.530017852783203,0.20000000298023224,1.0,8.520541191101074,16.867626190185547,11.169742584228516,6.729694366455078,-4.4400482177734375,14.238985061645508,5.647778034210205,62.57731246948242,20.226974487304688,0.3232317566871643,-0.25763487815856934,10.133763313293457,0.20000000298023224,1.0
1115,5.0,5.0,5.0,True,True,0,stable_correct,10.183938026428223,14.331815719604492,11.442875862121582,9.603608131408691,-1.8392677307128906,15.343365669250488,3.496006727218628,79.15542602539062,23.09703826904297,0.29179349541664124,-0.08339634537696838,16.3878116607666,0.4000000059604645,1.0,7.433718681335449,16.59646224975586,8.969512939453125,6.433597087860107,-2.5359158515930176,11.98686408996582,5.8545331954956055,45.80525588989258,20.875215530395508,0.4557384252548218,0.1270194947719574,9.909186363220215,0.4000000059604645,1.0
1116,60.0,60.0,60.0,True,True,0,stable_correct,12.750511169433594,20.546985626220703,15.88243579864502,9.149689674377441,-6.732746124267578,21.22161865234375,7.271336078643799,81.41006469726562,22.338293075561523,0.2743922770023346,0.2558584213256836,15.35010051727295,0.20000000298023224,1.0,7.5264363288879395,20.214454650878906,11.427937507629395,4.5504021644592285,-6.877535343170166,12.675897598266602,8.477581977844238,45.844139099121094,23.491302490234375,0.5124167203903198,0.29618722200393677,8.438883781433105,0.4000000059604645,1.0
1117,9.0,9.0,9.0,True,True,0,stable_correct,13.177459716796875,17.140609741210938,15.69776439666748,10.453826904296875,-5.2439374923706055,21.15433692932129,5.933655738830566,81.77021789550781,20.076440811157227,0.2455226480960846,0.20262153446674347,16.45796012878418,0.20000000298023224,1.0,8.023950576782227,19.948091506958008,11.023235321044922,6.0176920890808105,-5.005543231964111,12.798304557800293,7.9559855461120605,51.18364715576172,25.10296630859375,0.4904489517211914,0.31421971321105957,10.721966743469238,0.4000000059604645,1.0
1118,5.0,3.0,5.0,False,True,1,recovered,8.21665096282959,13.609718322753906,10.544495582580566,6.312644958496094,-4.231850624084473,13.26071548461914,3.9431986808776855,52.82065963745117,17.011940002441406,0.32206982374191284,0.08225935697555542,10.458168983459473,0.0,1.0,7.004650115966797,16.436290740966797,8.933187484741211,6.08540153503418,-2.8477859497070312,11.420792579650879,6.171517372131348,41.6307373046875,20.584762573242188,0.49446067214012146,0.07042413204908371,8.959639549255371,0.0,1.0
1119,18.0,18.0,18.0,True,True,0,stable_correct,9.703775405883789,14.093304634094238,11.66175365447998,7.9823737144470215,-3.679379940032959,14.95036506652832,3.36830997467041,71.50933074951172,21.55501365661621,0.3014293909072876,0.03515145182609558,14.39831256866455,0.4000000059604645,1.0,7.634543418884277,16.740463256835938,9.566929817199707,6.36529016494751,-3.2016396522521973,12.563661575317383,5.8263068199157715,48.493492126464844,20.54871940612793,0.42374178767204285,-0.03085906431078911,9.444148063659668,0.4000000059604645,1.0
1120,560.0,560.0,280.0,True,False,-1,regressed,12.69095516204834,18.148405075073242,14.463883399963379,10.332279205322266,-4.131604194641113,20.147653579711914,4.123324394226074,94.15192413330078,25.885910034179688,0.2749376595020294,-0.008237915113568306,17.280733108520508,0.20000000298023224,1.0,8.176470756530762,19.746610641479492,10.760116577148438,5.776905536651611,-4.983211040496826,13.660966873168945,7.803155899047852,52.55586624145508,21.776796340942383,0.41435518860816956,0.1598183661699295,9.996482849121094,0.4000000059604645,1.0
1121,35.0,10.0,35.0,False,True,1,recovered,11.377243041992188,21.032207489013672,15.071396827697754,8.059491157531738,-7.011905670166016,18.148408889770508,7.1261210441589355,66.68354797363281,27.573320388793945,0.41349509358406067,0.21177510917186737,14.267683982849121,0.0,1.0,8.046497344970703,18.437170028686523,11.29897689819336,4.978147029876709,-6.32082986831665,13.415204048156738,7.136475086212158,50.238990783691406,19.57118797302246,0.3895617127418518,0.15675993263721466,9.547585487365723,0.4000000059604645,1.0
1122,18.0,6.0,0.0,False,False,0,stable_wrong,12.385045051574707,18.808809280395508,15.606608390808105,9.51222038269043,-6.094388008117676,19.97870635986328,5.998368740081787,78.36619567871094,23.677204132080078,0.3021354377269745,0.032723501324653625,15.224753379821777,0.0,1.0,11.406123161315918,20.377941131591797,13.719378471374512,9.544380187988281,-4.1749982833862305,18.050018310546875,7.0233964920043945,76.84844970703125,23.746692657470703,0.30900678038597107,0.006989508867263794,15.04868221282959,0.6000000238418579,1.0
1123,105.0,75.0,45.0,False,False,0,stable_wrong,13.151564598083496,18.100811004638672,14.138915061950684,12.141081809997559,-1.997833251953125,19.362037658691406,3.83614182472229,104.58135223388672,28.609981536865234,0.27356675267219543,-0.13752397894859314,21.83771324157715,0.4000000059604645,1.0,8.682168960571289,16.665111541748047,11.6022310256958,6.367689609527588,-5.234541416168213,13.9907808303833,5.979761600494385,53.67152404785156,20.438623428344727,0.3808094561100006,-0.08771897107362747,10.523103713989258,0.20000000298023224,1.0
1124,64.0,32.0,64.0,False,True,1,recovered,12.983688354492188,23.499622344970703,16.460229873657227,9.506853103637695,-6.953376770019531,21.37568473815918,6.3463006019592285,95.98622131347656,30.534555435180664,0.31811395287513733,-0.05584275722503662,16.13237190246582,0.20000000298023224,1.0,8.530250549316406,19.669034957885742,11.851094245910645,5.943624019622803,-5.907470226287842,14.155749320983887,7.122738838195801,61.02836608886719,22.802127838134766,0.37363162636756897,-0.06438172608613968,10.528352737426758,0.20000000298023224,1.0
1125,90.0,90.0,90.0,True,True,0,stable_correct,13.516523361206055,20.0241756439209,15.288803100585938,11.115989685058594,-4.172813415527344,21.63441276550293,4.53844690322876,105.07286834716797,27.34113883972168,0.2602112293243408,-0.09857943654060364,18.00678062438965,0.20000000298023224,1.0,9.30605411529541,15.655366897583008,12.12984561920166,6.600879669189453,-5.528965950012207,14.76145076751709,5.8823652267456055,60.992401123046875,18.001529693603516,0.29514381289482117,-0.012850398197770119,11.331376075744629,0.20000000298023224,1.0
1126,50.0,50.0,50.0,True,True,0,stable_correct,13.472455024719238,18.864707946777344,13.66964340209961,11.4778470993042,-2.19179630279541,21.62547492980957,6.152912139892578,102.0527572631836,22.063756942749023,0.21619951725006104,0.06837833672761917,16.92742156982422,0.20000000298023224,1.0,8.831170082092285,19.50811195373535,12.071293830871582,5.9958930015563965,-6.0754008293151855,14.386985778808594,7.547766208648682,53.62236404418945,21.389535903930664,0.3988920748233795,0.22950348258018494,10.81375503540039,0.20000000298023224,1.0
1127,750.0,750.0,750.0,True,True,0,stable_correct,14.590584754943848,19.231273651123047,15.983908653259277,13.095782279968262,-2.8881263732910156,23.418298721313477,6.33045768737793,114.40308380126953,23.751419067382812,0.20761170983314514,-0.10265491157770157,18.622774124145508,0.4000000059604645,1.0,8.036839485168457,17.956125259399414,11.434908866882324,4.7490315437316895,-6.685877323150635,13.28250503540039,6.994984149932861,51.26304626464844,18.168594360351562,0.35441893339157104,0.3392152190208435,10.338662147521973,0.20000000298023224,1.0
1128,9.0,9.0,9.0,True,True,0,stable_correct,13.282902717590332,18.76127052307129,14.694828033447266,12.588737487792969,-2.106090545654297,20.49301528930664,3.846308469772339,99.4580307006836,27.185853958129883,0.2733399569988251,-0.05137305334210396,19.46257209777832,0.4000000059604645,1.0,8.332746505737305,17.085294723510742,10.810420989990234,5.978908061981201,-4.831512928009033,13.422233581542969,6.17897891998291,57.78193664550781,19.919527053833008,0.3447362184524536,-0.1538991928100586,10.820594787597656,0.20000000298023224,1.0
1129,8.0,20.0,8.0,False,True,1,recovered,10.016070365905762,18.965848922729492,13.664488792419434,6.686511993408203,-6.9779767990112305,16.55531883239746,5.786244869232178,66.11466979980469,23.122392654418945,0.3497316539287567,0.07282616198062897,12.160713195800781,0.0,1.0,6.444019317626953,16.20880889892578,8.509966850280762,4.786500453948975,-3.723466396331787,10.633092880249023,6.36160945892334,40.097660064697266,18.94196891784668,0.4723958671092987,0.03029930591583252,7.767635345458984,0.20000000298023224,1.0
1130,25.0,13.75,12.5,False,False,0,stable_wrong,12.166254043579102,17.786890029907227,14.434914588928223,9.48865032196045,-4.946264266967773,19.795574188232422,3.8362674713134766,92.2017822265625,23.49233627319336,0.2547926604747772,-0.06332041323184967,15.57815933227539,0.20000000298023224,1.0,9.051851272583008,17.95177459716797,10.827668190002441,7.267543792724609,-3.560124397277832,14.988113403320312,5.57554292678833,64.63245391845703,21.422666549682617,0.33145371079444885,-0.16091692447662354,11.142472267150879,0.20000000298023224,1.0
1131,96.0,96.0,96.0,True,True,0,stable_correct,12.682065963745117,19.162384033203125,16.98975944519043,8.984424591064453,-8.005334854125977,20.578323364257812,5.367016792297363,91.77095794677734,25.461368560791016,0.2774447202682495,-0.09151700884103775,16.409826278686523,0.0,1.0,10.064935684204102,18.15275001525879,12.98269271850586,7.757124423980713,-5.2255682945251465,16.482769012451172,5.7709126472473145,77.05033111572266,20.959489822387695,0.27202335000038147,-0.22813229262828827,12.764544486999512,0.4000000059604645,1.0
1132,45000.0,30000.0,45000.0,False,True,1,recovered,10.360241889953613,15.55717658996582,11.985931396484375,8.517167091369629,-3.468764305114746,16.39830207824707,3.5648205280303955,75.09332275390625,21.72650146484375,0.28932666778564453,-0.06100041791796684,14.34105396270752,0.20000000298023224,1.0,8.311447143554688,16.923383712768555,11.149456977844238,5.785550594329834,-5.363906383514404,13.64404010772705,5.819412708282471,63.08125305175781,20.457765579223633,0.3243081569671631,-0.32417333126068115,10.466937065124512,0.4000000059604645,1.0
1133,50.0,120.0,140.0,False,False,0,stable_wrong,9.962141036987305,14.274724960327148,11.91637134552002,8.501051902770996,-3.4153194427490234,16.0428466796875,4.375098705291748,63.77644348144531,16.40616798400879,0.25724494457244873,0.2312302589416504,12.583420753479004,0.20000000298023224,1.0,5.586047649383545,14.805207252502441,7.154870510101318,4.939934253692627,-2.2149362564086914,9.406211853027344,5.923851490020752,34.475860595703125,17.928024291992188,0.5200167298316956,-0.057964034378528595,6.661068439483643,0.20000000298023224,1.0
1134,7.0,7.0,7.0,True,True,0,stable_correct,14.292693138122559,19.847911834716797,15.733416557312012,13.188271522521973,-2.545145034790039,22.342205047607422,4.215713977813721,109.63231658935547,27.361732482910156,0.24957725405693054,-0.14963728189468384,20.360841751098633,0.20000000298023224,1.0,8.45469856262207,17.53643798828125,12.36681079864502,4.980489730834961,-7.386321067810059,14.095634460449219,6.23724365234375,61.495731353759766,19.677688598632812,0.3199846148490906,0.034338317811489105,10.804839134216309,0.20000000298023224,1.0
1135,32.0,32.0,32.0,True,True,0,stable_correct,13.374043464660645,22.179073333740234,16.296588897705078,10.346062660217285,-5.950526237487793,21.221275329589844,5.972832679748535,111.04985809326172,28.722116470336914,0.25864163041114807,-0.21622583270072937,18.51304054260254,0.20000000298023224,1.0,8.367796897888184,16.694934844970703,11.095463752746582,6.247900485992432,-4.84756326675415,13.34348201751709,6.261139869689941,50.5433464050293,19.366615295410156,0.38316842913627625,-0.00928434170782566,10.544778823852539,0.0,1.0
1136,26.0,74.0,46.0,False,False,0,stable_wrong,12.193865776062012,17.502538681030273,14.441032409667969,9.556836128234863,-4.8841962814331055,19.436359405517578,3.736711263656616,97.26818084716797,24.811458587646484,0.25508299469947815,-0.17213204503059387,16.550371170043945,0.20000000298023224,1.0,7.015928745269775,16.339963912963867,9.564964294433594,4.914099216461182,-4.650865077972412,11.490413665771484,6.3154616355896,41.914283752441406,18.68827247619629,0.4458688199520111,0.26774734258651733,8.679314613342285,0.20000000298023224,1.0
1137,68.0,7.0,35.0,False,False,0,stable_wrong,10.902262687683105,16.95728302001953,13.447357177734375,7.781157970428467,-5.666199207305908,17.8933048248291,4.427309036254883,82.37890625,20.79867935180664,0.2524757981300354,0.05618666484951973,13.81006145477295,0.4000000059604645,1.0,7.447856426239014,18.898731231689453,9.858497619628906,5.169500350952148,-4.688997268676758,12.286653518676758,7.721329689025879,45.33619689941406,20.842063903808594,0.4597223699092865,0.21483369171619415,9.310320854187012,0.6000000238418579,1.0
1138,700.0,420.0,140.0,False,False,0,stable_wrong,8.830683708190918,14.670251846313477,10.407320022583008,8.336108207702637,-2.071211814880371,13.657424926757812,4.630498886108398,49.05897903442383,20.990219116210938,0.42785683274269104,0.21714730560779572,12.21822452545166,0.0,1.0,6.161499500274658,15.255653381347656,7.976546764373779,4.8969597816467285,-3.079586982727051,10.127921104431152,5.894895553588867,42.32371520996094,18.24666976928711,0.4311216473579407,-0.12132836878299713,7.799413681030273,0.4000000059604645,1.0
1139,1.0,3.33,0.5,False,False,0,stable_wrong,10.028966903686523,16.0490779876709,11.473090171813965,8.856127738952637,-2.616962432861328,15.82738208770752,3.755575656890869,70.53744506835938,22.14767074584961,0.31398460268974304,0.00842008925974369,13.94082260131836,0.20000000298023224,1.0,9.467170715332031,17.088211059570312,12.1013765335083,7.400238513946533,-4.701138019561768,15.21586799621582,5.197575569152832,66.55551147460938,21.39857292175293,0.32151466608047485,-0.13377030193805695,12.494396209716797,0.4000000059604645,1.0
1140,27.0,15.0,23.0,False,False,0,stable_wrong,9.430367469787598,19.8682804107666,12.671931266784668,6.43443489074707,-6.237496376037598,15.721672058105469,6.561422348022461,61.71142578125,24.405061721801758,0.3954707086086273,0.10415633022785187,11.125068664550781,0.20000000298023224,1.0,7.804036617279053,16.68281364440918,9.505339622497559,6.487514972686768,-3.017824649810791,12.58617115020752,5.9514851570129395,49.09140396118164,20.370668411254883,0.41495388746261597,-0.027670133858919144,10.2704496383667,0.20000000298023224,1.0
1141,20.0,20.0,20.0,True,True,0,stable_correct,14.98383903503418,19.645397186279297,18.44610023498535,12.326775550842285,-6.119324684143066,23.64236068725586,4.796513557434082,110.24649810791016,28.002098083496094,0.2539953589439392,-0.11724009364843369,20.74089241027832,0.0,1.0,10.386109352111816,19.69919204711914,14.444012641906738,6.807862758636475,-7.636149883270264,16.986770629882812,6.997313022613525,72.67594909667969,24.10820960998535,0.3317219913005829,-0.07731423527002335,12.856389045715332,0.20000000298023224,1.0
1142,9.0,9.0,9.0,True,True,0,stable_correct,12.639183044433594,16.451704025268555,13.737011909484863,10.466629981994629,-3.2703819274902344,19.701366424560547,3.808001756668091,100.73131561279297,25.0864200592041,0.24904291331768036,-0.07910121232271194,18.089393615722656,0.20000000298023224,1.0,8.85505199432373,19.02539825439453,12.558708190917969,5.167877674102783,-7.3908305168151855,14.405047416687012,7.7247114181518555,55.397762298583984,20.693710327148438,0.37354776263237,0.22107715904712677,11.071978569030762,0.20000000298023224,1.0
1143,300.0,360.0,360.0,False,False,0,stable_wrong,15.32557201385498,22.58816909790039,18.42708396911621,12.74505615234375,-5.682027816772461,24.223262786865234,8.707316398620605,90.68763732910156,24.616186141967773,0.2714392840862274,0.29890328645706177,19.535240173339844,0.4000000059604645,1.0,8.118943214416504,19.159486770629883,12.041454315185547,4.837341785430908,-7.204112529754639,13.726982116699219,7.680078506469727,50.532920837402344,20.134855270385742,0.39845025539398193,0.2967073917388916,9.46811580657959,0.20000000298023224,1.0
1144,34.0,34.0,30.0,True,False,-1,regressed,13.997579574584961,22.6677188873291,16.74673843383789,11.378189086914062,-5.368549346923828,22.510915756225586,5.300007343292236,112.35710144042969,30.316255569458008,0.26982054114341736,-0.2524210810661316,18.408315658569336,0.4000000059604645,1.0,9.515153884887695,22.17690086364746,12.918532371520996,6.6156158447265625,-6.302916526794434,15.578110694885254,8.541908264160156,60.683589935302734,26.408050537109375,0.43517613410949707,0.12398115545511246,11.617867469787598,0.20000000298023224,1.0
1145,291.0,36.0,42.0,False,False,0,stable_wrong,9.775853157043457,14.956442832946777,12.6931791305542,7.243747234344482,-5.449431896209717,15.807783126831055,4.499332427978516,59.19414138793945,18.39480972290039,0.31075388193130493,0.11305336654186249,11.649337768554688,0.0,1.0,6.530653953552246,15.960515975952148,8.133744239807129,5.716513156890869,-2.4172310829162598,10.813725471496582,6.130951881408691,40.883609771728516,18.98002815246582,0.46424540877342224,0.13536106050014496,8.157195091247559,0.4000000059604645,1.0
1146,16.0,28.0,32.0,False,False,0,stable_wrong,9.997087478637695,18.005252838134766,12.966670989990234,7.31859827041626,-5.648072719573975,16.673677444458008,5.288191795349121,67.29434204101562,20.76010513305664,0.30849704146385193,0.1458693891763687,12.041459083557129,0.0,1.0,8.59909439086914,19.164335250854492,10.021746635437012,7.5928168296813965,-2.4289298057556152,13.696767807006836,7.006917476654053,61.81259536743164,22.352313995361328,0.3616142272949219,-0.11233186721801758,12.213119506835938,0.6000000238418579,1.0
1147,22.0,22.0,7.0,True,False,-1,regressed,11.18696403503418,15.548977851867676,13.371817588806152,9.091669082641602,-4.280148506164551,17.022113800048828,3.7234089374542236,83.27092742919922,23.694522857666016,0.284547358751297,-0.057999275624752045,17.48479652404785,0.20000000298023224,1.0,9.27177906036377,19.049705505371094,11.389339447021484,7.826686859130859,-3.562652587890625,14.892719268798828,6.143123149871826,57.767765045166016,24.07851791381836,0.4168158173561096,-0.077284075319767,12.010111808776855,0.20000000298023224,1.0
1148,9.0,9.0,9.0,True,True,0,stable_correct,15.665244102478027,23.264408111572266,19.891672134399414,12.171680450439453,-7.719991683959961,25.046724319458008,8.992383003234863,87.17511749267578,29.37212371826172,0.3369324207305908,0.2091842144727707,18.356386184692383,0.0,1.0,8.165934562683105,17.50206184387207,11.442253112792969,5.254852771759033,-6.1874003410339355,13.474443435668945,6.967997074127197,50.02911376953125,18.19300079345703,0.36364826560020447,0.25126171112060547,9.665759086608887,0.20000000298023224,1.0
1149,93.0,93.0,93.0,True,True,0,stable_correct,12.068115234375,17.521133422851562,14.747955322265625,8.734397888183594,-6.013557434082031,20.017353057861328,6.010706424713135,78.13330078125,18.904356002807617,0.24195004999637604,0.20522165298461914,14.463958740234375,0.4000000059604645,1.0,7.546374320983887,17.639129638671875,10.278021812438965,4.703405380249023,-5.574616432189941,12.749995231628418,6.88681173324585,45.791114807128906,19.12755012512207,0.41771313548088074,0.2734011709690094,8.768080711364746,0.20000000298023224,1.0
1150,21.0,21.0,21.0,True,True,0,stable_correct,13.730423927307129,20.342164993286133,17.106828689575195,10.316189765930176,-6.7906389236450195,22.28136444091797,7.96928596496582,81.01776885986328,22.031158447265625,0.27192994952201843,0.2850448787212372,16.565523147583008,0.0,1.0,7.494527339935303,18.37439727783203,11.228262901306152,4.515707492828369,-6.712555408477783,12.45875072479248,7.58754825592041,44.86181640625,20.18077850341797,0.4498431086540222,0.44448620080947876,8.822428703308105,0.0,1.0
1151,50.0,36.67,45.83,False,False,0,stable_wrong,12.918015480041504,19.0236759185791,13.876937866210938,11.843429565429688,-2.03350830078125,19.881643295288086,4.570653438568115,111.11578369140625,27.429521560668945,0.24685531854629517,-0.25266629457473755,18.8123722076416,0.4000000059604645,1.0,8.465182304382324,19.823532104492188,10.900479316711426,6.288719654083252,-4.611759662628174,13.834632873535156,7.564113140106201,51.09107208251953,22.925338745117188,0.4487151503562927,0.3526691794395447,10.590811729431152,0.20000000298023224,1.0
1152,12.0,36.0,60.0,False,False,0,stable_wrong,13.183494567871094,19.13381004333496,16.262392044067383,10.929961204528809,-5.332430839538574,19.92367935180664,5.563414573669434,81.66802215576172,28.628475189208984,0.3505469262599945,0.18737471103668213,19.889806747436523,0.0,1.0,5.795680046081543,15.50750732421875,8.088418006896973,4.07370662689209,-4.014711380004883,9.569631576538086,6.395864009857178,33.536407470703125,18.343578338623047,0.5469750761985779,0.3049739897251129,6.655561923980713,0.20000000298023224,1.0
1153,20.0,20.0,20.33,True,False,-1,regressed,12.862838745117188,17.153032302856445,15.434000968933105,10.805866241455078,-4.628134727478027,19.51641845703125,4.602849006652832,85.54052734375,26.612438201904297,0.31110912561416626,0.05662301182746887,19.365861892700195,0.0,1.0,8.931862831115723,18.502994537353516,11.449847221374512,7.238626956939697,-4.2112202644348145,14.394590377807617,6.301403045654297,54.224037170410156,23.220417022705078,0.42823106050491333,0.06540486961603165,11.305638313293457,0.20000000298023224,1.0
1154,30.0,30.0,30.0,True,True,0,stable_correct,13.469742774963379,20.339767456054688,15.032432556152344,12.079974174499512,-2.952458381652832,20.36578369140625,4.544658184051514,109.18132781982422,29.044511795043945,0.26602086424827576,-0.17385318875312805,21.03715705871582,0.4000000059604645,1.0,8.541504859924316,18.421483993530273,11.483821868896484,6.281172275543213,-5.2026495933532715,13.863945960998535,6.597053050994873,53.914546966552734,22.06886863708496,0.4093305170536041,-0.23329956829547882,10.557442665100098,0.20000000298023224,1.0
1155,13.0,13.0,13.0,True,True,0,stable_correct,11.416687965393066,16.475799560546875,11.782692909240723,9.364312171936035,-2.4183807373046875,18.57339096069336,5.651895523071289,86.46305847167969,19.474851608276367,0.22523897886276245,0.06011531874537468,13.859658241271973,0.20000000298023224,1.0,8.899568557739258,20.725000381469727,11.845200538635254,5.595408916473389,-6.249791622161865,14.939764976501465,7.7767791748046875,60.20807647705078,23.63070297241211,0.3924839496612549,0.20703932642936707,10.854268074035645,0.20000000298023224,1.0
1156,120.0,120.0,120.0,True,True,0,stable_correct,11.86740779876709,17.152896881103516,13.43307876586914,10.278915405273438,-3.154163360595703,18.6794376373291,4.437778949737549,72.12568664550781,22.09260368347168,0.30630701780319214,0.19666893780231476,15.729718208312988,0.20000000298023224,1.0,8.422917366027832,16.757394790649414,10.982894897460938,6.4567999839782715,-4.526094913482666,13.766011238098145,5.260233402252197,61.95940017700195,21.051664352416992,0.3397654592990875,-0.2258746325969696,10.88748550415039,0.4000000059604645,1.0
1157,3.0,3.0,2.5,True,False,-1,regressed,12.718526840209961,17.247692108154297,14.422355651855469,10.7516450881958,-3.670710563659668,19.61981773376465,3.5058557987213135,98.544677734375,26.219533920288086,0.2660674750804901,-0.08449782431125641,18.701841354370117,0.20000000298023224,1.0,7.379034519195557,17.564233779907227,10.07491397857666,4.815991401672363,-5.258922576904297,12.241296768188477,6.854024887084961,47.61224365234375,18.99459457397461,0.3989434838294983,0.14502091705799103,9.108588218688965,0.4000000059604645,1.0
1158,7300.0,100.0,16800.0,False,False,0,stable_wrong,9.84471321105957,15.131693840026855,11.810925483703613,7.560037136077881,-4.250888347625732,15.817755699157715,3.499671697616577,76.66996765136719,21.708232879638672,0.2831386625766754,-0.11979293823242188,13.137072563171387,0.4000000059604645,1.0,8.072297096252441,18.545150756835938,9.559595108032227,7.306275844573975,-2.253319263458252,13.421518325805664,6.659957408905029,55.31117630004883,21.878564834594727,0.39555415511131287,0.01782713457942009,10.299315452575684,0.6000000238418579,1.0
1159,50.0,33.33,15.0,False,False,0,stable_wrong,10.692084312438965,18.6124210357666,13.22458267211914,8.50710391998291,-4.7174787521362305,17.53070640563965,5.311568260192871,68.90725708007812,22.234832763671875,0.3226776719093323,0.1596926897764206,13.138877868652344,0.20000000298023224,1.0,6.954220771789551,15.473897933959961,8.352391242980957,5.316203594207764,-3.0361876487731934,11.620172500610352,5.557933807373047,45.80809020996094,18.532981872558594,0.4045788049697876,-0.11011762917041779,8.205992698669434,0.4000000059604645,1.0
1160,1125.0,1132.0,1033.0,False,False,0,stable_wrong,12.098983764648438,17.665552139282227,13.136231422424316,9.848033905029297,-3.2881975173950195,19.128284454345703,5.251876354217529,106.68006134033203,23.736881256103516,0.22250531613826752,-0.20055405795574188,16.131845474243164,0.4000000059604645,1.0,7.1673760414123535,18.311893463134766,9.419425964355469,5.290946960449219,-4.12847900390625,11.936771392822266,7.23457145690918,46.18065643310547,21.34149169921875,0.4621305465698242,0.15006670355796814,8.500208854675293,0.6000000238418579,1.0
1161,170.0,260.0,260.0,False,False,0,stable_wrong,11.512710571289062,16.759906768798828,13.344608306884766,10.343382835388184,-3.001225471496582,18.071651458740234,4.2124505043029785,77.16786193847656,22.7702693939209,0.2950745224952698,-0.1011831983923912,15.593470573425293,0.20000000298023224,1.0,8.870336532592773,17.28693389892578,11.421984672546387,6.995110988616943,-4.426873683929443,14.179434776306152,5.3319926261901855,68.94091796875,22.973373413085938,0.3332327604293823,-0.307168185710907,11.869300842285156,0.4000000059604645,1.0
1162,3.0,3.0,3.0,True,True,0,stable_correct,13.664267539978027,22.56547737121582,17.731595993041992,9.68498420715332,-8.046611785888672,22.066041946411133,8.578474998474121,76.24607849121094,26.035913467407227,0.34147217869758606,0.34157150983810425,16.332475662231445,0.0,1.0,8.006964683532715,19.609222412109375,11.773900032043457,5.13119649887085,-6.642703533172607,13.29664421081543,7.984614372253418,46.65399932861328,21.91082763671875,0.4696452021598816,0.37600237131118774,9.305537223815918,0.20000000298023224,1.0
1163,12.0,12.0,12.0,True,True,0,stable_correct,13.263578414916992,18.83932876586914,14.795329093933105,10.54684066772461,-4.248488426208496,21.5921573638916,6.428144454956055,94.2776107788086,21.854639053344727,0.2318115532398224,0.12604212760925293,16.27042579650879,0.4000000059604645,1.0,6.974051475524902,17.29765510559082,10.575288772583008,4.053654193878174,-6.521634578704834,11.684843063354492,7.1689453125,40.99274444580078,18.594457626342773,0.4536036252975464,0.34756773710250854,7.987349987030029,0.20000000298023224,1.0
1164,9.0,9.0,9.0,True,True,0,stable_correct,15.520939826965332,19.486719131469727,16.97511100769043,13.749763488769531,-3.2253475189208984,24.05323028564453,3.365455150604248,116.67326354980469,25.271501541137695,0.21660062670707703,-0.18306438624858856,22.517377853393555,0.4000000059604645,1.0,12.167176246643066,19.938243865966797,14.3406343460083,9.735494613647461,-4.60513973236084,19.588008880615234,5.334713459014893,83.80150604248047,25.897680282592773,0.309035986661911,-0.20846371352672577,15.325106620788574,0.20000000298023224,1.0
1165,1248.0,384.0,912.0,False,False,0,stable_wrong,10.632932662963867,17.727693557739258,13.164582252502441,9.497574806213379,-3.6670074462890625,16.736648559570312,5.637040138244629,60.466033935546875,24.14446258544922,0.39930620789527893,0.10057301819324493,13.733796119689941,0.0,1.0,8.710749626159668,20.111055374145508,11.249251365661621,7.172773838043213,-4.076477527618408,14.231200218200684,7.4985527992248535,56.19120788574219,23.98598289489746,0.4268636405467987,0.031448423862457275,11.065400123596191,0.4000000059604645,1.0
1166,2350.0,1550.0,1450.0,False,False,0,stable_wrong,13.016161918640137,16.519479751586914,14.876754760742188,11.919934272766113,-2.956820487976074,20.73257827758789,4.666224002838135,96.89802551269531,19.982688903808594,0.20622390508651733,-0.090944305062294,17.244726181030273,0.800000011920929,1.0,8.695450782775879,16.267215728759766,11.759751319885254,6.212249755859375,-5.547501564025879,14.574111938476562,4.811484336853027,69.8705825805664,19.82036781311035,0.283672571182251,-0.4507947862148285,10.335382461547852,0.4000000059604645,1.0
1167,120.0,120.0,120.0,True,True,0,stable_correct,13.93037223815918,20.241907119750977,17.01923179626465,10.220072746276855,-6.799159049987793,22.9420166015625,7.440446376800537,89.68770599365234,22.24428367614746,0.24801932275295258,0.2196630984544754,17.144001007080078,0.20000000298023224,1.0,7.911843776702881,19.168231964111328,11.43346118927002,5.063863277435303,-6.369597911834717,13.486299514770508,7.561160564422607,50.53654479980469,20.782377243041992,0.41123461723327637,0.2937140166759491,9.356736183166504,0.20000000298023224,1.0
1168,20.0,24.0,32.0,False,False,0,stable_wrong,9.308710098266602,16.179954528808594,11.767857551574707,6.099681854248047,-5.66817569732666,15.809865951538086,4.334137439727783,70.80492401123047,18.189777374267578,0.256899893283844,-0.04123920947313309,11.144378662109375,0.4000000059604645,1.0,7.103536128997803,18.219738006591797,9.06040096282959,6.129754543304443,-2.9306464195251465,12.206954956054688,6.973674297332764,51.36494445800781,20.94329261779785,0.407735139131546,-0.1968703269958496,8.172182083129883,0.6000000238418579,1.0
1169,2.0,2.0,12.0,True,False,-1,regressed,12.066164016723633,19.602428436279297,14.38887882232666,10.66973876953125,-3.71914005279541,18.98457145690918,5.130307674407959,87.15766906738281,25.725688934326172,0.2951626479625702,-0.037144847214221954,17.112348556518555,0.20000000298023224,1.0,9.148664474487305,17.7640380859375,12.327377319335938,5.613505840301514,-6.713871479034424,15.124251365661621,6.464311599731445,62.58154296875,19.786149978637695,0.31616589426994324,-0.07340085506439209,11.255579948425293,0.20000000298023224,1.0
1170,2.0,3.0,2.0,False,True,1,recovered,9.950380325317383,19.07096290588379,12.635916709899902,8.3094482421875,-4.326468467712402,15.130937576293945,6.437975883483887,54.33767318725586,28.48672103881836,0.5242536067962646,0.2995842695236206,14.639678955078125,0.0,1.0,6.694490909576416,15.747183799743652,8.700037956237793,4.989896297454834,-3.710141658782959,11.004850387573242,6.049273490905762,39.50883102416992,17.37947654724121,0.4398883879184723,0.2810438275337219,8.379125595092773,0.20000000298023224,1.0
1171,3160.0,5320.0,2200.0,False,False,0,stable_wrong,11.091763496398926,18.86149787902832,14.030265808105469,8.557746887207031,-5.4725189208984375,18.26548957824707,4.82742977142334,79.54412841796875,23.408599853515625,0.2942844331264496,-0.12340544164180756,13.66673755645752,0.4000000059604645,1.0,7.990993022918701,16.49497413635254,9.097115516662598,6.229148864746094,-2.867966651916504,13.4370756149292,5.716923713684082,54.89436721801758,19.058712005615234,0.3471888601779938,0.009527826681733131,9.562546730041504,0.20000000298023224,1.0
1172,93.0,93.0,93.0,True,True,0,stable_correct,13.22998332977295,20.90422248840332,16.578229904174805,11.051283836364746,-5.526946067810059,20.364450454711914,5.661202907562256,85.96014404296875,29.130563735961914,0.33888453245162964,-0.003106397343799472,19.474365234375,0.0,1.0,7.525497913360596,19.07252311706543,10.315125465393066,5.739332675933838,-4.5757927894592285,12.269611358642578,7.797117233276367,43.95176315307617,23.339279174804688,0.5310203433036804,0.11341328918933868,8.992571830749512,0.0,1.0
1173,10.0,120.0,120.0,False,False,0,stable_wrong,10.882087707519531,14.976910591125488,11.896271705627441,9.763154029846191,-2.13311767578125,17.700857162475586,4.223146915435791,86.93462371826172,18.34505844116211,0.2110213190317154,-0.12820322811603546,14.094731330871582,0.4000000059604645,1.0,7.982715129852295,16.823745727539062,10.52230453491211,5.398031711578369,-5.12427282333374,12.84145736694336,6.241480827331543,51.915382385253906,19.377655029296875,0.37325459718704224,0.11368219554424286,10.48380184173584,0.4000000059604645,1.0
1174,240.0,200.0,600.0,False,False,0,stable_wrong,10.462553024291992,16.692195892333984,13.189003944396973,8.7169771194458,-4.472026824951172,16.48784637451172,5.958711624145508,56.59013748168945,21.786466598510742,0.3849869966506958,0.1352708786725998,12.457219123840332,0.0,1.0,9.1579008102417,16.988670349121094,11.183512687683105,7.692973613739014,-3.490539073944092,14.807889938354492,5.959377288818359,57.5517692565918,20.87258529663086,0.3626749515533447,0.0012950182426720858,11.122282981872559,0.4000000059604645,1.0
1175,16.0,14.0,15.0,False,False,0,stable_wrong,10.723897933959961,17.98322296142578,13.834880828857422,8.162176132202148,-5.672704696655273,17.58536720275879,5.194746971130371,70.83451843261719,22.244741439819336,0.31403815746307373,0.01189250685274601,13.0317964553833,0.0,1.0,8.019608497619629,17.238033294677734,10.471757888793945,6.120487213134766,-4.35127067565918,13.209799766540527,6.0311126708984375,51.46102523803711,19.225055694580078,0.3735847771167755,0.024958420544862747,9.910118103027344,0.20000000298023224,1.0
1176,2.0,5.0,8.0,False,False,0,stable_wrong,8.441548347473145,14.50264835357666,10.627379417419434,6.312698841094971,-4.314680576324463,13.904850959777832,3.9267048835754395,59.88873291015625,18.152713775634766,0.3031073212623596,0.08683076500892639,10.458239555358887,0.4000000059604645,1.0,5.612446308135986,13.679096221923828,7.273184299468994,4.206838607788086,-3.066345691680908,9.426714897155762,5.180003643035889,34.80257797241211,15.885672569274902,0.45645102858543396,0.129496768116951,6.476585865020752,0.4000000059604645,1.0
1177,17.0,17.0,17.0,True,True,0,stable_correct,11.898880004882812,15.80853271484375,14.077963829040527,10.380179405212402,-3.697784423828125,18.540390014648438,4.422475814819336,80.49263000488281,22.362974166870117,0.27782636880874634,0.04675741121172905,16.35377311706543,0.20000000298023224,1.0,9.226841926574707,15.88888931274414,10.93799877166748,7.911794185638428,-3.0262045860290527,14.60373306274414,5.025165557861328,55.63604736328125,20.773313522338867,0.3733786642551422,0.1742517054080963,12.093669891357422,0.0,1.0
1178,17.0,17.0,17.0,True,True,0,stable_correct,14.120566368103027,21.32599449157715,17.389972686767578,10.74831485748291,-6.641657829284668,23.3236083984375,7.852863311767578,88.90469360351562,22.185651779174805,0.24954421818256378,0.27668410539627075,17.00688934326172,0.6000000238418579,1.0,7.096957206726074,17.72858238220215,10.416692733764648,4.4056925773620605,-6.011000156402588,11.789718627929688,7.19851541519165,43.4354133605957,20.065311431884766,0.4619574248790741,0.30971473455429077,8.525053977966309,0.20000000298023224,1.0
1179,50.0,33.33,13.33,False,False,0,stable_wrong,11.805066108703613,16.079513549804688,14.13778018951416,9.714845657348633,-4.422934532165527,18.86543083190918,4.252090930938721,77.65025329589844,22.723901748657227,0.2926442623138428,-0.024216072633862495,14.990989685058594,0.20000000298023224,1.0,8.081551551818848,17.496782302856445,9.775909423828125,6.241064548492432,-3.5348448753356934,13.382472038269043,6.066534519195557,51.4910774230957,20.027952194213867,0.388959676027298,0.218313530087471,10.098252296447754,0.4000000059604645,1.0
1180,5600.0,5600.0,5600.0,True,True,0,stable_correct,12.911581039428711,17.27082633972168,11.885451316833496,12.484630584716797,0.5991792678833008,19.9638729095459,5.847794055938721,96.33654022216797,21.384565353393555,0.22197771072387695,0.130530446767807,17.305219650268555,0.6000000238418579,1.0,8.699384689331055,19.53214454650879,11.753649711608887,5.761105060577393,-5.992544651031494,14.492560386657715,7.056578159332275,58.36072540283203,21.67645835876465,0.37142202258110046,0.21203355491161346,10.782404899597168,0.20000000298023224,1.0
1181,20.0,8.0,2.6,False,False,0,stable_wrong,8.834609031677246,16.876619338989258,12.292572021484375,5.447177886962891,-6.845394134521484,14.666789054870605,5.783298015594482,56.1611213684082,19.79144859313965,0.35240480303764343,0.1692303866147995,10.419018745422363,0.0,1.0,7.793601036071777,16.815380096435547,9.756139755249023,5.940155029296875,-3.8159847259521484,12.741009712219238,6.0692009925842285,48.796051025390625,18.276519775390625,0.37454915046691895,0.18690773844718933,9.789349555969238,0.4000000059604645,1.0
1182,1800.0,600.0,36.0,False,False,0,stable_wrong,12.405586242675781,14.392904281616211,13.198641777038574,10.950091361999512,-2.2485504150390625,19.19052505493164,4.33559513092041,99.91973114013672,22.72711944580078,0.22745376825332642,0.013842153362929821,17.12356185913086,0.4000000059604645,1.0,9.613814353942871,22.21891975402832,12.782791137695312,7.120495319366455,-5.662295818328857,15.922200202941895,8.154812812805176,62.33921813964844,25.245664596557617,0.4049724340438843,0.12091562896966934,11.7586669921875,0.4000000059604645,1.0
1183,11.0,13.0,11.0,False,True,1,recovered,8.037924766540527,13.442444801330566,10.692927360534668,4.8065056800842285,-5.8864216804504395,13.703703880310059,3.9966135025024414,55.91962814331055,15.66505241394043,0.2801351249217987,0.07781032472848892,9.340535163879395,0.20000000298023224,1.0,6.204799652099609,13.852622032165527,7.261998653411865,4.87975549697876,-2.3822431564331055,10.243474960327148,4.999453067779541,37.93440628051758,15.8477201461792,0.41776639223098755,0.17398512363433838,7.883193492889404,0.4000000059604645,1.0
1184,306.0,306.0,306.0,True,True,0,stable_correct,15.194140434265137,22.817264556884766,18.526412963867188,12.12051010131836,-6.405902862548828,24.46926498413086,8.631775856018066,91.24853515625,25.40170669555664,0.27837935090065,0.3197001814842224,18.76631736755371,0.4000000059604645,1.0,9.145777702331543,22.958282470703125,13.455702781677246,5.853786945343018,-7.6019158363342285,15.206799507141113,9.348008155822754,56.30068588256836,26.205137252807617,0.4654496908187866,0.2341477870941162,10.675628662109375,0.4000000059604645,1.0
1185,6.0,4.0,6.0,False,True,1,recovered,11.906343460083008,18.17081069946289,13.88119888305664,10.012206077575684,-3.868992805480957,18.593189239501953,4.242771625518799,82.8224868774414,23.106233596801758,0.27898502349853516,-0.02083120308816433,16.95880699157715,0.20000000298023224,1.0,8.447409629821777,19.36379623413086,11.479714393615723,5.815723419189453,-5.6639909744262695,14.137110710144043,7.1104607582092285,54.67813491821289,22.48890495300293,0.41129612922668457,0.025076305493712425,9.739799499511719,0.20000000298023224,1.0
1186,19.0,19.0,19.0,True,True,0,stable_correct,12.811793327331543,18.89336395263672,14.451205253601074,10.714454650878906,-3.736750602722168,19.739046096801758,4.421133995056152,107.53215026855469,26.341278076171875,0.24496188759803772,-0.19721147418022156,18.831890106201172,0.4000000059604645,1.0,8.551226615905762,18.776290893554688,11.91964054107666,5.8156304359436035,-6.104010105133057,13.998539924621582,6.8440985679626465,54.701602935791016,22.03961944580078,0.40290626883506775,-0.17485769093036652,10.4590425491333,0.20000000298023224,1.0
1187,5.0,5.25,3.0,False,False,0,stable_wrong,12.020421028137207,17.947416305541992,14.290489196777344,10.115445137023926,-4.175044059753418,19.308536529541016,4.131686687469482,91.0424575805664,24.702877044677734,0.27133360505104065,-0.09084642678499222,15.5949068069458,0.4000000059604645,1.0,6.589959621429443,15.519308090209961,7.735389709472656,6.512645244598389,-1.2227444648742676,10.907296180725098,5.705034255981445,43.29197692871094,19.519712448120117,0.45088520646095276,0.011340511031448841,8.826059341430664,0.4000000059604645,1.0
1188,24.0,24.0,4.0,True,False,-1,regressed,13.461670875549316,18.587324142456055,14.179161071777344,12.790112495422363,-1.3890485763549805,20.408737182617188,3.397510528564453,110.19978332519531,28.13444709777832,0.2553040087223053,-0.16515721380710602,20.3044490814209,0.4000000059604645,1.0,7.772655963897705,17.821800231933594,10.158646583557129,5.866006374359131,-4.292640209197998,12.613609313964844,6.772312641143799,47.76930236816406,20.538593292236328,0.42995381355285645,0.26339298486709595,9.850997924804688,0.20000000298023224,1.0
1189,6.0,6.0,6.0,True,True,0,stable_correct,11.687158584594727,15.58528995513916,11.9020357131958,11.552752494812012,-0.34928321838378906,17.137115478515625,2.8438873291015625,88.39594268798828,26.79991912841797,0.30318042635917664,-0.08922145515680313,19.40906524658203,0.4000000059604645,1.0,7.321887969970703,16.3394718170166,9.169087409973145,5.432116985321045,-3.7369704246520996,12.311923027038574,5.8875555992126465,48.873878479003906,18.429670333862305,0.3770863115787506,0.10274622589349747,8.59438705444336,0.20000000298023224,1.0
1190,19.0,97.0,135.0,False,False,0,stable_wrong,9.293586730957031,14.493256568908691,11.367008209228516,7.882295608520508,-3.484712600708008,14.59704875946045,4.171328544616699,55.153045654296875,19.62882423400879,0.35589736700057983,0.12331034988164902,12.207737922668457,0.0,1.0,9.200712203979492,16.408031463623047,11.67082691192627,7.553259372711182,-4.117567539215088,14.894935607910156,4.756580829620361,64.59675598144531,22.10645294189453,0.34222233295440674,-0.2693672776222229,11.332621574401855,0.20000000298023224,1.0
1191,100.0,100.0,100.0,True,True,0,stable_correct,12.821255683898926,22.550777435302734,15.922798156738281,10.063145637512207,-5.859652519226074,20.05845832824707,6.154763221740723,100.8001708984375,30.705785751342773,0.3046203851699829,-0.12547567486763,18.78269386291504,0.4000000059604645,1.0,9.309712409973145,21.215286254882812,12.259810447692871,6.523349285125732,-5.736461162567139,15.042645454406738,8.094014167785645,68.56170654296875,23.666553497314453,0.34518617391586304,-0.016338307410478592,12.1473388671875,0.20000000298023224,1.0
1192,280.0,340.0,3404.0,False,False,0,stable_wrong,11.538907051086426,16.014835357666016,13.297266960144043,9.983636856079102,-3.3136301040649414,18.803730010986328,3.89860200881958,83.36174011230469,20.30894660949707,0.24362431466579437,-0.0322381928563118,14.435066223144531,0.4000000059604645,1.0,9.56056022644043,17.317983627319336,11.214527130126953,8.051814079284668,-3.162713050842285,15.3478422164917,5.263126850128174,75.17948913574219,20.17953872680664,0.2684181332588196,-0.255953311920166,12.744430541992188,0.4000000059604645,1.0
1193,9.0,8.0,12.0,False,False,0,stable_wrong,8.001358985900879,13.429547309875488,9.748652458190918,6.949635028839111,-2.7990174293518066,13.117801666259766,3.806030750274658,55.33140563964844,16.319448471069336,0.2949400544166565,-0.004593104124069214,9.963367462158203,0.20000000298023224,1.0,7.406551837921143,15.816661834716797,8.764930725097656,6.714148044586182,-2.0507826805114746,11.656778335571289,5.461567401885986,47.169654846191406,20.77509880065918,0.4404335618019104,-0.13386817276477814,10.515966415405273,0.0,1.0
1194,1200.0,1200.0,1200.0,True,True,0,stable_correct,14.56286334991455,20.935287475585938,17.618316650390625,11.284817695617676,-6.333498954772949,23.882997512817383,7.701671600341797,93.16729736328125,24.718002319335938,0.2653077244758606,0.17827335000038147,17.79993438720703,0.4000000059604645,1.0,7.331079006195068,17.64204978942871,10.772090911865234,4.615891933441162,-6.156198978424072,12.413944244384766,6.863804817199707,48.70872116088867,20.135412216186523,0.4133841395378113,0.2532155513763428,8.991348266601562,0.4000000059604645,1.0
1195,320.0,720.0,360.0,False,False,0,stable_wrong,10.630915641784668,19.090856552124023,13.26498031616211,7.973501682281494,-5.291478633880615,17.195531845092773,5.758064270019531,68.60443878173828,23.772462844848633,0.3465149402618408,0.18976324796676636,13.63721752166748,0.20000000298023224,1.0,8.635248184204102,19.45215606689453,11.0953369140625,6.287879467010498,-4.807457447052002,14.385159492492676,6.8412065505981445,65.27571105957031,22.593467712402344,0.34612366557121277,-0.32409462332725525,10.611037254333496,0.20000000298023224,1.0
1196,75.0,75.0,75.0,True,True,0,stable_correct,12.901223182678223,18.34272003173828,15.811903953552246,9.750286102294922,-6.061617851257324,20.436918258666992,4.5936174392700195,94.31816101074219,25.654144287109375,0.27199581265449524,-0.015673663467168808,18.040428161621094,0.20000000298023224,1.0,8.342123031616211,17.580371856689453,11.418168067932129,4.874090671539307,-6.544077396392822,14.204201698303223,6.404147624969482,58.99222946166992,19.5449161529541,0.3313134014606476,0.05770594999194145,9.909055709838867,0.20000000298023224,1.0
1197,2400.0,2400.0,2400.0,True,True,0,stable_correct,13.002731323242188,20.25810432434082,16.218355178833008,10.524215698242188,-5.69413948059082,20.579679489135742,5.860006332397461,81.11894226074219,27.624677658081055,0.34054532647132874,-0.03340631723403931,16.811634063720703,0.0,1.0,9.464941024780273,18.302873611450195,11.39642333984375,8.011395454406738,-3.3850278854370117,14.771567344665527,6.227391719818115,59.13261795043945,23.547019958496094,0.3982069492340088,0.1349678933620453,13.145766258239746,0.20000000298023224,1.0
1198,140.0,115.0,120.0,False,False,0,stable_wrong,12.120780944824219,18.37635612487793,14.987536430358887,9.724552154541016,-5.262984275817871,19.381345748901367,4.925941467285156,84.33299255371094,22.221282958984375,0.2634945511817932,0.001125702285207808,16.151185989379883,0.20000000298023224,1.0,9.57558536529541,18.808042526245117,12.108765602111816,7.6531853675842285,-4.455580234527588,15.47246265411377,5.901510238647461,65.7906494140625,23.70612144470215,0.3603266179561615,-0.14885768294334412,11.958751678466797,0.20000000298023224,1.0
1199,2.0,2.0,4.0,True,False,-1,regressed,10.342336654663086,15.862091064453125,13.120078086853027,7.234808444976807,-5.885269641876221,17.20269775390625,3.885636568069458,75.05410766601562,20.18604850769043,0.2689532935619354,-0.13736775517463684,12.278518676757812,0.0,1.0,7.04304838180542,15.3917236328125,8.543421745300293,5.666769027709961,-2.876652717590332,11.532065391540527,5.408600330352783,44.9935417175293,18.432024002075195,0.40965932607650757,0.0857236385345459,8.974080085754395,0.20000000298023224,1.0
1200,8.0,8.0,8.0,True,True,0,stable_correct,12.657564163208008,28.51724624633789,17.421354293823242,9.29656982421875,-8.124784469604492,19.337127685546875,13.153800964355469,53.23163986206055,37.06974411010742,0.6963855624198914,0.6096670031547546,12.738638877868652,0.0,1.0,6.245614051818848,15.617125511169434,8.435662269592285,4.65589714050293,-3.7797651290893555,10.551275253295898,6.223599433898926,40.98006820678711,17.944530487060547,0.4378843605518341,0.17340415716171265,7.519562244415283,0.4000000059604645,1.0
1201,42.0,42.0,42.0,True,True,0,stable_correct,13.621833801269531,17.48609161376953,15.883557319641113,11.8109769821167,-4.072580337524414,21.421756744384766,4.100489616394043,96.91822814941406,23.84783172607422,0.24606136977672577,-0.05155203863978386,18.673288345336914,0.20000000298023224,1.0,10.623536109924316,18.74782943725586,13.563275337219238,7.698644161224365,-5.864631175994873,17.599184036254883,5.2425007820129395,83.50907135009766,23.18027114868164,0.27757787704467773,-0.4151104986667633,12.85416030883789,0.20000000298023224,1.0
1202,19.0,11.0,19.0,False,True,1,recovered,12.288031578063965,17.393774032592773,14.672368049621582,10.40347957611084,-4.268888473510742,18.418678283691406,5.15429162979126,82.39640808105469,23.750041961669922,0.2882412374019623,0.09865118563175201,19.311790466308594,0.20000000298023224,1.0,10.578781127929688,19.3349609375,13.73391342163086,7.458577632904053,-6.275335788726807,17.77140235900879,5.269143581390381,82.61663055419922,22.900863647460938,0.2771943509578705,-0.3640460669994354,12.590046882629395,0.20000000298023224,1.0
1203,240.0,420.0,240.0,False,True,1,recovered,12.466444969177246,21.29582977294922,14.451733589172363,10.724620819091797,-3.7271127700805664,19.447734832763672,5.578795433044434,94.3828353881836,28.980587005615234,0.3070535659790039,-0.08002807199954987,18.276466369628906,0.4000000059604645,1.0,8.711803436279297,15.99461555480957,11.066505432128906,6.448163986206055,-4.618341445922852,14.286419868469238,5.020634651184082,58.28246307373047,18.452739715576172,0.3166087865829468,-0.14767777919769287,10.765873908996582,0.20000000298023224,1.0
1204,168.0,168.0,168.0,True,True,0,stable_correct,14.243063926696777,20.21650505065918,17.620370864868164,11.129279136657715,-6.491091728210449,22.77838897705078,4.868402481079102,100.51058197021484,29.073711395263672,0.28926020860671997,-0.04557311162352562,18.698171615600586,0.0,1.0,10.251093864440918,18.98845100402832,12.892617225646973,7.853031635284424,-5.039585590362549,16.48228645324707,5.912145614624023,80.88761901855469,23.761276245117188,0.2937566637992859,-0.390821635723114,13.466233253479004,0.6000000238418579,1.0
1205,4.0,2.0,4.0,False,True,1,recovered,8.552437782287598,15.224708557128906,11.53140640258789,5.847099304199219,-5.684307098388672,14.330079078674316,4.9745564460754395,56.44314956665039,17.118635177612305,0.30328986048698425,0.12255840003490448,10.094706535339355,0.0,1.0,6.473433494567871,15.560802459716797,8.549086570739746,4.4505295753479,-4.098556995391846,10.821855545043945,5.906720161437988,40.027809143066406,17.552810668945312,0.43851539492607117,0.17563462257385254,7.694365978240967,0.20000000298023224,1.0
1206,40000.0,40000.0,40000.0,True,True,0,stable_correct,9.71668529510498,15.71351146697998,10.627720832824707,8.329883575439453,-2.297837257385254,15.391395568847656,3.8361449241638184,78.22567749023438,21.9615478515625,0.2807460129261017,-0.13442930579185486,13.383724212646484,0.4000000059604645,1.0,8.223461151123047,18.172212600708008,10.570714950561523,6.193559169769287,-4.377155780792236,13.431440353393555,6.653426170349121,52.94232177734375,21.571575164794922,0.4074542820453644,-0.029820870608091354,10.23116397857666,0.4000000059604645,1.0
1207,64.0,64.0,64.0,True,True,0,stable_correct,13.865562438964844,20.41473960876465,14.68680477142334,12.492110252380371,-2.1946945190429688,22.678831100463867,6.007964134216309,106.33866882324219,27.087064743041992,0.25472450256347656,0.024427002295851707,17.002965927124023,0.4000000059604645,1.0,8.221773147583008,21.394136428833008,12.027320861816406,4.97620153427124,-7.051119327545166,13.725513458251953,8.752612113952637,56.93797302246094,24.075904846191406,0.42284443974494934,0.060820698738098145,9.774267196655273,0.4000000059604645,1.0
1208,27.0,9.0,9.0,False,False,0,stable_wrong,11.699389457702637,19.31129264831543,14.479582786560059,7.887623310089111,-6.591959476470947,19.5183048248291,6.252073287963867,78.83039093017578,21.79412841796875,0.2764686048030853,0.1568448543548584,14.259231567382812,0.20000000298023224,1.0,7.521881103515625,19.030879974365234,10.483073234558105,5.123844146728516,-5.35922908782959,12.416460037231445,7.666833400726318,47.00453567504883,22.037185668945312,0.46883103251457214,0.3111879229545593,9.366255760192871,0.4000000059604645,1.0
1209,29.0,39.0,31.0,False,False,0,stable_wrong,11.441980361938477,16.468870162963867,13.0639009475708,9.971046447753906,-3.0928544998168945,17.759361267089844,4.680776119232178,71.92100524902344,19.417606353759766,0.2699851989746094,0.14860251545906067,15.934235572814941,0.20000000298023224,1.0,7.406638145446777,16.795696258544922,9.040129661560059,5.87561559677124,-3.1645140647888184,11.902256965637207,6.218310356140137,47.460731506347656,20.2490177154541,0.426647812128067,0.03731284290552139,9.986376762390137,0.4000000059604645,1.0
1210,288.0,288.0,288.0,True,True,0,stable_correct,15.15003490447998,23.29768943786621,18.75209617614746,12.36165714263916,-6.390439033508301,23.63759422302246,9.773676872253418,75.41024780273438,31.114870071411133,0.41260796785354614,0.24694199860095978,17.730009078979492,0.0,1.0,7.880660057067871,19.0053768157959,11.826952934265137,4.618319034576416,-7.208633899688721,13.085025787353516,7.8963751792907715,46.32234191894531,20.253318786621094,0.43722569942474365,0.3394032418727875,9.162293434143066,0.20000000298023224,1.0
1211,448.0,448.0,448.0,True,True,0,stable_correct,13.09987735748291,17.78008270263672,14.395236015319824,11.072583198547363,-3.322652816772461,20.062820434570312,4.401376724243164,104.43240356445312,27.560394287109375,0.2639065384864807,-0.06550338864326477,19.353120803833008,0.20000000298023224,1.0,8.58022403717041,17.28985023498535,12.402969360351562,4.956350803375244,-7.446618556976318,14.32224178314209,6.138981819152832,60.18790054321289,20.32719612121582,0.33772894740104675,0.1488187462091446,10.811480522155762,0.20000000298023224,1.0
1212,150.0,150.0,150.0,True,True,0,stable_correct,14.50780963897705,20.73895835876465,15.953609466552734,13.259428977966309,-2.694180488586426,22.308303833007812,4.207499980926514,110.15449523925781,30.907724380493164,0.28058522939682007,-0.05588460713624954,21.365278244018555,0.4000000059604645,1.0,9.252652168273926,19.32156753540039,12.615970611572266,5.9914093017578125,-6.624561309814453,15.535520553588867,6.619988918304443,67.82238006591797,21.77018165588379,0.32098817825317383,-0.05427714064717293,11.00586986541748,0.20000000298023224,1.0
1213,31.0,50.0,56.0,False,False,0,stable_wrong,11.476945877075195,14.281981468200684,12.103530883789062,10.206847190856934,-1.896683692932129,17.919254302978516,3.6146697998046875,89.67024230957031,21.725791931152344,0.24228541553020477,-0.0026535154320299625,15.914390563964844,0.4000000059604645,1.0,9.319936752319336,19.350194931030273,13.442784309387207,5.943384647369385,-7.499399662017822,15.552389144897461,6.938455581665039,68.07433319091797,23.03354263305664,0.33835870027542114,-0.3266623616218567,10.908028602600098,0.20000000298023224,1.0
1214,5.0,5.0,5.0,True,True,0,stable_correct,13.354097366333008,21.66167449951172,16.76829719543457,10.035990715026855,-6.732306480407715,22.164430618286133,7.631216049194336,82.61563110351562,24.456201553344727,0.2960239052772522,0.23699721693992615,15.786357879638672,0.4000000059604645,1.0,7.564545154571533,18.233835220336914,11.302088737487793,4.642179012298584,-6.659909725189209,12.67821979522705,7.517361640930176,46.6018180847168,19.924301147460938,0.42754343152046204,0.22047396004199982,8.662148475646973,0.20000000298023224,1.0
1215,36.0,180.0,120.0,False,False,0,stable_wrong,8.421154022216797,18.8309383392334,11.481478691101074,6.289167881011963,-5.192310810089111,13.544120788574219,6.869617938995361,49.650962829589844,22.994691848754883,0.4631268084049225,0.23949980735778809,10.918408393859863,0.0,1.0,9.001152992248535,22.75670623779297,12.458666801452637,6.621013641357422,-5.837653160095215,14.651247024536133,9.219832420349121,60.550228118896484,27.295433044433594,0.4507899284362793,-0.09481395781040192,11.306248664855957,0.20000000298023224,1.0
1216,20.0,110.0,10.0,False,False,0,stable_wrong,10.45318603515625,15.40600872039795,12.158889770507812,9.124199867248535,-3.0346899032592773,16.46662712097168,4.151987075805664,67.07324981689453,21.658388137817383,0.322906494140625,-0.016208434477448463,14.023932456970215,0.0,1.0,10.126333236694336,18.192663192749023,13.58512020111084,7.181665897369385,-6.403454303741455,16.51839828491211,6.4085893630981445,76.51602172851562,21.276857376098633,0.2780706286430359,-0.19692811369895935,12.964064598083496,0.20000000298023224,1.0
1217,75.0,27.0,84.0,False,False,0,stable_wrong,11.987394332885742,16.434837341308594,14.387344360351562,9.586264610290527,-4.801079750061035,19.011451721191406,4.7049360275268555,76.39930725097656,19.608745574951172,0.2566612958908081,0.04743466526269913,15.459664344787598,0.20000000298023224,1.0,8.240373611450195,17.04393196105957,10.956345558166504,6.189330577850342,-4.767014980316162,13.404048919677734,5.848598957061768,54.30399703979492,20.85262107849121,0.38399791717529297,-0.10259280353784561,10.306140899658203,0.20000000298023224,1.0
1218,225.0,6.75,6.75,False,False,0,stable_wrong,10.512945175170898,16.457805633544922,12.167793273925781,9.327098846435547,-2.8406944274902344,16.675270080566406,4.611155986785889,69.54267883300781,21.657297134399414,0.3114245533943176,0.15790441632270813,13.976761817932129,0.20000000298023224,1.0,6.117481708526611,14.863759994506836,8.402904510498047,4.446542263031006,-3.956362247467041,10.09254264831543,5.769797325134277,37.33989715576172,17.120363235473633,0.45850053429603577,0.11458519846200943,7.338521957397461,0.0,1.0
1219,100.0,100.0,100.0,True,True,0,stable_correct,14.241263389587402,21.2747859954834,16.001279830932617,12.884712219238281,-3.116567611694336,21.528331756591797,4.918392181396484,117.28962707519531,29.75360107421875,0.25367632508277893,-0.21123847365379333,22.19879150390625,0.4000000059604645,1.0,8.875097274780273,17.781898498535156,12.501129150390625,6.116550922393799,-6.384578227996826,14.500458717346191,6.265022277832031,59.07907485961914,20.72994041442871,0.35088464617729187,-0.23799820244312286,11.06777286529541,0.0,1.0
1220,32.0,32.0,32.0,True,True,0,stable_correct,9.504583358764648,16.018293380737305,11.672869682312012,7.113598346710205,-4.559271335601807,15.056244850158691,4.284878253936768,77.2298812866211,23.162429809570312,0.2999153733253479,-0.09044203907251358,13.16125202178955,0.4000000059604645,1.0,9.125879287719727,21.687255859375,12.227482795715332,7.17660665512085,-5.050876140594482,15.371289253234863,8.02088737487793,61.49970245361328,26.143766403198242,0.42510396242141724,-0.002880589570850134,10.726096153259277,0.4000000059604645,1.0
1221,10.0,10.0,10.0,True,True,0,stable_correct,14.514140129089355,20.47673225402832,17.8377742767334,11.550227165222168,-6.2875471115112305,23.4199161529541,7.171472072601318,86.49398803710938,24.316511154174805,0.2811352610588074,0.25865310430526733,17.70591926574707,0.0,1.0,8.756739616394043,20.501855850219727,12.46905517578125,6.13311767578125,-6.3359375,14.31454086303711,8.22710132598877,49.93270492553711,23.587398529052734,0.4723837673664093,0.33110684156417847,10.317876815795898,0.20000000298023224,1.0
1222,350.0,350.0,350.0,True,True,0,stable_correct,13.911023139953613,20.48895263671875,16.708053588867188,10.430233001708984,-6.277820587158203,23.283912658691406,7.903690814971924,90.02447509765625,24.576881408691406,0.2730022072792053,0.07979738712310791,16.402969360351562,0.4000000059604645,1.0,8.069168090820312,18.44064712524414,11.187479972839355,5.020004749298096,-6.16747522354126,13.585110664367676,7.0998101234436035,53.31689453125,19.971946716308594,0.3745894730091095,0.1932028830051422,9.732815742492676,0.20000000298023224,1.0
1223,8.0,9.6,8.4,False,False,0,stable_wrong,11.660903930664062,16.10239601135254,13.223983764648438,10.392718315124512,-2.831265449523926,18.10842514038086,3.4955177307128906,81.6664047241211,21.768779754638672,0.26655733585357666,-0.015307260677218437,16.585363388061523,0.20000000298023224,1.0,9.00679874420166,18.914426803588867,10.645730018615723,8.187553405761719,-2.458176612854004,14.588056564331055,6.410446643829346,63.39452362060547,23.470550537109375,0.37022992968559265,-0.37475261092185974,11.818565368652344,0.20000000298023224,1.0
1224,5.0,5.0,5.0,True,True,0,stable_correct,13.840388298034668,21.066024780273438,17.26773452758789,10.552971839904785,-6.7147626876831055,22.730806350708008,7.7860002517700195,85.60818481445312,22.524890899658203,0.26311609148979187,0.24041840434074402,16.705293655395508,0.20000000298023224,1.0,6.888363361358643,17.12765884399414,10.130290985107422,4.301303386688232,-5.8289875984191895,11.569939613342285,6.888552665710449,42.199459075927734,19.02328109741211,0.45079442858695984,0.27488774061203003,8.217219352722168,0.20000000298023224,1.0
1225,3.0,2.0,3.0,False,True,1,recovered,12.718152046203613,20.05820083618164,17.01826286315918,8.720086097717285,-8.298176765441895,21.126630783081055,5.682382106781006,95.95976257324219,24.691606521606445,0.2573120892047882,-0.19956500828266144,15.756686210632324,0.0,1.0,8.065354347229004,18.298574447631836,10.913195610046387,5.59096097946167,-5.322234630584717,13.480613708496094,6.614238262176514,54.572265625,20.6414852142334,0.37824130058288574,-0.032892100512981415,9.906970024108887,0.20000000298023224,1.0
1226,90.0,74.0,90.0,False,True,1,recovered,12.768068313598633,16.932931900024414,14.201141357421875,11.304058074951172,-2.897083282470703,20.259750366210938,4.155939102172852,88.91807556152344,20.687437057495117,0.2326572686433792,0.0021801560651510954,16.760820388793945,0.4000000059604645,1.0,11.171514511108398,17.954288482666016,13.026421546936035,8.898685455322266,-4.1277360916137695,17.685701370239258,5.115207195281982,86.52294921875,24.23494529724121,0.28009846806526184,-0.18675193190574646,14.82922649383545,0.4000000059604645,1.0
1227,66.0,12.0,6.0,False,False,0,stable_wrong,10.8595552444458,19.45945167541504,12.83102798461914,8.827980995178223,-4.003046989440918,17.221315383911133,5.331878662109375,76.79867553710938,25.804433822631836,0.33600103855133057,0.03560821712017059,15.214256286621094,0.20000000298023224,1.0,6.8070831298828125,15.470067977905273,7.92854642868042,5.907171726226807,-2.0213747024536133,11.002592086791992,5.736288070678711,41.93088150024414,18.308433532714844,0.4366336464881897,0.2215479165315628,9.191145896911621,0.4000000059604645,1.0
1228,31.0,31.0,31.0,True,True,0,stable_correct,12.997961044311523,18.688745498657227,15.299545288085938,9.90383243560791,-5.395712852478027,21.248836517333984,5.955408096313477,90.35582733154297,23.356233596801758,0.25849172472953796,0.10214841365814209,15.941723823547363,0.20000000298023224,1.0,8.484613418579102,18.564741134643555,11.775215148925781,5.899569034576416,-5.875646114349365,14.073508262634277,7.2149248123168945,53.937442779541016,20.457977294921875,0.3792908191680908,0.30460572242736816,10.180548667907715,0.4000000059604645,1.0
1229,36.0,36.0,36.0,True,True,0,stable_correct,13.644606590270996,17.655670166015625,15.416851997375488,11.947792053222656,-3.469059944152832,20.7042293548584,4.5310139656066895,91.35396575927734,27.348047256469727,0.29936355352401733,0.05363420397043228,20.399728775024414,0.20000000298023224,1.0,9.897736549377441,18.582006454467773,12.663317680358887,7.134711742401123,-5.528605937957764,16.401090621948242,5.865919589996338,79.72016906738281,22.424341201782227,0.28128817677497864,-0.37504833936691284,12.005439758300781,0.4000000059604645,1.0
1230,440.0,440.0,440.0,True,True,0,stable_correct,13.784050941467285,20.06905174255371,16.376203536987305,11.58874225616455,-4.787461280822754,20.99416732788086,5.836052417755127,79.9524154663086,27.734004974365234,0.3468813896179199,0.2511928975582123,19.774198532104492,0.0,1.0,9.599245071411133,16.570919036865234,10.72336483001709,8.936206817626953,-1.7871580123901367,14.981053352355957,5.212771415710449,61.776641845703125,21.620403289794922,0.3499769866466522,-0.0613010935485363,13.300745964050293,0.6000000238418579,1.0
1231,70.0,85.0,76.4,False,False,0,stable_wrong,8.608996391296387,14.876988410949707,9.685284614562988,7.921854496002197,-1.763430118560791,14.337563514709473,4.144197940826416,77.21512603759766,17.781957626342773,0.23029111325740814,-0.3752269744873047,10.691155433654785,0.20000000298023224,1.0,6.061495780944824,17.624103546142578,8.591204643249512,4.4089508056640625,-4.182253837585449,9.935221672058105,7.68297004699707,36.071556091308594,21.21367073059082,0.5880996584892273,0.07981321960687637,6.9630866050720215,0.4000000059604645,1.0
1232,15.0,15.0,15.0,True,True,0,stable_correct,13.878524780273438,19.196989059448242,16.55501365661621,10.820598602294922,-5.734415054321289,22.673748016357422,7.221866130828857,85.82047271728516,20.432374954223633,0.23808276653289795,0.2821768820285797,16.791391372680664,0.6000000238418579,1.0,7.831090450286865,19.21358299255371,11.705174446105957,4.891078948974609,-6.814095497131348,13.12544059753418,7.838781833648682,47.343833923339844,21.038311004638672,0.4443727731704712,0.3071247637271881,9.136346817016602,0.20000000298023224,1.0
1233,81.0,81.0,81.0,True,True,0,stable_correct,13.579581260681152,18.213350296020508,16.743074417114258,11.139698028564453,-5.603376388549805,21.470584869384766,4.215051651000977,99.68183898925781,26.228675842285156,0.26312392950057983,-0.18890991806983948,18.654510498046875,0.20000000298023224,1.0,10.467135429382324,20.70067596435547,13.335967063903809,8.091059684753418,-5.244907379150391,17.086942672729492,6.222582817077637,83.70496368408203,25.852678298950195,0.3088547885417938,-0.4145265519618988,13.61651611328125,0.20000000298023224,1.0
1234,12.0,12.0,12.0,True,True,0,stable_correct,10.588702201843262,20.952795028686523,13.810473442077637,8.63992977142334,-5.170543670654297,16.219406127929688,8.837547302246094,45.29306411743164,29.167558670043945,0.6439740657806396,0.5389204025268555,11.885449409484863,0.0,1.0,4.652805328369141,13.590248107910156,6.6528472900390625,3.2199649810791016,-3.432882308959961,7.808113098144531,5.875487804412842,28.13282012939453,16.03352928161621,0.5699225664138794,0.16882732510566711,5.024869441986084,0.20000000298023224,1.0
1235,60.0,40.0,80.0,False,False,0,stable_wrong,10.747998237609863,17.612850189208984,13.09703540802002,7.508459568023682,-5.588575839996338,17.556962966918945,4.752282619476318,83.69662475585938,24.176164627075195,0.288854718208313,-0.03370162099599838,13.747160911560059,0.20000000298023224,1.0,8.361823081970215,16.87513542175293,10.365766525268555,6.604700565338135,-3.76106595993042,13.549765586853027,5.80891227722168,54.726707458496094,18.087697982788086,0.3305095136165619,-0.04226814582943916,10.859980583190918,0.4000000059604645,1.0
1236,84.0,84.0,84.0,True,True,0,stable_correct,14.264814376831055,19.750843048095703,17.2721004486084,11.794583320617676,-5.477517127990723,22.500808715820312,5.051695823669434,98.15419006347656,28.19445037841797,0.2872465252876282,-0.07511293888092041,19.36128807067871,0.0,1.0,9.324033737182617,17.843564987182617,11.880539894104004,7.325416088104248,-4.555123805999756,15.304895401000977,5.524785041809082,65.48738861083984,21.88641357421875,0.33420807123184204,-0.17679813504219055,11.3444242477417,0.20000000298023224,1.0
1237,78.0,78.0,78.0,True,True,0,stable_correct,14.358027458190918,19.079675674438477,16.05375099182129,11.91759967803955,-4.136151313781738,23.459016799926758,6.959306716918945,97.7486572265625,19.84876823425293,0.20305924117565155,0.14446969330310822,17.512924194335938,0.6000000238418579,1.0,8.176692008972168,18.411121368408203,11.689567565917969,5.483240604400635,-6.206326961517334,13.319921493530273,7.314443111419678,51.756752014160156,20.65120506286621,0.39900505542755127,0.3411169648170471,10.237349510192871,0.6000000238418579,1.0
1238,520.0,520.0,520.0,True,True,0,stable_correct,11.96166706085205,17.432907104492188,13.590609550476074,9.984559059143066,-3.606050491333008,18.2926082611084,4.025803565979004,91.30284118652344,24.989028930664062,0.27369388937950134,-0.1639924794435501,18.552221298217773,0.20000000298023224,1.0,9.717015266418457,20.02537727355957,13.586419105529785,6.306832790374756,-7.279586315155029,16.107894897460938,7.4324951171875,65.6988754272461,24.007333755493164,0.36541467905044556,-0.04859011247754097,11.400328636169434,0.20000000298023224,1.0
1239,50.0,20.0,100.0,False,False,0,stable_wrong,10.863859176635742,17.38114356994629,13.548970222473145,8.624420166015625,-4.9245500564575195,17.80864143371582,5.0406060218811035,69.77095794677734,21.452171325683594,0.3074656128883362,0.16187795996665955,13.200252532958984,0.0,1.0,7.981509685516357,17.952831268310547,9.68734073638916,6.351396083831787,-3.335944652557373,12.795439720153809,6.930418491363525,50.904640197753906,19.205041885375977,0.37727487087249756,0.21143977344036102,10.836050987243652,0.4000000059604645,1.0
1240,2.0,3.0,2.0,False,True,1,recovered,14.288372993469238,17.35555076599121,15.058295249938965,13.6641263961792,-1.3941688537597656,21.88422393798828,3.9747493267059326,95.35832977294922,27.320661544799805,0.28650525212287903,-0.1291215866804123,20.403226852416992,0.0,1.0,10.895401000976562,18.08587074279785,13.470867156982422,8.829639434814453,-4.641227722167969,17.555164337158203,5.228675842285156,77.51913452148438,22.094449996948242,0.28501930832862854,-0.04709278792142868,14.116775512695312,0.4000000059604645,1.0
1241,8.0,48.0,8.0,False,True,1,recovered,11.825942039489746,19.31151008605957,14.794577598571777,9.221088409423828,-5.573489189147949,18.945146560668945,4.991971969604492,86.0342025756836,25.54299545288086,0.29689350724220276,-0.07022710144519806,15.95467472076416,0.20000000298023224,1.0,9.713212966918945,19.261594772338867,13.370646476745605,6.574592590332031,-6.796053886413574,16.120826721191406,6.192840099334717,71.04592895507812,23.639808654785156,0.33273980021476746,-0.2743162512779236,12.008933067321777,0.20000000298023224,1.0
1242,20.0,20.0,20.0,True,True,0,stable_correct,13.920567512512207,19.231868743896484,16.841699600219727,11.677604675292969,-5.164094924926758,21.89951515197754,4.372662544250488,101.88119506835938,28.45569610595703,0.2793027460575104,-0.15600988268852234,19.318357467651367,0.20000000298023224,1.0,9.34659481048584,18.61855697631836,12.31112003326416,6.280381679534912,-6.030738353729248,15.678060531616211,5.6427388191223145,75.40719604492188,23.135540008544922,0.30680811405181885,-0.48180514574050903,10.947144508361816,0.4000000059604645,1.0
1243,50.0,50.0,50.0,True,True,0,stable_correct,12.119522094726562,17.788681030273438,13.714388847351074,10.515608787536621,-3.198780059814453,19.165340423583984,3.8966267108917236,94.95063018798828,25.429523468017578,0.2678183615207672,-0.0804872214794159,16.853818893432617,0.4000000059604645,1.0,8.970857620239258,19.178504943847656,11.686439514160156,6.729074001312256,-4.9573655128479,14.47811222076416,6.845538139343262,58.847877502441406,22.235645294189453,0.3778495788574219,0.2206837236881256,11.873833656311035,0.20000000298023224,1.0
1244,35.0,26.0,8.0,False,False,0,stable_wrong,8.867631912231445,14.587934494018555,11.25757884979248,6.809854984283447,-4.447723865509033,14.565699577331543,3.887244462966919,63.01430892944336,17.506160736083984,0.27781248092651367,0.05385007709264755,11.105976104736328,0.20000000298023224,1.0,7.838123321533203,17.78326416015625,9.546958923339844,6.209224700927734,-3.3377342224121094,12.903898239135742,6.390726566314697,50.39852523803711,21.525108337402344,0.42709797620773315,0.1297513246536255,9.926983833312988,0.4000000059604645,1.0
1245,96.0,100.0,95.0,False,False,0,stable_wrong,9.604425430297852,18.063501358032227,11.836960792541504,8.922201156616211,-2.914759635925293,14.152742385864258,6.336996078491211,46.85749435424805,28.69837188720703,0.6124606728553772,0.4573797583580017,15.474303245544434,0.0,1.0,4.643852710723877,13.298885345458984,6.422901630401611,3.376866340637207,-3.0460352897644043,7.421410083770752,5.910475730895996,26.699678421020508,15.84561824798584,0.5934759974479675,0.2548902630805969,5.614774703979492,0.4000000059604645,1.0
1246,3360.0,3360.0,3360.0,True,True,0,stable_correct,12.673537254333496,17.680721282958984,14.110496520996094,9.934025764465332,-4.176470756530762,20.652650833129883,6.142812252044678,93.83964538574219,22.658361434936523,0.24145829677581787,0.03457845374941826,15.604948997497559,0.20000000298023224,1.0,9.705025672912598,19.65967559814453,12.484306335449219,7.283961772918701,-5.200344562530518,15.499256134033203,7.537102699279785,58.76783752441406,20.806350708007812,0.3540431559085846,0.32521066069602966,12.47142505645752,0.20000000298023224,1.0
1247,7.0,7.0,2.0,True,False,-1,regressed,11.323019981384277,19.607561111450195,14.969124794006348,8.121785163879395,-6.847339630126953,18.41918182373047,5.680687427520752,79.1651611328125,24.74185562133789,0.3125346601009369,0.020557712763547897,14.61022663116455,0.0,1.0,7.603946208953857,17.931488037109375,10.367866516113281,5.04850959777832,-5.319356918334961,12.400495529174805,7.146228313446045,48.12274932861328,20.527904510498047,0.42657381296157837,0.16828791797161102,9.499323844909668,0.4000000059604645,1.0
1248,750.0,375.0,75.0,False,True,1,recovered,11.156807899475098,17.893550872802734,14.41154956817627,7.51301908493042,-6.89853048324585,18.5228271484375,4.714757919311523,84.9652328491211,23.581295013427734,0.27754053473472595,-0.07593043148517609,13.705777168273926,0.4000000059604645,1.0,8.206220626831055,18.009340286254883,10.320009231567383,6.665792942047119,-3.6542162895202637,13.316690444946289,6.480027675628662,51.86146545410156,21.714759826660156,0.418707013130188,0.022608155384659767,10.497105598449707,0.20000000298023224,1.0
1249,56.0,104.0,40.0,False,False,0,stable_wrong,9.565805435180664,15.020719528198242,10.495960235595703,8.723488807678223,-1.7724714279174805,14.978940963745117,4.468968391418457,57.52177429199219,18.261049270629883,0.3174632489681244,0.29307490587234497,13.06863784790039,0.4000000059604645,1.0,6.032797813415527,13.975813865661621,7.128414154052734,5.262106418609619,-1.8663077354431152,9.530083656311035,5.116049289703369,37.53057098388672,18.192676544189453,0.4847428798675537,-0.08742834627628326,8.689803123474121,0.20000000298023224,1.0
1250,22.0,22.0,22.0,True,True,0,stable_correct,15.29322338104248,22.803762435913086,18.984094619750977,12.442939758300781,-6.541154861450195,23.97038459777832,9.014862060546875,78.16499328613281,31.22441864013672,0.3994680643081665,0.23006479442119598,17.776674270629883,0.0,1.0,7.8549933433532715,19.525718688964844,11.917452812194824,4.519918441772461,-7.397534370422363,13.28000259399414,7.920233726501465,49.85469436645508,21.735488891601562,0.4359767735004425,0.2601366639137268,9.032580375671387,0.20000000298023224,1.0
1251,30.0,45.0,40.0,False,False,0,stable_wrong,10.243200302124023,17.214187622070312,13.790213584899902,6.867835998535156,-6.922377586364746,17.21487808227539,4.576128959655762,75.96751403808594,20.91023063659668,0.2752522826194763,-0.05776812508702278,12.27112102508545,0.20000000298023224,1.0,9.279635429382324,17.57338523864746,10.948680877685547,7.9400763511657715,-3.0086045265197754,14.613964080810547,5.647487163543701,60.87809753417969,21.016597747802734,0.3452242910861969,-0.01931551657617092,12.659592628479004,0.6000000238418579,1.0
1252,70.0,80.0,70.0,False,True,1,recovered,10.242573738098145,14.09094524383545,11.047111511230469,8.744635581970215,-2.302475929260254,15.642833709716797,3.793262481689453,84.00621795654297,22.28397560119629,0.2652657926082611,-0.04220135137438774,14.870619773864746,0.4000000059604645,1.0,7.864082336425781,16.10507583618164,9.501908302307129,6.674903392791748,-2.827004909515381,12.609519004821777,5.312839031219482,47.836238861083984,20.99225425720215,0.4388357996940613,-0.09063611179590225,10.102211952209473,0.0,1.0
1253,120.0,120.0,20.0,True,False,-1,regressed,14.957002639770508,20.054107666015625,16.101343154907227,14.036225318908691,-2.065117835998535,23.121009826660156,3.6838977336883545,112.02877044677734,29.91350746154785,0.26701629161834717,-0.05955439805984497,21.65941047668457,0.4000000059604645,1.0,8.226739883422852,17.673160552978516,11.173213958740234,5.352628707885742,-5.820585250854492,13.642322540283203,6.390686511993408,56.775428771972656,19.542715072631836,0.34421077370643616,0.06429612636566162,9.990396499633789,0.20000000298023224,1.0
1254,30.0,30.0,30.0,True,True,0,stable_correct,14.741318702697754,21.109617233276367,15.042445182800293,14.581068992614746,-0.4613761901855469,22.577232360839844,4.747369766235352,113.16978454589844,29.418933868408203,0.25995397567749023,-0.13780537247657776,22.09502410888672,0.4000000059604645,1.0,8.441832542419434,17.19263458251953,10.867369651794434,6.486076831817627,-4.381292819976807,13.64772891998291,5.967127323150635,55.5211067199707,21.039859771728516,0.3789524435997009,-0.09585735946893692,10.547173500061035,0.20000000298023224,1.0
1255,12.0,12.0,13.0,True,False,-1,regressed,11.980179786682129,14.91291332244873,14.77492904663086,9.346785545349121,-5.428143501281738,19.10841941833496,3.9366941452026367,87.70891571044922,18.408634185791016,0.20988327264785767,-0.0705011710524559,15.913668632507324,0.4000000059604645,1.0,9.09381103515625,17.05297088623047,11.451054573059082,6.94219446182251,-4.508860111236572,15.003850936889648,4.588791847229004,75.86419677734375,21.666440963745117,0.2855950891971588,-0.41825518012046814,11.55654525756836,0.4000000059604645,1.0
1256,15.0,15.0,15.0,True,True,0,stable_correct,11.831724166870117,15.6399564743042,12.103421211242676,11.513069152832031,-0.5903520584106445,18.178695678710938,3.5026817321777344,87.98844909667969,23.5975284576416,0.2681889235973358,0.024111729115247726,17.120065689086914,0.4000000059604645,1.0,7.513159275054932,15.37557315826416,8.657069206237793,6.338970184326172,-2.318099021911621,12.193305015563965,5.258463382720947,46.62489700317383,18.007762908935547,0.3862263262271881,0.1626051813364029,9.882139205932617,0.4000000059604645,1.0
1257,14.0,14.0,14.0,True,True,0,stable_correct,13.908625602722168,20.430072784423828,16.573442459106445,10.941493034362793,-5.631949424743652,22.944746017456055,6.676881790161133,92.6904525756836,23.996789932250977,0.2588917016983032,0.19222155213356018,16.83548927307129,0.4000000059604645,1.0,8.223238945007324,20.367170333862305,11.926471710205078,5.175268650054932,-6.7512030601501465,13.569326400756836,8.397476196289062,49.291587829589844,22.66051483154297,0.4597237706184387,0.22505421936511993,9.579935073852539,0.20000000298023224,1.0
1258,60.0,60.0,60.0,True,True,0,stable_correct,11.107575416564941,18.515213012695312,14.4436616897583,8.304413795471191,-6.139247894287109,18.28643035888672,4.868433475494385,86.82476806640625,23.84063148498535,0.2745833098888397,-0.09954334795475006,13.907100677490234,0.20000000298023224,1.0,9.245019912719727,20.09381675720215,11.182587623596191,7.774488925933838,-3.4080986976623535,14.919316291809082,7.444488048553467,65.52101135253906,22.4988956451416,0.34338444471359253,-0.13346627354621887,12.085484504699707,0.6000000238418579,1.0
1259,7200.0,7200.0,7200.0,True,True,0,stable_correct,13.17908000946045,19.125635147094727,14.61728572845459,11.1207275390625,-3.49655818939209,20.743093490600586,4.269719123840332,104.1989517211914,27.564626693725586,0.264538437128067,-0.06768686324357986,18.167997360229492,0.20000000298023224,1.0,8.571044921875,17.207103729248047,10.794943809509277,6.2326812744140625,-4.562262535095215,13.770801544189453,6.523154258728027,55.120147705078125,18.460559844970703,0.3349149227142334,0.15957701206207275,10.69809627532959,0.4000000059604645,1.0
1260,5.0,5.0,5.0,True,True,0,stable_correct,14.3036470413208,19.320011138916016,15.690342903137207,12.210792541503906,-3.479550361633301,22.843109130859375,6.726879119873047,101.23845672607422,21.760183334350586,0.2149398922920227,0.13470256328582764,18.0950870513916,0.6000000238418579,1.0,6.89501953125,18.055110931396484,10.162545204162598,4.183291912078857,-5.97925329208374,11.675819396972656,7.3149919509887695,45.46913146972656,20.596675872802734,0.45298150181770325,0.1570766568183899,8.051257133483887,0.4000000059604645,1.0
1261,235.0,185.0,235.0,False,True,1,recovered,13.173161506652832,18.12539291381836,16.0828914642334,10.326552391052246,-5.756339073181152,20.855716705322266,4.759104251861572,91.38018035888672,23.56256866455078,0.25785207748413086,-0.05009819194674492,17.669443130493164,0.20000000298023224,1.0,12.449801445007324,21.16136932373047,14.4329195022583,9.702503204345703,-4.730416297912598,20.136672973632812,6.1237592697143555,86.1472396850586,27.706565856933594,0.3216187357902527,-0.10701914876699448,15.699877738952637,0.4000000059604645,1.0
1262,12.0,30.0,12.0,False,True,1,recovered,11.829169273376465,21.97989845275879,14.249916076660156,10.04943561553955,-4.2004804611206055,18.566761016845703,6.591064929962158,95.20777893066406,27.256460189819336,0.2862839698791504,-0.19671161472797394,16.98134422302246,0.20000000298023224,1.0,8.401488304138184,17.16290855407715,10.557183265686035,6.834135055541992,-3.723048210144043,13.454713821411133,5.981317520141602,53.686973571777344,19.996475219726562,0.3724641799926758,-0.18265032768249512,10.90428638458252,0.0,1.0
1263,500.0,640.0,580.0,False,False,0,stable_wrong,12.639646530151367,19.570533752441406,14.440903663635254,11.405072212219238,-3.0358314514160156,19.653018951416016,4.968042373657227,90.81109619140625,26.251502990722656,0.28907814621925354,-0.09651313722133636,18.137428283691406,0.4000000059604645,1.0,8.90968132019043,17.27507972717285,10.707772254943848,7.958250522613525,-2.7495217323303223,14.578839302062988,5.4031291007995605,62.02682113647461,21.535385131835938,0.34719473123550415,-0.08373333513736725,11.317501068115234,0.6000000238418579,1.0
1264,210.0,175.0,120.0,False,False,0,stable_wrong,10.999855995178223,19.20472526550293,15.362086296081543,7.5902557373046875,-7.7718305587768555,18.27926254272461,5.91685152053833,75.24844360351562,24.48097801208496,0.3253353536128998,-0.12818443775177002,12.897522926330566,0.0,1.0,9.892022132873535,17.62166976928711,12.102662086486816,7.731098175048828,-4.371563911437988,15.461240768432617,5.692569255828857,66.0921630859375,21.73626708984375,0.32887813448905945,0.04938415810465813,13.956830024719238,0.4000000059604645,1.0
1265,36.0,26.0,30.0,False,False,0,stable_wrong,9.433293342590332,15.25809097290039,11.970471382141113,7.102713108062744,-4.867758274078369,15.243851661682129,4.6325249671936035,60.48221206665039,16.24209213256836,0.2685433030128479,0.1924550086259842,12.059093475341797,0.20000000298023224,1.0,6.565634727478027,14.953786849975586,7.765348434448242,5.55219030380249,-2.213158130645752,10.664766311645508,5.384976863861084,41.754432678222656,18.601512908935547,0.44549793004989624,0.022876668721437454,8.670605659484863,0.0,1.0
1266,147.0,147.0,147.0,True,True,0,stable_correct,15.319058418273926,20.10774040222168,18.317825317382812,12.865139961242676,-5.452685356140137,24.110471725463867,4.629638195037842,115.92498016357422,27.612049102783203,0.2381889522075653,-0.13223934173583984,21.485811233520508,0.6000000238418579,1.0,10.221285820007324,18.24205780029297,14.228317260742188,6.763041973114014,-7.465275287628174,16.648679733276367,6.670593738555908,72.37718963623047,22.446073532104492,0.31012633442878723,-0.1895737648010254,12.49807357788086,0.4000000059604645,1.0
1267,40.0,80.0,80.0,False,False,0,stable_wrong,14.254176139831543,20.246641159057617,16.0579776763916,12.052879333496094,-4.005098342895508,22.16514778137207,4.326236724853516,114.91793823242188,28.260663986206055,0.24592038989067078,-0.16661623120307922,20.36262321472168,0.20000000298023224,1.0,8.834230422973633,17.74882698059082,11.790209770202637,6.28463888168335,-5.505570888519287,14.386468887329102,6.531307220458984,56.340328216552734,21.018356323242188,0.37306058406829834,0.06748826801776886,10.844386100769043,0.20000000298023224,1.0
1268,20.0,20.0,20.0,True,True,0,stable_correct,12.595947265625,17.142093658447266,13.55615520477295,11.46983814239502,-2.0863170623779297,19.171979904174805,3.386129856109619,98.20455932617188,26.599262237548828,0.2708556652069092,-0.09204863756895065,19.041847229003906,0.4000000059604645,1.0,7.182658672332764,15.884361267089844,9.200512886047363,4.932657241821289,-4.267855644226074,11.490921974182129,6.353614807128906,45.301368713378906,16.959318161010742,0.3743665814399719,0.3234952986240387,9.506976127624512,0.4000000059604645,1.0
1269,54.0,234.0,156.0,False,False,0,stable_wrong,11.820548057556152,19.260652542114258,15.892383575439453,8.391951560974121,-7.500432014465332,18.79681396484375,7.063232421875,66.80461883544922,23.98084831237793,0.35896992683410645,0.20444123446941376,14.368480682373047,0.0,1.0,7.507580757141113,18.62218475341797,10.057875633239746,5.080306529998779,-4.977569103240967,12.540781021118164,7.221527099609375,47.162994384765625,21.336997985839844,0.4524097442626953,0.13616728782653809,8.821327209472656,0.20000000298023224,1.0
1270,3528.0,3360.0,3360.0,False,False,0,stable_wrong,11.269200325012207,15.692875862121582,12.451817512512207,10.542471885681152,-1.9093456268310547,17.948184967041016,3.818073272705078,80.88774871826172,21.246543884277344,0.2626670300960541,-0.009930628351867199,14.971104621887207,0.4000000059604645,1.0,8.671244621276855,16.766427993774414,10.311028480529785,7.5887885093688965,-2.7222399711608887,14.423410415649414,5.044250011444092,62.77238845825195,20.490127563476562,0.3264194428920746,-0.2681778073310852,10.684154510498047,0.4000000059604645,1.0
1271,43.0,43.0,43.0,True,True,0,stable_correct,13.416967391967773,17.369691848754883,15.90829849243164,11.031603813171387,-4.876694679260254,21.327316284179688,4.3644256591796875,95.449462890625,24.008466720581055,0.2515306770801544,-0.0544048435986042,17.875715255737305,0.20000000298023224,1.0,10.112311363220215,17.789522171020508,13.363640785217285,7.820358753204346,-5.5432820320129395,16.25583839416504,5.50791072845459,70.16960906982422,22.97045135498047,0.32735612988471985,-0.016434812918305397,13.315402030944824,0.4000000059604645,1.0
1272,296.0,296.0,296.0,True,True,0,stable_correct,13.605844497680664,19.307395935058594,15.979667663574219,11.525965690612793,-4.453701972961426,21.222675323486328,4.588470935821533,92.47817993164062,27.29827880859375,0.2951861619949341,0.05773291736841202,19.186370849609375,0.20000000298023224,1.0,7.692563533782959,14.780977249145508,8.624115943908691,6.735702991485596,-1.8884129524230957,12.49460506439209,4.809995651245117,59.02528381347656,18.2502498626709,0.30919376015663147,-0.3908511996269226,10.181252479553223,0.4000000059604645,1.0
1273,27.0,29.0,27.0,False,True,1,recovered,9.208772659301758,15.296285629272461,12.702323913574219,5.951374053955078,-6.750949859619141,15.263365745544434,4.616028785705566,66.51808166503906,20.09412384033203,0.30208513140678406,-0.011186683550477028,11.214335441589355,0.0,1.0,7.393195629119873,17.26593780517578,9.980484008789062,5.741235256195068,-4.239248752593994,12.137521743774414,6.375742435455322,48.17656707763672,20.7454833984375,0.43061357736587524,0.19473861157894135,9.414149284362793,0.6000000238418579,1.0
1274,38.0,26.0,26.0,False,False,0,stable_wrong,10.476232528686523,20.663663864135742,13.202662467956543,8.099162101745605,-5.1035003662109375,16.68317222595215,6.298823833465576,74.32115173339844,27.708738327026367,0.37282440066337585,0.03072897531092167,14.643855094909668,0.4000000059604645,1.0,7.875328063964844,15.528630256652832,9.39769458770752,6.828399658203125,-2.5692949295043945,12.204156875610352,5.446104049682617,43.06855392456055,20.06134605407715,0.46580031514167786,0.2738548815250397,10.847712516784668,0.0,1.0
1275,16.0,16.2,17.0,False,False,0,stable_wrong,14.817506790161133,19.513071060180664,16.380735397338867,13.186055183410645,-3.1946802139282227,23.319435119628906,3.6547656059265137,117.66936492919922,27.515138626098633,0.23383434116840363,-0.28856632113456726,20.535266876220703,0.20000000298023224,1.0,9.296409606933594,18.294206619262695,13.070045471191406,6.329046726226807,-6.7409987449646,15.238140106201172,6.467673301696777,63.6184196472168,21.374513626098633,0.3359799385070801,0.023394454270601273,11.717402458190918,0.20000000298023224,1.0
1276,70.0,70.0,70.0,True,True,0,stable_correct,10.601479530334473,21.51470947265625,13.754725456237793,8.746903419494629,-5.007822036743164,16.396167755126953,7.641788482666016,56.34396743774414,30.95893669128418,0.5494632124900818,0.3296051621437073,14.843475341796875,0.0,1.0,5.889393329620361,15.424259185791016,8.143202781677246,3.890512466430664,-4.252690315246582,9.574411392211914,6.630340576171875,32.615806579589844,17.95201873779297,0.5504085421562195,0.3702978193759918,6.705018997192383,0.20000000298023224,1.0
1277,48.0,48.0,32.0,True,False,-1,regressed,10.554326057434082,15.517242431640625,12.581469535827637,8.592501640319824,-3.9889678955078125,16.542139053344727,3.2808187007904053,84.77330780029297,23.297443389892578,0.2748205065727234,-0.28408363461494446,15.019000053405762,0.4000000059604645,1.0,7.409947872161865,16.99085807800293,9.999053955078125,5.589540958404541,-4.409512996673584,12.044053077697754,6.3597025871276855,46.796817779541016,20.07659339904785,0.42901620268821716,0.11791007220745087,9.421128273010254,0.20000000298023224,1.0
1278,665.0,655.0,675.0,False,False,0,stable_wrong,11.681970596313477,19.46967315673828,11.805339813232422,8.962702751159668,-2.842637062072754,18.69987678527832,6.518862247467041,100.19595336914062,22.382856369018555,0.22339081764221191,-0.06785687059164047,15.429499626159668,0.20000000298023224,1.0,7.278831481933594,19.459192276000977,9.986422538757324,5.153688907623291,-4.832733631134033,12.055830001831055,8.12074089050293,45.80807876586914,22.22905921936035,0.4852650463581085,0.29624471068382263,8.608860969543457,0.6000000238418579,1.0
1279,180.0,172.0,180.0,False,True,1,recovered,9.840422630310059,15.680819511413574,12.23144245147705,7.419416904449463,-4.812025547027588,16.268808364868164,4.133204460144043,73.43854522705078,17.56695556640625,0.2392062097787857,-0.03513578325510025,12.267620086669922,0.20000000298023224,1.0,8.565995216369629,17.206401824951172,10.233017921447754,7.157664775848389,-3.0753531455993652,14.090917587280273,5.536635875701904,56.35823059082031,21.635299682617188,0.3838889002799988,0.0008004605770111084,10.458885192871094,0.20000000298023224,1.0
1280,7.0,7.0,7.0,True,True,0,stable_correct,13.434579849243164,20.59796905517578,17.5374755859375,9.77741527557373,-7.7600603103637695,21.901525497436523,7.643951416015625,78.62081146240234,23.55837631225586,0.2996455430984497,0.31474095582962036,15.738662719726562,0.0,1.0,7.778266429901123,17.95945930480957,11.023066520690918,5.174732208251953,-5.848334312438965,12.91226863861084,6.904921054840088,44.93926239013672,19.895111083984375,0.44271111488342285,0.35188379883766174,9.113242149353027,0.20000000298023224,1.0
1281,20.0,20.0,20.0,True,True,0,stable_correct,14.45032024383545,20.758630752563477,16.485321044921875,12.969826698303223,-3.5154943466186523,22.610942840576172,4.3930253982543945,103.99456024169922,30.57541275024414,0.2940097451210022,-0.15323485434055328,20.40576171875,0.20000000298023224,1.0,8.369672775268555,17.4317569732666,9.8617525100708,6.349595546722412,-3.5121569633483887,13.846078872680664,5.961181640625,60.56261444091797,20.10809326171875,0.332021564245224,-0.031912002712488174,10.517474174499512,0.4000000059604645,1.0
1282,12.0,14.0,12.0,False,True,1,recovered,14.101508140563965,19.762706756591797,17.657289505004883,11.04509449005127,-6.612195014953613,22.158090591430664,5.28373908996582,101.67530059814453,28.016902923583984,0.2755526900291443,-0.0026236996054649353,19.89349365234375,0.0,1.0,10.960638046264648,18.45345115661621,12.667686462402344,8.932214736938477,-3.735471725463867,17.953641891479492,5.438100814819336,79.97069549560547,19.977371215820312,0.2498086392879486,-0.06671124696731567,13.490328788757324,0.4000000059604645,1.0
1283,60.0,60.0,60.0,True,True,0,stable_correct,14.313810348510742,17.39189338684082,15.702518463134766,12.36520004272461,-3.3373184204101562,22.104999542236328,3.531930923461914,107.57756042480469,22.50699806213379,0.20921647548675537,-0.11814626306295395,20.893585205078125,0.4000000059604645,1.0,10.420928955078125,18.280759811401367,12.626164436340332,8.111856460571289,-4.514307975769043,16.993478775024414,4.4701409339904785,82.75468444824219,24.20789909362793,0.2925260365009308,-0.3658784031867981,13.351166725158691,0.20000000298023224,1.0
1284,25.0,20.0,35.0,False,False,0,stable_wrong,10.067483901977539,16.494770050048828,12.7843656539917,7.062282085418701,-5.722083568572998,16.617603302001953,4.570255279541016,65.9442367553711,20.853776931762695,0.3162335157394409,0.1213301569223404,12.056702613830566,0.20000000298023224,1.0,8.44307804107666,16.74114418029785,10.2438325881958,6.535476207733154,-3.7083563804626465,13.915593147277832,5.429981708526611,60.441650390625,19.656476974487305,0.32521408796310425,-0.1883857101202011,10.592602729797363,0.4000000059604645,1.0
1285,1218.0,1148.0,1248.0,False,False,0,stable_wrong,10.944915771484375,20.813777923583984,12.909615516662598,8.097579002380371,-4.812036514282227,18.110689163208008,6.458273887634277,84.57145690917969,26.886693954467773,0.3179168701171875,-0.03435797244310379,13.287360191345215,0.20000000298023224,1.0,8.15625,21.274261474609375,11.54172420501709,5.310533046722412,-6.231191158294678,13.421875,8.96854305267334,49.49673080444336,24.083812713623047,0.48657381534576416,0.3249872326850891,9.427163124084473,0.6000000238418579,1.0
1286,105.0,105.0,155.0,True,False,-1,regressed,14.410215377807617,20.19232749938965,17.397491455078125,11.94448184967041,-5.453009605407715,21.980300903320312,4.912540912628174,107.20551300048828,29.58302116394043,0.27594682574272156,-0.16150712966918945,22.187347412109375,0.20000000298023224,1.0,9.765828132629395,21.59238052368164,13.29465389251709,7.04661226272583,-6.24804162979126,15.680487632751465,7.790097713470459,63.046451568603516,27.465057373046875,0.4356320798397064,-0.28422579169273376,12.3959379196167,0.20000000298023224,1.0
1287,84.0,60.0,80.0,False,False,0,stable_wrong,9.731410026550293,14.471701622009277,11.08098316192627,7.662288665771484,-3.418694496154785,15.46537971496582,3.7003724575042725,69.34194946289062,21.162160873413086,0.30518555641174316,0.09259984642267227,13.119969367980957,0.20000000298023224,1.0,6.371903896331787,15.507803916931152,8.457195281982422,4.931783199310303,-3.525412082672119,10.286423683166504,6.151106834411621,36.19169616699219,18.99281883239746,0.5247839093208313,0.22668012976646423,7.809802532196045,0.20000000298023224,1.0
1288,34.0,30.0,360.0,False,False,0,stable_wrong,12.96946907043457,18.88677406311035,15.747553825378418,11.044901847839355,-4.7026519775390625,20.743738174438477,4.254387378692627,93.12191009521484,24.0089111328125,0.2578223645687103,-0.11807916313409805,17.230682373046875,0.0,1.0,9.819684982299805,19.088144302368164,12.140812873840332,7.722013473510742,-4.41879940032959,16.0155029296875,5.937498569488525,68.6432113647461,22.852371215820312,0.3329152464866638,0.025022557005286217,12.411101341247559,0.4000000059604645,1.0
1289,101.0,101.0,101.0,True,True,0,stable_correct,14.065030097961426,19.642292022705078,16.500680923461914,12.123454093933105,-4.377226829528809,21.551490783691406,4.860738277435303,103.81917572021484,27.39742660522461,0.2638956308364868,-0.16336794197559357,21.3651065826416,0.20000000298023224,1.0,9.6075439453125,17.73293685913086,12.326408386230469,7.377810001373291,-4.948598384857178,15.846281051635742,5.068108558654785,68.44534301757812,21.42503547668457,0.31302401423454285,-0.2930634319782257,11.703551292419434,0.4000000059604645,1.0
1290,90.0,90.0,90.0,True,True,0,stable_correct,12.549646377563477,20.1787166595459,14.859965324401855,10.660157203674316,-4.199808120727539,19.738868713378906,5.066497325897217,89.42964935302734,26.67734718322754,0.2983053922653198,-0.03734326735138893,17.773359298706055,0.20000000298023224,1.0,8.93157958984375,17.92505645751953,12.181304931640625,5.956487655639648,-6.224817276000977,14.98902702331543,5.857795715332031,64.3726806640625,21.102434158325195,0.32781660556793213,-0.23714494705200195,10.59831714630127,0.20000000298023224,1.0
1291,27.0,27.0,27.0,True,True,0,stable_correct,14.429153442382812,20.398548126220703,18.015575408935547,11.312370300292969,-6.703205108642578,23.916858673095703,7.047781944274902,95.16022491455078,21.99338722229004,0.2311195433139801,0.12006300687789917,17.35226821899414,0.20000000298023224,1.0,7.678044319152832,18.041473388671875,10.889568328857422,4.977906703948975,-5.911661624908447,12.685601234436035,7.040524005889893,48.49468231201172,20.177583694458008,0.41607826948165894,0.26119938492774963,9.430432319641113,0.20000000298023224,1.0
1292,67.0,67.0,67.0,True,True,0,stable_correct,12.762797355651855,18.053234100341797,13.947333335876465,11.837897300720215,-2.10943603515625,19.46660614013672,3.5019145011901855,98.59107971191406,26.76968765258789,0.2715224027633667,-0.0988641083240509,19.34996795654297,0.4000000059604645,1.0,8.202947616577148,18.59524917602539,11.65310001373291,4.812984466552734,-6.840115547180176,13.874507904052734,6.692311763763428,56.472774505615234,21.371435165405273,0.3784378468990326,-0.008608443662524223,9.795111656188965,0.4000000059604645,1.0
1293,140000.0,140000.0,140000.0,True,True,0,stable_correct,9.730332374572754,14.833876609802246,11.165752410888672,6.976985931396484,-4.1887664794921875,15.70944595336914,4.493570804595947,79.80410766601562,21.12673568725586,0.2647324204444885,-0.04124832525849342,12.5669584274292,0.4000000059604645,1.0,7.765561580657959,18.380952835083008,9.890880584716797,5.765727519989014,-4.125153064727783,12.940866470336914,6.79460334777832,49.1118049621582,20.997961044311523,0.42755424976348877,0.135050430893898,9.453717231750488,0.20000000298023224,1.0
1294,36.0,48.0,36.0,False,True,1,recovered,10.96726131439209,16.378826141357422,13.876765251159668,8.918238639831543,-4.958526611328125,16.9824275970459,5.223303318023682,66.13404083251953,24.331024169921875,0.3679046928882599,0.06066824868321419,15.011432647705078,0.0,1.0,9.317608833312988,16.97466278076172,10.615081787109375,8.292496681213379,-2.322585105895996,15.227666854858398,4.674759387969971,71.60200500488281,22.330753326416016,0.31187328696250916,-0.2841717600822449,11.785008430480957,0.20000000298023224,1.0
1295,2.0,1.0,1.0,False,False,0,stable_wrong,12.811004638671875,19.145368576049805,16.035390853881836,10.191402435302734,-5.843988418579102,20.75763702392578,4.882943153381348,97.12176513671875,24.31951141357422,0.2504022717475891,-0.07462888211011887,16.72720718383789,0.4000000059604645,1.0,10.096150398254395,19.60772705078125,13.176241874694824,7.72970724105835,-5.446534633636475,16.498632431030273,6.19156551361084,72.18560791015625,24.769357681274414,0.3431342840194702,-0.06346146762371063,12.829535484313965,0.20000000298023224,1.0
1296,335.0,335.0,335.0,True,True,0,stable_correct,12.484375,17.325658798217773,14.456863403320312,11.377361297607422,-3.0795021057128906,18.678659439086914,4.81530237197876,84.59269714355469,24.09438133239746,0.28482815623283386,0.11533989757299423,19.503908157348633,0.20000000298023224,1.0,9.592649459838867,15.990387916564941,10.370141983032227,9.13393497467041,-1.2362070083618164,14.906194686889648,5.275049209594727,58.41899871826172,20.573955535888672,0.3521791994571686,0.08310558646917343,13.219685554504395,0.0,1.0
1297,60.0,300.0,460.0,False,False,0,stable_wrong,14.818238258361816,17.987241744995117,16.99502182006836,12.908588409423828,-4.086433410644531,23.111099243164062,3.801964521408081,102.73736572265625,26.30243682861328,0.25601625442504883,-0.12044405937194824,20.53217887878418,0.20000000298023224,1.0,11.962185859680176,21.207029342651367,14.133776664733887,9.737651824951172,-4.396124839782715,19.37872886657715,5.885280609130859,78.4054183959961,28.047494888305664,0.3577239215373993,-0.23017612099647522,14.682368278503418,0.20000000298023224,1.0
1298,31.0,33.75,25.15,False,False,0,stable_wrong,12.23808479309082,16.00192642211914,15.011933326721191,10.353888511657715,-4.658044815063477,18.82083511352539,3.8571970462799072,90.78019714355469,22.553068161010742,0.24843598902225494,-0.23370465636253357,18.249048233032227,0.20000000298023224,1.0,9.680583000183105,19.342824935913086,12.323737144470215,7.7469096183776855,-4.576827526092529,15.608155250549316,6.178958415985107,63.22122573852539,24.12084197998047,0.38153076171875,-0.10985730588436127,12.382217407226562,0.20000000298023224,1.0
1299,13.0,13.0,13.0,True,True,0,stable_correct,12.362021446228027,17.13524627685547,13.679497718811035,11.1012601852417,-2.578237533569336,18.797693252563477,3.381432056427002,97.52741241455078,25.92957305908203,0.2658695876598358,-0.19431094825267792,19.161226272583008,0.20000000298023224,1.0,7.890144348144531,16.356657028198242,10.574398040771484,5.858906269073486,-4.715491771697998,13.074037551879883,5.828737258911133,51.6895751953125,19.15898323059082,0.3706546723842621,0.09366734325885773,9.40501594543457,0.4000000059604645,1.0
1300,120.0,120.0,120.0,True,True,0,stable_correct,11.751588821411133,20.966106414794922,15.17581844329834,8.262836456298828,-6.912981986999512,19.31361961364746,5.711503028869629,89.52845001220703,26.95077133178711,0.3010302484035492,-0.055049777030944824,14.975845336914062,0.20000000298023224,1.0,7.869743824005127,16.430206298828125,9.885237693786621,5.977160930633545,-3.908076763153076,12.850672721862793,5.95266056060791,52.00783920288086,18.363805770874023,0.3530968725681305,0.14605040848255157,9.576094627380371,0.6000000238418579,1.0
1301,23.0,23.0,23.0,True,True,0,stable_correct,9.948674201965332,16.160579681396484,12.68810749053955,7.363919734954834,-5.324187755584717,16.372150421142578,4.380776405334473,67.4742431640625,18.940601348876953,0.2807086110115051,0.11202982813119888,12.241424560546875,0.20000000298023224,1.0,7.934309482574463,14.535362243652344,8.682143211364746,7.261707305908203,-1.420435905456543,12.575665473937988,4.28352165222168,56.257720947265625,19.205459594726562,0.34138354659080505,-0.06258402019739151,11.331284523010254,0.20000000298023224,1.0
1302,72.0,72.0,72.0,True,True,0,stable_correct,12.07822322845459,19.650856018066406,15.18690013885498,9.88774585723877,-5.299154281616211,18.930349349975586,5.846850395202637,83.39762878417969,26.974285125732422,0.32344186305999756,-0.23582085967063904,16.293832778930664,0.0,1.0,6.987772464752197,17.366674423217773,9.08102035522461,4.863184928894043,-4.217835426330566,11.575319290161133,6.61857271194458,48.394309997558594,20.971538543701172,0.4333471953868866,-0.04814343526959419,8.810684204101562,0.20000000298023224,1.0
1303,4.0,2.0,3.0,False,False,0,stable_wrong,10.934892654418945,20.638412475585938,14.588763236999512,8.112704277038574,-6.4760589599609375,18.292007446289062,6.224514007568359,77.8130874633789,24.81765365600586,0.31893932819366455,0.004922625608742237,13.12077808380127,0.20000000298023224,1.0,8.550601959228516,19.515727996826172,10.663971900939941,6.679708957672119,-3.9842629432678223,14.107632637023926,7.052905082702637,55.889163970947266,23.579330444335938,0.42189449071884155,0.008332538418471813,10.533886909484863,0.4000000059604645,1.0
1304,1000.0,1000.0,1000.0,True,True,0,stable_correct,11.49431037902832,16.974201202392578,12.12804889678955,9.033941268920898,-3.0941076278686523,18.254724502563477,4.94608211517334,92.15423583984375,22.52010726928711,0.244374081492424,-0.0028557241894304752,15.341415405273438,0.20000000298023224,1.0,7.971148490905762,18.463895797729492,10.590171813964844,5.47167444229126,-5.118497371673584,13.429817199707031,6.853047847747803,51.58026123046875,20.677494049072266,0.40087997913360596,0.1421094834804535,9.59946060180664,0.20000000298023224,1.0
1305,2325.0,2320.0,2431.0,False,False,0,stable_wrong,13.311392784118652,18.17764663696289,13.768875122070312,11.421008110046387,-2.347867012023926,20.258228302001953,5.7592010498046875,114.3727798461914,26.634031295776367,0.23287037014961243,-0.15815742313861847,19.866357803344727,0.4000000059604645,1.0,8.56572151184082,20.270675659179688,10.933741569519043,6.709913730621338,-4.223827838897705,13.902240753173828,7.861680030822754,56.05168914794922,22.285030364990234,0.39757999777793884,0.22343292832374573,11.218899726867676,0.6000000238418579,1.0
1306,2.0,7.0,7.0,False,False,0,stable_wrong,12.354515075683594,16.906997680664062,14.672196388244629,10.564282417297363,-4.107913970947266,19.986745834350586,3.603402614593506,93.57323455810547,22.71100616455078,0.24270835518836975,-0.1863374412059784,16.0045108795166,0.4000000059604645,1.0,8.791787147521973,18.015487670898438,11.201811790466309,6.494499206542969,-4.70731258392334,14.509917259216309,6.341578006744385,56.041664123535156,21.909364700317383,0.39094778895378113,-0.15127301216125488,10.166916847229004,0.0,1.0
1307,8.0,8.0,8.0,True,True,0,stable_correct,11.376442909240723,16.57088851928711,12.56534194946289,9.452523231506348,-3.112818717956543,17.555683135986328,3.9152419567108154,90.76339721679688,25.959850311279297,0.2860167324542999,-0.048583291471004486,16.60297966003418,0.20000000298023224,1.0,8.455362319946289,17.496126174926758,11.746238708496094,5.556188583374023,-6.19005012512207,13.808692932128906,6.400206089019775,56.979373931884766,19.912050247192383,0.3494606614112854,0.0695868581533432,10.579843521118164,0.20000000298023224,1.0
1308,30.0,30.0,30.0,True,True,0,stable_correct,14.936545372009277,22.237438201904297,18.46222496032715,11.582650184631348,-6.879574775695801,24.09400749206543,9.019254684448242,88.89586639404297,24.793397903442383,0.2789038419723511,0.23860275745391846,18.274829864501953,0.20000000298023224,1.0,7.672999858856201,17.982223510742188,10.91523265838623,4.864726543426514,-6.050506114959717,12.669439315795898,7.339215278625488,43.57129669189453,19.553668975830078,0.4487740993499756,0.26254287362098694,8.694293022155762,0.20000000298023224,1.0
1309,2280.0,2250.0,1970.0,False,False,0,stable_wrong,10.504544258117676,17.417879104614258,12.149775505065918,9.3649263381958,-2.784849166870117,15.662219047546387,4.88356351852417,65.14749145507812,25.606388092041016,0.3930525481700897,0.11537492275238037,16.828800201416016,0.0,1.0,8.09232234954834,17.157135009765625,9.865456581115723,6.952919006347656,-2.9125375747680664,12.872221946716309,6.113801002502441,49.71683120727539,21.190710067749023,0.4262281060218811,0.042755771428346634,10.895594596862793,0.20000000298023224,1.0
1310,64.0,8.0,8.0,False,False,0,stable_wrong,9.219416618347168,16.198217391967773,12.601941108703613,5.662378311157227,-6.939562797546387,15.402769088745117,4.816859722137451,66.46475982666016,20.814754486083984,0.31316977739334106,0.044506534934043884,11.265101432800293,0.0,1.0,7.42787504196167,16.32596206665039,9.760838508605957,5.232455730438232,-4.528382778167725,12.041949272155762,6.145984172821045,49.69600296020508,18.68859100341797,0.3760582208633423,0.11708643287420273,9.693246841430664,0.20000000298023224,1.0
1311,594.0,204.0,206.0,False,False,0,stable_wrong,10.3872652053833,15.279884338378906,12.845325469970703,7.977575302124023,-4.86775016784668,16.69038963317871,4.230140209197998,67.0484390258789,20.16622543334961,0.30077099800109863,0.09502967447042465,13.208782196044922,0.0,1.0,7.588592529296875,17.79941749572754,10.755534172058105,4.62986421585083,-6.125669956207275,12.766753196716309,6.693127155303955,51.405799865722656,19.989696502685547,0.3888607323169708,0.04926988482475281,8.907546997070312,0.0,1.0
1312,180.0,300.0,180.0,False,True,1,recovered,11.770759582519531,18.845239639282227,14.120320320129395,9.317524909973145,-4.80279541015625,18.673587799072266,4.68290901184082,98.11248016357422,25.47416877746582,0.25964248180389404,-0.1888558566570282,16.028772354125977,0.20000000298023224,1.0,8.89876651763916,17.68600845336914,11.248542785644531,7.003283977508545,-4.245258808135986,14.764819145202637,5.675416946411133,64.56673431396484,20.68754768371582,0.32040566205978394,-0.14130839705467224,10.863353729248047,0.4000000059604645,1.0
1313,2.0,2.5,2.5,False,False,0,stable_wrong,12.586407661437988,16.961267471313477,14.1796293258667,11.667508125305176,-2.5121212005615234,19.556148529052734,4.458840847015381,81.25387573242188,25.360082626342773,0.31210920214653015,0.05321379750967026,17.286420822143555,0.0,1.0,9.456900596618652,20.63740348815918,11.927912712097168,7.8135085105896,-4.114404201507568,15.11491584777832,7.460498809814453,59.198692321777344,25.177350997924805,0.4253024756908417,0.24094519019126892,12.946324348449707,0.20000000298023224,1.0
1314,8.0,20.0,21.0,False,False,0,stable_wrong,11.194350242614746,17.112117767333984,14.292956352233887,8.462920188903809,-5.830036163330078,18.266996383666992,4.151688575744629,87.19181060791016,22.808486938476562,0.26158979535102844,-0.12584924697875977,14.383323669433594,0.20000000298023224,1.0,8.19451904296875,16.040149688720703,11.151406288146973,5.85769510269165,-5.293711185455322,13.537109375,5.246949672698975,65.27865600585938,18.82915496826172,0.2884427607059479,-0.5569738745689392,10.101468086242676,0.0,1.0
1315,5.0,5.0,5.0,True,True,0,stable_correct,12.407471656799316,16.718074798583984,13.648913383483887,11.500118255615234,-2.1487951278686523,18.812223434448242,3.5164144039154053,93.46340942382812,25.259998321533203,0.27026617527008057,-0.12548372149467468,19.139747619628906,0.20000000298023224,1.0,8.762943267822266,16.740764617919922,10.422022819519043,7.3815765380859375,-3.0404462814331055,14.289826393127441,5.551220417022705,56.819766998291016,19.894702911376953,0.35013699531555176,0.08958560228347778,11.033286094665527,0.4000000059604645,1.0
1316,230.0,230.0,230.0,True,True,0,stable_correct,14.285196304321289,22.48674964904785,17.949552536010742,11.49014663696289,-6.459405899047852,22.082517623901367,6.896015167236328,94.67008972167969,31.723506927490234,0.3350953459739685,-0.1053662896156311,20.436914443969727,0.20000000298023224,1.0,10.165407180786133,18.259933471679688,13.05213451385498,7.475138187408447,-5.576996326446533,16.877277374267578,5.351844310760498,77.96597290039062,21.38641929626465,0.2743045389652252,-0.31116795539855957,12.3624267578125,0.4000000059604645,1.0
1317,5.0,15.0,10.0,False,False,0,stable_wrong,12.217033386230469,19.481582641601562,14.1978178024292,10.866416931152344,-3.3314008712768555,19.193546295166016,4.336898326873779,96.2567138671875,26.799711227416992,0.2784191370010376,-0.13438911736011505,17.386430740356445,0.4000000059604645,1.0,8.500868797302246,20.950218200683594,12.029017448425293,5.679846286773682,-6.349171161651611,14.089414596557617,8.59340763092041,56.029598236083984,22.522907257080078,0.40198230743408203,-0.011388289742171764,10.3606538772583,0.4000000059604645,1.0
1318,14.0,14.0,14.0,True,True,0,stable_correct,13.389389038085938,17.471755981445312,15.820327758789062,10.235081672668457,-5.5852460861206055,21.965063095092773,5.941889762878418,92.49935150146484,18.988651275634766,0.20528414845466614,0.15732529759407043,16.425905227661133,0.4000000059604645,1.0,9.044840812683105,17.283653259277344,11.477459907531738,6.286409854888916,-5.191050052642822,14.794387817382812,5.97408390045166,56.2553825378418,18.140541076660156,0.3224676549434662,0.1531592309474945,11.038729667663574,0.20000000298023224,1.0
